order_id,customer_id,product_id,order_date,quantity,status
O500000,C101064,P2279,11/28/2023,1,completed
O500001,C100016,P2041,03/31/2023,1,completed
O500002,C100394,P2009,02/14/2023,3,completed
O500003,C101456,P2065,02/01/2023,1,completed
O500004,C101496,P2077,06/17/2023,1,completed
O500005,C100565,P2187,11/25/2023,5,completed
O500006,C101426,P2151,07/11/2023,1,cancelled
O500007,C101406,P2273,02/20/2023,2,completed
O500008,C100795,P2055,08/08/2023,5,returned
O500009,C101022,P2089,10/18/2023,2,completed
O500010,C101133,P2153,06/15/2023,3,completed
O500011,C101428,P2136,07/02/2023,1,completed
O500012,C100000,P2219,06/17/2023,1,completed
O500013,C100257,P2239,01/12/2023,4,completed
O500014,C100871,P2056,07/21/2023,2,completed
O500015,C101185,P2081,12/23/2023,1,returned
O500016,C100255,P2144,09/09/2023,1,completed
O500017,C100176,P2091,12/03/2023,5,returned
O500018,C101180,P2296,01/29/2023,3,completed
O500019,C100434,P2290,12/10/2023,1,completed
O500020,C101114,P2231,07/06/2023,1,returned
O500021,C100674,P2158,05/07/2023,2,completed
O500022,C101171,P2095,04/20/2023,5,completed
O500023,C100463,P2133,11/13/2023,2,completed
O500024,C101428,P2021,09/05/2023,4,completed
O500025,C100224,P2165,03/21/2023,3,completed
O500026,C101276,P2005,12/15/2023,4,completed
O500027,C101393,P2086,11/17/2023,3,completed
O500028,C101221,P2171,11/04/2023,1,completed
O500029,C100362,P2124,02/12/2023,5,returned
O500030,C100453,P2231,05/07/2023,1,completed
O500031,C101178,P2099,03/17/2023,4,completed
O500032,C100577,P2095,05/20/2023,2,completed
O500033,C100470,P2155,07/22/2023,5,completed
O500034,C100787,P2130,08/06/2023,4,completed
O500035,C100744,P2052,12/07/2023,3,completed
O500036,C100505,P2190,05/31/2023,1,completed
O500037,C101222,P2044,09/28/2023,1,completed
O500038,C101358,P2099,08/22/2023,3,cancelled
O500039,C101200,P2124,09/13/2023,4,completed
O500040,C101230,P2191,01/30/2023,3,completed
O500041,C100424,P2082,03/12/2023,5,completed
O500042,C101147,P2213,05/01/2023,5,completed
O500043,C100026,P2020,03/07/2023,3,completed
O500044,C101044,P2277,01/03/2023,2,completed
O500045,C100328,P2147,06/27/2023,1,completed
O500046,C100904,P2068,08/02/2023,3,completed
O500047,C101022,P2291,06/04/2023,5,completed
O500048,C101313,P2262,02/26/2023,1,cancelled
O500049,C100776,P2054,11/07/2023,4,completed
O500050,C101159,P2282,01/04/2023,1,completed
O500051,C101171,P2142,05/18/2023,1,cancelled
O500052,C100432,P2080,08/09/2023,1,completed
O500053,C100552,P2162,08/07/2023,1,completed
O500054,C101138,P2015,09/19/2023,2,completed
O500055,C101309,P2001,09/12/2023,3,completed
O500056,C100704,P2041,04/26/2023,4,completed
O500057,C101480,P2206,08/04/2023,5,completed
O500058,C100350,P2062,04/18/2023,4,completed
O500059,C100763,P2261,10/20/2023,4,completed
O500060,C100037,P2145,05/31/2023,4,completed
O500061,C100184,P2185,03/23/2023,1,completed
O500062,C100409,P2056,03/29/2023,4,completed
O500063,C100013,P2069,02/27/2023,5,completed
O500064,C101316,P2233,08/17/2023,4,completed
O500065,C101102,P2099,11/26/2023,1,completed
O500066,C100182,P2175,06/24/2023,2,completed
O500067,C101106,P2269,11/03/2023,3,cancelled
O500068,C100441,P2269,12/27/2023,4,completed
O500069,C100719,P2254,04/12/2023,3,cancelled
O500070,C100111,P2277,03/08/2023,1,completed
O500071,C100642,P2156,01/10/2023,5,completed
O500072,C100475,P2252,09/08/2023,2,completed
O500073,C100584,P2111,01/02/2023,2,completed
O500074,C100259,P2299,01/11/2023,4,completed
O500075,C101166,P2229,08/07/2023,5,returned
O500076,C100269,P2064,10/09/2023,2,completed
O500077,C100176,P2015,07/30/2023,1,completed
O500078,C101122,P2131,12/10/2023,4,completed
O500079,C100647,P2147,10/29/2023,5,completed
O500080,C100133,P9999,06/27/2023,1,returned
O500081,C100269,P2022,06/30/2023,3,cancelled
O500082,C100817,P2294,10/28/2023,3,completed
O500083,C101025,P2198,04/02/2023,5,completed
O500084,C101250,P2210,11/09/2023,5,completed
O500085,C100764,P2208,06/30/2023,5,cancelled
O500086,C100282,P2025,06/14/2023,3,completed
O500087,C100284,P2043,02/03/2023,1,returned
O500088,C101423,P2173,09/04/2023,3,completed
O500089,C100569,P2105,06/22/2023,3,cancelled
O500090,C100572,P2230,07/11/2023,1,returned
O500091,C100899,P2043,02/06/2023,2,completed
O500092,C100110,P2019,02/14/2023,1,completed
O500093,C101020,P2072,08/30/2023,2,completed
O500094,C100236,P2147,02/10/2023,3,completed
O500095,C100281,P2165,01/15/2023,1,cancelled
O500096,C100290,P2255,06/07/2023,5,completed
O500097,C100597,P2174,09/11/2023,3,completed
O500098,C100524,P2241,09/23/2023,3,completed
O500099,C101339,P2136,04/06/2023,3,completed
O500100,C100279,P2249,12/12/2023,5,completed
O500101,C100356,P2190,06/22/2023,1,completed
O500102,C100893,P2224,01/27/2023,2,completed
O500103,C100055,P2165,04/10/2023,2,completed
O500104,C100821,P2237,04/20/2023,3,completed
O500105,C101321,P2031,11/01/2023,1,completed
O500106,C100240,P2066,08/09/2023,2,completed
O500107,C100549,P2051,12/10/2023,2,completed
O500108,C100296,P2037,09/05/2023,2,completed
O500109,C100308,P2054,10/28/2023,5,completed
O500110,C100589,P2111,10/28/2023,2,completed
O500111,C100258,P2159,04/01/2023,5,returned
O500112,C101019,P2264,03/06/2023,2,completed
O500113,C100801,P2046,07/24/2023,3,completed
O500114,C100195,P2073,05/30/2023,1,completed
O500115,C100079,P2209,06/17/2023,1,completed
O500116,C101394,P2186,08/20/2023,4,completed
O500117,C100503,P2166,01/18/2023,2,cancelled
O500118,C101173,P2131,07/06/2023,2,completed
O500119,C100238,P2030,04/27/2023,1,completed
O500120,C100184,P2145,08/11/2023,3,cancelled
O500121,C100269,P2218,07/07/2023,5,completed
O500122,C100763,P2016,03/10/2023,1,completed
O500123,C100127,P2057,05/17/2023,3,completed
O500124,C100579,P2099,05/21/2023,2,completed
O500125,C100108,P2204,01/27/2023,1,completed
O500126,C100578,P2106,09/18/2023,4,cancelled
O500127,C100289,P2073,03/24/2023,3,completed
O500128,C101072,P2173,11/13/2023,3,completed
O500129,C100489,P2185,11/27/2023,2,completed
O500130,C100985,P2044,06/20/2023,3,completed
O500131,C100145,P2085,11/02/2023,3,completed
O500132,C100066,P2263,07/22/2023,1,completed
O500133,C100088,P2223,12/26/2023,5,returned
O500134,C100712,P2243,09/23/2023,3,completed
O500135,C101273,P2188,07/06/2023,1,completed
O500136,C100430,P2034,09/06/2023,2,completed
O500137,C101052,P2236,09/13/2023,4,completed
O500138,C100826,P2219,10/01/2023,3,completed
O500139,C100644,P2114,12/15/2023,1,completed
O500140,C100876,P2074,05/21/2023,5,completed
O500141,C100024,P2114,10/13/2023,2,returned
O500142,C100993,P2195,07/06/2023,3,completed
O500143,C100620,P2211,06/18/2023,1,completed
O500144,C100311,P2214,09/11/2023,1,returned
O500145,C101274,P2028,12/16/2023,4,completed
O500146,C100142,P2272,08/15/2023,3,completed
O500147,C100719,P2128,05/24/2023,4,completed
O500148,C100045,P2074,09/11/2023,3,completed
O500149,C100049,P2134,09/11/2023,1,completed
O500150,C100719,P2229,01/09/2023,2,completed
O500151,C101248,P2271,01/30/2023,4,completed
O500152,C100686,P2027,06/15/2023,1,completed
O500153,C100614,P2188,01/08/2023,4,completed
O500154,C100860,P2173,02/22/2023,3,completed
O500155,C101424,P2104,03/04/2023,1,completed
O500156,C100209,P2100,07/11/2023,5,cancelled
O500157,C100343,P2250,10/17/2023,5,completed
O500158,C100156,P2210,03/29/2023,2,completed
O500159,C100499,P2191,01/10/2023,5,completed
O500160,C100802,P2016,08/18/2023,4,completed
O500161,C100834,P2139,01/27/2023,3,completed
O500162,C100590,P2120,12/27/2023,3,completed
O500163,C100474,P2134,01/28/2023,4,returned
O500164,C100429,P2104,06/26/2023,1,completed
O500165,C100791,P2126,02/03/2023,2,completed
O500166,C100573,P2070,01/31/2023,4,completed
O500167,C100167,P2272,11/29/2023,3,completed
O500168,C100979,P2080,09/04/2023,1,completed
O500169,C100507,P2292,01/04/2023,5,cancelled
O500170,C100508,P2269,07/27/2023,4,completed
O500171,C101132,P2121,05/21/2023,1,completed
O500172,C100848,P2277,10/14/2023,5,completed
O500173,C101134,P2263,09/17/2023,3,completed
O500174,C100703,P2226,08/29/2023,2,cancelled
O500175,C100859,P2220,04/12/2023,2,completed
O500176,C100359,P2158,01/20/2023,2,completed
O500177,C100278,P2162,08/13/2023,5,completed
O500178,C100249,P2029,02/09/2023,1,completed
O500179,C100280,P2198,08/09/2023,1,completed
O500180,C101490,P2258,04/30/2023,5,completed
O500181,C100300,P2240,03/25/2023,3,completed
O500182,C100026,P2264,01/14/2023,3,completed
O500183,C100704,P2279,01/24/2023,2,completed
O500184,C100030,P2230,12/03/2023,4,completed
O500185,C101021,P2227,11/20/2023,3,completed
O500186,C100512,P2289,11/24/2023,5,completed
O500187,C101238,P2048,11/26/2023,1,cancelled
O500188,C101386,P2076,10/13/2023,1,cancelled
O500189,C101210,P2100,01/23/2023,4,completed
O500190,C100837,P2036,12/02/2023,2,completed
O500191,C100490,P2279,03/17/2023,1,returned
O500192,C100138,P2037,09/10/2023,4,completed
O500193,C101387,P2218,06/21/2023,4,returned
O500194,C100029,P2023,07/30/2023,4,completed
O500195,C101316,P2010,11/30/2023,1,completed
O500196,C100310,P2059,01/30/2023,1,returned
O500197,C100465,P2187,01/21/2023,4,completed
O500198,C101409,P2001,07/26/2023,2,completed
O500199,C100425,P2240,07/06/2023,4,completed
O500200,C100782,P2022,08/01/2023,4,completed
O500201,C100874,P2067,10/09/2023,3,completed
O500202,C100164,P2232,12/11/2023,1,cancelled
O500203,C101082,P2069,10/13/2023,3,completed
O500204,C101470,P2025,08/03/2023,4,completed
O500205,C100686,P2199,10/20/2023,4,completed
O500206,C100774,P2168,11/10/2023,3,cancelled
O500207,C100224,P2090,03/24/2023,2,completed
O500208,C100836,P2265,05/15/2023,3,returned
O500209,C100019,P2163,03/10/2023,4,returned
O500210,C101217,P2252,10/15/2023,2,completed
O500211,C100989,P2129,02/22/2023,4,completed
O500212,C100735,P2128,01/19/2023,1,cancelled
O500213,C101313,P2143,03/20/2023,3,completed
O500214,C100930,P2082,06/15/2023,2,completed
O500215,C101051,P2124,07/16/2023,3,cancelled
O500216,C101364,P2227,08/25/2023,4,returned
O500217,C100206,P2050,06/07/2023,4,returned
O500218,C100888,P2028,08/12/2023,2,completed
O500219,C101018,P2148,01/26/2023,1,returned
O500220,C100857,P2193,01/16/2023,2,completed
O500221,C100267,P2123,06/04/2023,2,completed
O500222,C100535,P2005,02/21/2023,3,returned
O500223,C101155,P2171,05/03/2023,5,returned
O500224,C101491,P2079,07/11/2023,2,returned
O500225,C101406,P2084,06/24/2023,1,completed
O500226,C100279,P2039,12/09/2023,3,completed
O500227,C100553,P2030,10/07/2023,5,completed
O500228,C100512,P2042,12/05/2023,5,completed
O500229,C100973,P2186,01/18/2023,4,completed
O500230,C100341,P2126,08/25/2023,1,completed
O500231,C100636,P2019,02/17/2023,2,completed
O500232,C100470,P2229,12/22/2023,5,completed
O500233,C100529,P2139,05/24/2023,3,returned
O500234,C100240,P2276,10/14/2023,2,returned
O500235,C100574,P2114,04/30/2023,1,completed
O500236,C100762,P2091,04/18/2023,4,completed
O500237,C101413,P2125,11/07/2023,4,completed
O500238,C100131,P2103,05/01/2023,1,completed
O500239,C101090,P2083,02/14/2023,2,completed
O500240,C100521,P2276,08/08/2023,3,completed
O500241,C101272,P2014,09/13/2023,1,returned
O500242,C100925,P2234,07/05/2023,2,completed
O500243,C100315,P2052,07/20/2023,2,completed
O500244,C101291,P2231,09/19/2023,5,completed
O500245,C101342,P2161,08/02/2023,1,completed
O500246,C100192,P2025,12/13/2023,5,completed
O500247,C100193,P2232,04/26/2023,4,completed
O500248,C100912,P2250,04/10/2023,2,returned
O500249,C100446,P2002,02/06/2023,3,completed
O500250,C101096,P2068,10/03/2023,2,cancelled
O500251,C101204,P2007,04/06/2023,2,completed
O500252,C100727,P2256,07/11/2023,3,completed
O500253,C100053,P2291,07/08/2023,1,completed
O500254,C100600,P2197,10/03/2023,4,completed
O500255,C101024,P2249,02/05/2023,2,completed
O500256,C101396,P2080,09/12/2023,5,completed
O500257,C101395,P2078,03/02/2023,5,completed
O500258,C100516,P2260,01/24/2023,5,completed
O500259,C100705,P2079,09/29/2023,5,returned
O500260,C100291,P2140,05/15/2023,5,completed
O500261,C101289,P2015,03/14/2023,2,returned
O500262,C101264,P2231,03/12/2023,2,completed
O500263,C101001,P2034,02/18/2023,3,completed
O500264,C100580,P2233,10/06/2023,1,cancelled
O500265,C101478,P2161,08/13/2023,2,completed
O500266,C101202,P2030,01/08/2023,1,completed
O500267,C101386,P2264,01/06/2023,2,completed
O500268,C100765,P2226,04/21/2023,5,completed
O500269,C101207,P2264,01/08/2023,5,completed
O500270,C100200,P2164,09/24/2023,2,completed
O500271,C101476,P2121,02/08/2023,1,completed
O500272,C101018,P2040,06/10/2023,5,completed
O500273,C100983,P2287,08/27/2023,5,completed
O500274,C100849,P2076,12/17/2023,5,completed
O500275,C100879,P2170,01/17/2023,2,completed
O500276,C100818,P2064,11/05/2023,1,completed
O500277,C100907,P2234,07/05/2023,4,completed
O500278,C100825,P2050,06/11/2023,3,completed
O500279,C100297,P2110,07/11/2023,2,returned
O500280,C100710,P2170,06/12/2023,4,completed
O500281,C101426,P2259,06/05/2023,3,completed
O500282,C101475,P2202,12/08/2023,2,completed
O500283,C101498,P2042,06/09/2023,1,completed
O500284,C101257,P2088,02/05/2023,1,completed
O500285,C100005,P2094,08/03/2023,5,completed
O500286,C100991,P2052,01/28/2023,3,returned
O500287,C100033,P2157,04/17/2023,5,completed
O500288,C100510,P2243,04/18/2023,5,completed
O500289,C100658,P2271,02/08/2023,1,completed
O500290,C101121,P2129,02/14/2023,5,completed
O500291,C100849,P2043,12/09/2023,2,completed
O500292,C100106,P2174,02/26/2023,3,completed
O500293,C101251,P2107,04/12/2023,3,completed
O500294,C100178,P2179,05/22/2023,4,completed
O500295,C100938,P2267,10/08/2023,5,completed
O500296,C100124,P2227,12/18/2023,2,completed
O500297,C100726,P2252,04/10/2023,3,completed
O500298,C101395,P2203,08/21/2023,4,completed
O500299,C100260,P2034,06/29/2023,3,completed
O500300,C100647,P2015,07/17/2023,2,cancelled
O500301,C100807,P2153,07/30/2023,1,cancelled
O500302,C100829,P2170,06/23/2023,4,completed
O500303,C100070,P2121,08/22/2023,3,completed
O500304,C101332,P2105,01/20/2023,1,completed
O500305,C100510,P2205,05/29/2023,3,completed
O500306,C100757,P2197,03/28/2023,5,completed
O500307,C100049,P2190,03/20/2023,4,completed
O500308,C100342,P2196,05/31/2023,4,completed
O500309,C100241,P2181,06/04/2023,5,completed
O500310,C101076,P2018,07/31/2023,1,completed
O500311,C101470,P2117,02/03/2023,1,completed
O500312,C101352,P2161,08/13/2023,5,completed
O500313,C100053,P2118,09/06/2023,5,completed
O500314,C100700,P2058,04/29/2023,5,completed
O500315,C100889,P2023,08/16/2023,3,completed
O500316,C101281,P2202,12/05/2023,4,cancelled
O500317,C101105,P2181,11/04/2023,2,completed
O500318,C101072,P2040,08/08/2023,4,completed
O500319,C101210,P2024,02/19/2023,4,cancelled
O500320,C101078,P2199,11/07/2023,5,completed
O500321,C101273,P2212,01/14/2023,5,completed
O500322,C101246,P2296,02/19/2023,4,completed
O500323,C101199,P2251,12/16/2023,4,completed
O500324,C101401,P2104,09/04/2023,5,completed
O500325,C100579,P2215,09/06/2023,1,cancelled
O500326,C100836,P2088,11/08/2023,5,returned
O500327,C100256,P2160,09/02/2023,3,completed
O500328,C100187,P2231,10/05/2023,4,completed
O500329,C100716,P2186,01/19/2023,2,completed
O500330,C100840,P2082,05/11/2023,4,completed
O500331,C100496,P2205,12/21/2023,2,completed
O500332,C101201,P2172,10/07/2023,4,returned
O500333,C100411,P2097,02/16/2023,5,returned
O500334,C100912,P2019,09/29/2023,3,completed
O500335,C100669,P2104,11/08/2023,4,cancelled
O500336,C100915,P2280,04/09/2023,5,completed
O500337,C101074,P2168,05/19/2023,4,completed
O500338,C101174,P2232,08/01/2023,1,completed
O500339,C100061,P2297,04/02/2023,5,completed
O500340,C100405,P2176,07/30/2023,1,completed
O500341,C101000,P2296,01/05/2023,4,completed
O500342,C100155,P2178,04/19/2023,3,completed
O500343,C100150,P2056,02/22/2023,5,completed
O500344,C100898,P2245,09/08/2023,4,completed
O500345,C100654,P2256,09/03/2023,3,cancelled
O500346,C100562,P2180,07/30/2023,5,completed
O500347,C100123,P2030,06/03/2023,1,completed
O500348,C100439,P2214,08/18/2023,4,completed
O500349,C100618,P2020,08/19/2023,5,completed
O500350,C100825,P2110,04/15/2023,2,completed
O500351,C100679,P2281,10/17/2023,3,completed
O500352,C101449,P2294,01/03/2023,1,completed
O500353,C100106,P2148,08/14/2023,5,returned
O500354,C101176,P2209,04/30/2023,1,returned
O500355,C101308,P2151,01/01/2023,5,completed
O500356,C101043,P2125,02/20/2023,5,completed
O500357,C100197,P2138,05/14/2023,5,completed
O500358,C100493,P2159,02/17/2023,1,cancelled
O500359,C100966,P2092,03/14/2023,2,completed
O500360,C100985,P2120,04/29/2023,5,completed
O500361,C100055,P2119,06/03/2023,3,completed
O500362,C100184,P2033,12/12/2023,2,completed
O500363,C100597,P2006,09/21/2023,1,completed
O500364,C101194,P2062,03/26/2023,1,completed
O500365,C100998,P2291,04/14/2023,1,completed
O500366,C100046,P2003,10/19/2023,3,completed
O500367,C100930,P2288,05/12/2023,4,completed
O500368,C100526,P2175,03/12/2023,3,completed
O500369,C101417,P2246,03/21/2023,3,cancelled
O500370,C100065,P2116,01/02/2023,2,completed
O500371,C100959,P2078,12/26/2023,1,completed
O500372,C101033,P2160,09/04/2023,4,completed
O500373,C101464,P2260,05/15/2023,1,returned
O500374,C100898,P2230,02/01/2023,3,cancelled
O500375,C101474,P2224,02/06/2023,2,completed
O500376,C100223,P2144,02/14/2023,1,completed
O500377,C101321,P2122,05/22/2023,5,completed
O500378,C100956,P2064,03/30/2023,2,completed
O500379,C100647,P2102,01/01/2023,2,completed
O500380,C100199,P2177,10/21/2023,2,completed
O500381,C101323,P2031,07/31/2023,1,completed
O500382,C100433,P2250,09/17/2023,5,returned
O500383,C101424,P2132,01/27/2023,5,completed
O500384,C101422,P2170,09/07/2023,4,completed
O500385,C101219,P2078,02/04/2023,3,returned
O500386,C100938,P2228,12/22/2023,2,completed
O500387,C101378,P2211,05/29/2023,2,completed
O500388,C100024,P2015,04/08/2023,4,returned
O500389,C100558,P2010,04/03/2023,4,completed
O500390,C101208,P2006,08/13/2023,4,completed
O500391,C101394,P2098,08/02/2023,4,completed
O500392,C101387,P2015,06/29/2023,5,completed
O500393,C101170,P2206,06/28/2023,5,completed
O500394,C101323,P2106,05/11/2023,1,completed
O500395,C101048,P2166,11/14/2023,2,completed
O500396,C101127,P2146,12/29/2023,1,completed
O500397,C100568,P2153,04/21/2023,1,completed
O500398,C100307,P2204,02/08/2023,5,completed
O500399,C100306,P2266,06/14/2023,5,completed
O500400,C100836,P2219,04/27/2023,3,completed
O500401,C100372,P2295,10/19/2023,2,cancelled
O500402,C101374,P2016,10/11/2023,3,completed
O500403,C100720,P2029,09/06/2023,1,completed
O500404,C100331,P2295,03/30/2023,3,completed
O500405,C100396,P2083,05/26/2023,1,returned
O500406,C100144,P2198,03/27/2023,3,completed
O500407,C101120,P2187,09/11/2023,4,completed
O500408,C100139,P2095,11/30/2023,1,cancelled
O500409,C101225,P2255,03/23/2023,1,completed
O500410,C101336,P2263,07/03/2023,1,completed
O500411,C100627,P2237,12/30/2023,3,completed
O500412,C100642,P2001,12/27/2023,2,completed
O500413,C101204,P2176,02/23/2023,2,completed
O500414,C101191,P2035,08/01/2023,2,completed
O500415,C101496,P2004,02/28/2023,4,completed
O500416,C100580,P2280,09/12/2023,4,completed
O500417,C100788,P2081,01/23/2023,5,completed
O500418,C100574,P2207,09/24/2023,3,completed
O500419,C100117,P2012,02/11/2023,3,completed
O500420,C100016,P2140,09/12/2023,5,completed
O500421,C101168,P2047,12/30/2023,5,returned
O500422,C101308,P2034,05/17/2023,5,completed
O500423,C100021,P2173,04/12/2023,5,completed
O500424,C100249,P2048,01/09/2023,1,completed
O500425,C100949,P2211,12/22/2023,4,completed
O500426,C100139,P2181,02/18/2023,5,completed
O500427,C100202,P2193,09/18/2023,3,cancelled
O500428,C100246,P2205,06/28/2023,3,completed
O500429,C100545,P2196,05/01/2023,3,completed
O500430,C100176,P2239,10/01/2023,2,completed
O500431,C100632,P2070,03/23/2023,2,returned
O500432,C100895,P2003,06/28/2023,4,completed
O500433,C100153,P9999,03/17/2023,4,completed
O500434,C101173,P2060,04/26/2023,5,completed
O500435,C100741,P2128,12/07/2023,1,completed
O500436,C100198,P2190,09/01/2023,2,completed
O500437,C101245,P2199,11/25/2023,2,completed
O500438,C101211,P2166,03/27/2023,1,completed
O500439,C100167,P2011,11/02/2023,4,returned
O500440,C100409,P2075,01/28/2023,3,returned
O500441,C100950,P2150,08/30/2023,4,completed
O500442,C101287,P2057,09/28/2023,3,completed
O500443,C100821,P2167,06/13/2023,1,completed
O500444,C100455,P2299,09/04/2023,5,completed
O500445,C100932,P2061,08/25/2023,5,completed
O500446,C100369,P2224,08/08/2023,2,completed
O500447,C100427,P2039,02/05/2023,2,completed
O500448,C101171,P2114,06/26/2023,2,completed
O500449,C100708,P2152,04/07/2023,1,completed
O500450,C100414,P2126,01/26/2023,4,completed
O500451,C101125,P2161,04/08/2023,4,completed
O500452,C100596,P2057,01/16/2023,3,completed
O500453,C101069,P2182,10/02/2023,1,completed
O500454,C101432,P2157,01/18/2023,4,completed
O500455,C100687,P2154,01/14/2023,5,completed
O500456,C100476,P2180,06/11/2023,2,completed
O500457,C100571,P2102,01/31/2023,4,cancelled
O500458,C100584,P2024,05/14/2023,5,completed
O500459,C100068,P2286,10/05/2023,2,completed
O500460,C100668,P2283,11/20/2023,3,completed
O500461,C101499,P2077,08/11/2023,1,returned
O500462,C101356,P2132,08/16/2023,4,completed
O500463,C100160,P2272,09/09/2023,1,returned
O500464,C101394,P9999,09/02/2023,3,cancelled
O500465,C100134,P2205,12/22/2023,4,completed
O500466,C100621,P2262,09/08/2023,5,completed
O500467,C101179,P2242,08/04/2023,5,completed
O500468,C100066,P2081,01/07/2023,3,completed
O500469,C101310,P2197,11/21/2023,2,returned
O500470,C100095,P2019,02/25/2023,5,completed
O500471,C101173,P2077,03/05/2023,2,completed
O500472,C101449,P2068,08/24/2023,5,returned
O500473,C101002,P2017,05/26/2023,1,completed
O500474,C100451,P2176,05/08/2023,2,completed
O500475,C101197,P2016,05/27/2023,4,completed
O500476,C100082,P2007,01/11/2023,2,completed
O500477,C100435,P2109,07/30/2023,1,completed
O500478,C101325,P2058,09/13/2023,3,completed
O500479,C101040,P2256,03/28/2023,2,completed
O500480,C100407,P2178,11/10/2023,1,completed
O500481,C100764,P2232,03/31/2023,4,completed
O500482,C100907,P2284,12/24/2023,4,completed
O500483,C100949,P2068,07/06/2023,3,completed
O500484,C101309,P2182,03/31/2023,1,completed
O500485,C101292,P2261,03/16/2023,1,completed
O500486,C100598,P2234,10/01/2023,1,completed
O500487,C101453,P2215,01/15/2023,3,completed
O500488,C100096,P2036,08/01/2023,5,completed
O500489,C100029,P2193,06/12/2023,2,completed
O500490,C100142,P2212,07/29/2023,3,completed
O500491,C100394,P9999,11/09/2023,1,completed
O500492,C101081,P2047,09/30/2023,3,completed
O500493,C101457,P2112,05/03/2023,4,completed
O500494,C101185,P2167,07/27/2023,4,cancelled
O500495,C100853,P2101,01/16/2023,4,completed
O500496,C101001,P2157,12/10/2023,2,completed
O500497,C100558,P2070,11/06/2023,1,completed
O500498,C100456,P2216,09/26/2023,1,completed
O500499,C100333,P2091,04/29/2023,4,completed
O500500,C101008,P2070,03/04/2023,2,completed
O500501,C101274,P2096,04/18/2023,3,completed
O500502,C101377,P2094,01/12/2023,3,cancelled
O500503,C100590,P2164,07/29/2023,1,completed
O500504,C100012,P2286,12/27/2023,2,completed
O500505,C101237,P2061,05/05/2023,4,completed
O500506,C100807,P2154,12/28/2023,5,completed
O500507,C101467,P2228,08/31/2023,4,completed
O500508,C101227,P2190,03/08/2023,4,completed
O500509,C100351,P2155,10/20/2023,2,completed
O500510,C101107,P2119,05/11/2023,2,completed
O500511,C101456,P2030,02/18/2023,4,completed
O500512,C100131,P2066,11/04/2023,5,completed
O500513,C100637,P2263,01/10/2023,4,completed
O500514,C101069,P2111,11/23/2023,5,completed
O500515,C101025,P2145,10/30/2023,5,completed
O500516,C100523,P2279,10/25/2023,4,completed
O500517,C100955,P2145,07/23/2023,5,completed
O500518,C100917,P2058,09/11/2023,4,completed
O500519,C101370,P2133,08/04/2023,1,returned
O500520,C100538,P2022,07/17/2023,2,completed
O500521,C101089,P2147,10/08/2023,1,completed
O500522,C101241,P2091,10/29/2023,4,completed
O500523,C100117,P2075,06/29/2023,2,completed
O500524,C100086,P2283,01/02/2023,3,cancelled
O500525,C100910,P2242,06/20/2023,4,completed
O500526,C100870,P2068,04/26/2023,2,completed
O500527,C101291,P2223,07/01/2023,5,completed
O500528,C100694,P2282,11/19/2023,3,completed
O500529,C100402,P2181,11/06/2023,1,completed
O500530,C101432,P2145,06/16/2023,4,completed
O500531,C101488,P2184,10/26/2023,4,completed
O500532,C100152,P2220,09/07/2023,3,completed
O500533,C100672,P2068,07/04/2023,3,completed
O500534,C101108,P2025,12/15/2023,2,completed
O500535,C101066,P2151,01/26/2023,1,returned
O500536,C100494,P2225,08/15/2023,2,completed
O500537,C100193,P2283,03/02/2023,5,completed
O500538,C101049,P2268,11/22/2023,1,completed
O500539,C101341,P2188,05/30/2023,1,completed
O500540,C100155,P2051,08/11/2023,4,completed
O500541,C101323,P2249,12/31/2023,5,completed
O500542,C100316,P2110,10/13/2023,5,completed
O500543,C101005,P2164,08/24/2023,1,completed
O500544,C100177,P2162,01/25/2023,2,completed
O500545,C101481,P2152,06/13/2023,3,completed
O500546,C101425,P2101,10/14/2023,4,completed
O500547,C101436,P2245,02/03/2023,2,completed
O500548,C101457,P2207,06/16/2023,5,completed
O500549,C100968,P2248,12/05/2023,4,returned
O500550,C101432,P2204,04/27/2023,4,completed
O500551,C100391,P2104,10/11/2023,2,completed
O500552,C101420,P2276,05/21/2023,4,completed
O500553,C100831,P2136,07/01/2023,5,completed
O500554,C100743,P2246,08/02/2023,5,cancelled
O500555,C101442,P2219,05/30/2023,3,cancelled
O500556,C100889,P2274,11/22/2023,3,completed
O500557,C100108,P2263,07/10/2023,3,returned
O500558,C100368,P2226,09/01/2023,5,completed
O500559,C101441,P2013,01/17/2023,4,completed
O500560,C100207,P2108,11/26/2023,4,completed
O500561,C100564,P2143,09/15/2023,3,completed
O500562,C100930,P2193,03/11/2023,3,completed
O500563,C101322,P2107,12/23/2023,5,completed
O500564,C101091,P2200,10/30/2023,3,completed
O500565,C101369,P2239,11/01/2023,2,completed
O500566,C100851,P2162,05/10/2023,2,completed
O500567,C101311,P2106,04/12/2023,4,completed
O500568,C100098,P9999,04/04/2023,1,completed
O500569,C100008,P2044,09/08/2023,1,cancelled
O500570,C100440,P2216,06/24/2023,1,completed
O500571,C100031,P2286,10/20/2023,3,completed
O500572,C101394,P2167,04/20/2023,2,returned
O500573,C100277,P2203,04/19/2023,1,completed
O500574,C100869,P2254,09/18/2023,5,returned
O500575,C101285,P2112,10/09/2023,1,completed
O500576,C100636,P2180,12/11/2023,1,completed
O500577,C101026,P2104,07/01/2023,3,completed
O500578,C100865,P2283,05/11/2023,5,completed
O500579,C101034,P2053,12/24/2023,1,completed
O500580,C100456,P2110,09/30/2023,5,completed
O500581,C101150,P2125,12/02/2023,5,completed
O500582,C100668,P2250,04/08/2023,3,completed
O500583,C100217,P2046,03/19/2023,5,completed
O500584,C101210,P2198,08/23/2023,4,completed
O500585,C101035,P2249,08/05/2023,1,completed
O500586,C100648,P2020,08/29/2023,5,completed
O500587,C101467,P2282,10/10/2023,4,cancelled
O500588,C101439,P2175,01/04/2023,5,completed
O500589,C100691,P2090,09/01/2023,1,completed
O500590,C100040,P2112,03/29/2023,3,completed
O500591,C101198,P2118,04/23/2023,4,completed
O500592,C100317,P2123,06/27/2023,1,completed
O500593,C100626,P2049,04/15/2023,5,cancelled
O500594,C100981,P2266,09/17/2023,5,returned
O500595,C100669,P2081,03/15/2023,2,completed
O500596,C100607,P2097,04/04/2023,3,completed
O500597,C101434,P2181,06/11/2023,2,completed
O500598,C100409,P2124,05/13/2023,1,cancelled
O500599,C101361,P2249,04/01/2023,5,completed
O500600,C100526,P2283,03/18/2023,1,completed
O500601,C100222,P2181,05/21/2023,3,completed
O500602,C101049,P2239,08/16/2023,4,completed
O500603,C100209,P2020,08/03/2023,4,completed
O500604,C101247,P2285,05/15/2023,5,completed
O500605,C100780,P2048,05/24/2023,3,completed
O500606,C101030,P2287,05/01/2023,5,completed
O500607,C100333,P2058,02/21/2023,3,completed
O500608,C101064,P2241,08/03/2023,3,cancelled
O500609,C101361,P2297,02/23/2023,5,completed
O500610,C100873,P2033,02/07/2023,3,cancelled
O500611,C100741,P2208,10/22/2023,5,completed
O500612,C100175,P2181,05/04/2023,3,completed
O500613,C101337,P2239,04/10/2023,5,cancelled
O500614,C101043,P2207,09/03/2023,1,completed
O500615,C101036,P2070,09/30/2023,2,completed
O500616,C101119,P2036,11/24/2023,5,returned
O500617,C100802,P2152,08/18/2023,3,returned
O500618,C101364,P2075,05/22/2023,4,completed
O500619,C100201,P2179,12/05/2023,4,returned
O500620,C101125,P2155,04/01/2023,5,completed
O500621,C101460,P2277,02/22/2023,4,completed
O500622,C100845,P2029,08/22/2023,4,completed
O500623,C101408,P2223,09/30/2023,5,completed
O500624,C100089,P2172,07/07/2023,1,completed
O500625,C100131,P2161,04/24/2023,4,completed
O500626,C101094,P2225,06/22/2023,5,completed
O500627,C100782,P2101,06/03/2023,5,completed
O500628,C101431,P2109,10/06/2023,2,returned
O500629,C100344,P2095,06/19/2023,4,completed
O500630,C100031,P2202,07/23/2023,2,completed
O500631,C101040,P2083,11/29/2023,2,completed
O500632,C101022,P2277,10/04/2023,1,completed
O500633,C101355,P2037,09/28/2023,5,completed
O500634,C101143,P2153,07/17/2023,3,cancelled
O500635,C100216,P2225,04/26/2023,5,completed
O500636,C100700,P2055,11/09/2023,2,completed
O500637,C101476,P2072,10/23/2023,3,completed
O500638,C101194,P2282,05/21/2023,3,completed
O500639,C100498,P2080,04/14/2023,4,cancelled
O500640,C100470,P2129,10/24/2023,1,completed
O500641,C101213,P2273,04/06/2023,5,completed
O500642,C100061,P2172,07/10/2023,4,completed
O500643,C100106,P2224,02/24/2023,3,returned
O500644,C101160,P2008,10/21/2023,4,completed
O500645,C100083,P2094,10/09/2023,5,completed
O500646,C101097,P2205,10/21/2023,3,completed
O500647,C101128,P2229,07/12/2023,4,completed
O500648,C101410,P2005,11/20/2023,1,completed
O500649,C100037,P2255,04/18/2023,4,completed
O500650,C101264,P2068,02/02/2023,2,completed
O500651,C100649,P2187,03/29/2023,2,completed
O500652,C100101,P2126,04/05/2023,2,completed
O500653,C101188,P2103,09/22/2023,2,completed
O500654,C101270,P2062,05/15/2023,2,completed
O500655,C100839,P2110,06/15/2023,2,completed
O500656,C101314,P2030,02/02/2023,2,completed
O500657,C101389,P2231,11/07/2023,2,completed
O500658,C101138,P2281,05/21/2023,1,completed
O500659,C100932,P2211,03/08/2023,3,returned
O500660,C101044,P2036,09/21/2023,4,completed
O500661,C101375,P2191,08/18/2023,4,completed
O500662,C101132,P2178,01/22/2023,2,completed
O500663,C100524,P2042,05/05/2023,4,completed
O500664,C101093,P2165,12/24/2023,4,cancelled
O500665,C101428,P2277,06/03/2023,2,completed
O500666,C100849,P2217,04/05/2023,1,completed
O500667,C100082,P2146,01/14/2023,5,cancelled
O500668,C100730,P2085,01/01/2023,2,completed
O500669,C101448,P2025,07/04/2023,4,completed
O500670,C100960,P2120,12/30/2023,3,returned
O500671,C100561,P2109,09/04/2023,1,completed
O500672,C100632,P2198,04/25/2023,5,completed
O500673,C101023,P2156,12/12/2023,1,completed
O500674,C100644,P2251,04/27/2023,4,returned
O500675,C101340,P2273,05/09/2023,2,cancelled
O500676,C101003,P2137,06/28/2023,4,completed
O500677,C100910,P2281,11/22/2023,1,completed
O500678,C101011,P2196,11/07/2023,3,completed
O500679,C100390,P2008,01/24/2023,3,completed
O500680,C100844,P2007,07/18/2023,1,completed
O500681,C101428,P2240,02/23/2023,3,completed
O500682,C100159,P2009,05/08/2023,5,returned
O500683,C100734,P2035,12/15/2023,5,returned
O500684,C101277,P2098,11/29/2023,3,returned
O500685,C100417,P2209,07/29/2023,3,completed
O500686,C101130,P2290,08/26/2023,5,completed
O500687,C101384,P2263,08/23/2023,5,completed
O500688,C100735,P2286,08/10/2023,5,completed
O500689,C101451,P2200,05/22/2023,4,completed
O500690,C101491,P2012,03/07/2023,5,completed
O500691,C100651,P2064,01/17/2023,5,completed
O500692,C100605,P2079,01/03/2023,1,cancelled
O500693,C100962,P2093,09/15/2023,2,completed
O500694,C100180,P2193,10/31/2023,4,completed
O500695,C101478,P2259,05/13/2023,2,completed
O500696,C101101,P2040,05/13/2023,3,completed
O500697,C101250,P2230,12/30/2023,2,returned
O500698,C100671,P2104,08/12/2023,3,completed
O500699,C101371,P2115,02/01/2023,4,completed
O500700,C101142,P2040,04/13/2023,4,completed
O500701,C101013,P2276,10/09/2023,1,completed
O500702,C100203,P2024,01/24/2023,4,completed
O500703,C100391,P2048,01/15/2023,4,cancelled
O500704,C101306,P2042,02/12/2023,4,completed
O500705,C100758,P2296,11/28/2023,5,completed
O500706,C101220,P2042,06/15/2023,4,completed
O500707,C101044,P2209,04/22/2023,1,completed
O500708,C100888,P2221,03/28/2023,4,completed
O500709,C100701,P2179,02/14/2023,5,completed
O500710,C100387,P2284,07/29/2023,2,completed
O500711,C101349,P2275,04/12/2023,1,completed
O500712,C100265,P2189,02/18/2023,3,completed
O500713,C101283,P2254,11/08/2023,4,cancelled
O500714,C100784,P2247,05/13/2023,1,completed
O500715,C101380,P2038,10/22/2023,1,returned
O500716,C100648,P2102,06/15/2023,4,cancelled
O500717,C101220,P2247,06/06/2023,4,completed
O500718,C100177,P2075,03/10/2023,5,completed
O500719,C100927,P2049,03/05/2023,2,completed
O500720,C100959,P2175,04/03/2023,4,completed
O500721,C100470,P2070,07/03/2023,4,completed
O500722,C100185,P2038,11/27/2023,5,cancelled
O500723,C101470,P2085,04/29/2023,4,completed
O500724,C100392,P2294,11/14/2023,1,returned
O500725,C100271,P2015,11/07/2023,4,completed
O500726,C101138,P2015,04/27/2023,2,completed
O500727,C101032,P2217,04/12/2023,2,completed
O500728,C101094,P2025,03/28/2023,4,completed
O500729,C101256,P2219,11/26/2023,1,returned
O500730,C100001,P2118,10/24/2023,3,returned
O500731,C100996,P2272,01/30/2023,4,completed
O500732,C100773,P2298,10/29/2023,2,completed
O500733,C100380,P2021,10/27/2023,5,completed
O500734,C100297,P2242,08/23/2023,3,completed
O500735,C100252,P2153,02/05/2023,5,completed
O500736,C101054,P2007,06/15/2023,5,completed
O500737,C101493,P2033,08/25/2023,1,completed
O500738,C100281,P2256,04/08/2023,4,completed
O500739,C100381,P2246,08/28/2023,3,completed
O500740,C101430,P2299,03/23/2023,4,completed
O500741,C100532,P2279,11/09/2023,4,completed
O500742,C101168,P2110,06/02/2023,4,completed
O500743,C100712,P2084,09/04/2023,1,completed
O500744,C100431,P2248,07/05/2023,2,completed
O500745,C100449,P2224,03/17/2023,5,completed
O500746,C101079,P2276,03/18/2023,1,completed
O500747,C101022,P2074,11/05/2023,3,completed
O500748,C100446,P2266,11/06/2023,5,completed
O500749,C101338,P2226,01/11/2023,5,completed
O500750,C101001,P2125,04/01/2023,1,completed
O500751,C101387,P2106,02/22/2023,4,completed
O500752,C100776,P2132,04/29/2023,3,completed
O500753,C100757,P2045,04/02/2023,2,returned
O500754,C100833,P2073,07/31/2023,5,cancelled
O500755,C100081,P2156,07/20/2023,2,completed
O500756,C100800,P2160,04/07/2023,2,completed
O500757,C100389,P2094,08/02/2023,1,completed
O500758,C101188,P2120,01/23/2023,2,completed
O500759,C101187,P2190,03/08/2023,2,completed
O500760,C101153,P2248,05/23/2023,5,completed
O500761,C100257,P2197,03/16/2023,2,returned
O500762,C100294,P2182,08/12/2023,1,cancelled
O500763,C100432,P2094,07/11/2023,4,returned
O500764,C101132,P2183,12/19/2023,5,completed
O500765,C101454,P2019,03/31/2023,3,completed
O500766,C101175,P2001,10/26/2023,5,completed
O500767,C101157,P2294,03/19/2023,3,completed
O500768,C101060,P2070,09/10/2023,1,returned
O500769,C101065,P2288,07/20/2023,2,completed
O500770,C100212,P2177,01/01/2023,2,completed
O500771,C101198,P2194,10/29/2023,1,completed
O500772,C100827,P2280,01/08/2023,4,completed
O500773,C100594,P2084,01/17/2023,1,completed
O500774,C100546,P2141,08/16/2023,2,completed
O500775,C101443,P2029,02/24/2023,2,completed
O500776,C100783,P2005,07/22/2023,2,completed
O500777,C100730,P2051,02/18/2023,4,returned
O500778,C100764,P2230,12/29/2023,2,returned
O500779,C100926,P2035,08/18/2023,3,completed
O500780,C101237,P2278,10/22/2023,2,completed
O500781,C101166,P2144,07/19/2023,3,completed
O500782,C100482,P2259,12/20/2023,4,completed
O500783,C100513,P2127,02/23/2023,2,completed
O500784,C101091,P2026,04/18/2023,1,completed
O500785,C101206,P2150,05/05/2023,2,completed
O500786,C100532,P2053,09/18/2023,4,cancelled
O500787,C100936,P2277,04/30/2023,1,completed
O500788,C100960,P2135,02/02/2023,3,completed
O500789,C101404,P2249,09/14/2023,5,completed
O500790,C101265,P2185,08/07/2023,2,completed
O500791,C100622,P2215,01/08/2023,1,completed
O500792,C100916,P2216,11/16/2023,1,completed
O500793,C100807,P2279,02/15/2023,1,completed
O500794,C100849,P2200,02/08/2023,3,returned
O500795,C101070,P2104,09/07/2023,2,completed
O500796,C100936,P2297,12/24/2023,5,completed
O500797,C100233,P2259,01/26/2023,5,completed
O500798,C100373,P2093,01/02/2023,4,completed
O500799,C100647,P2028,08/14/2023,2,completed
O500800,C100439,P2229,12/05/2023,3,completed
O500801,C100326,P2042,06/17/2023,2,completed
O500802,C100908,P2150,04/27/2023,4,completed
O500803,C100677,P2012,12/09/2023,2,completed
O500804,C100639,P2182,06/16/2023,2,cancelled
O500805,C100555,P2067,11/07/2023,2,completed
O500806,C100543,P2061,04/03/2023,3,completed
O500807,C100471,P2260,09/03/2023,3,completed
O500808,C100351,P2223,07/31/2023,5,cancelled
O500809,C100373,P2079,12/09/2023,3,completed
O500810,C100503,P2216,09/30/2023,5,cancelled
O500811,C100483,P2031,01/16/2023,4,completed
O500812,C100794,P2299,09/23/2023,5,returned
O500813,C101188,P2156,12/23/2023,4,returned
O500814,C100657,P2280,08/03/2023,4,completed
O500815,C100545,P2185,04/09/2023,2,completed
O500816,C101211,P2037,11/29/2023,1,completed
O500817,C101037,P2015,12/26/2023,3,completed
O500818,C101122,P2164,05/16/2023,5,cancelled
O500819,C100966,P2045,11/10/2023,4,completed
O500820,C100609,P2285,01/10/2023,4,completed
O500821,C100274,P2137,08/10/2023,5,completed
O500822,C100084,P2118,01/22/2023,3,completed
O500823,C100301,P2208,12/11/2023,5,completed
O500824,C100996,P2186,04/26/2023,3,completed
O500825,C100284,P2085,10/11/2023,4,completed
O500826,C100467,P2076,05/14/2023,4,completed
O500827,C100960,P2299,10/27/2023,3,completed
O500828,C100907,P2063,04/16/2023,3,completed
O500829,C101403,P2081,08/11/2023,4,completed
O500830,C100359,P2058,03/08/2023,4,completed
O500831,C100038,P2145,04/07/2023,2,completed
O500832,C101358,P2116,08/13/2023,5,completed
O500833,C100042,P2132,12/08/2023,4,completed
O500834,C100785,P2269,12/19/2023,2,completed
O500835,C100230,P2109,11/02/2023,5,completed
O500836,C100365,P2187,06/23/2023,5,completed
O500837,C100051,P2069,09/16/2023,3,completed
O500838,C101333,P2106,09/11/2023,3,returned
O500839,C100356,P2129,10/28/2023,4,completed
O500840,C101340,P2240,06/13/2023,4,completed
O500841,C100312,P2267,09/17/2023,2,completed
O500842,C100754,P2152,06/19/2023,2,completed
O500843,C101041,P2286,01/24/2023,3,returned
O500844,C101099,P2091,01/09/2023,4,completed
O500845,C100230,P2195,12/28/2023,2,completed
O500846,C101153,P2085,08/21/2023,1,cancelled
O500847,C100340,P2124,11/23/2023,5,completed
O500848,C101342,P2261,08/20/2023,3,completed
O500849,C100815,P2113,06/23/2023,4,completed
O500850,C100313,P2277,12/09/2023,4,completed
O500851,C101046,P2274,01/29/2023,4,returned
O500852,C100970,P2159,04/23/2023,1,completed
O500853,C100906,P2051,11/08/2023,4,completed
O500854,C100551,P2138,06/07/2023,4,cancelled
O500855,C100720,P2005,07/17/2023,2,completed
O500856,C100263,P2036,02/21/2023,3,completed
O500857,C100813,P2167,04/02/2023,2,completed
O500858,C100182,P2035,09/15/2023,5,completed
O500859,C101474,P2249,09/21/2023,3,completed
O500860,C100433,P2137,06/24/2023,1,completed
O500861,C101032,P2164,07/24/2023,4,completed
O500862,C100879,P2073,10/09/2023,1,completed
O500863,C100302,P2190,06/05/2023,5,completed
O500864,C101411,P2023,03/10/2023,5,completed
O500865,C100506,P2091,01/27/2023,3,returned
O500866,C101456,P2198,12/06/2023,1,completed
O500867,C100610,P2021,08/25/2023,4,completed
O500868,C100039,P2117,06/29/2023,2,completed
O500869,C101369,P2028,12/07/2023,1,completed
O500870,C100433,P2145,01/12/2023,5,returned
O500871,C101004,P2061,12/03/2023,2,completed
O500872,C100513,P2169,11/01/2023,3,completed
O500873,C101220,P2065,03/23/2023,5,completed
O500874,C101403,P2108,04/06/2023,2,completed
O500875,C101475,P2139,12/08/2023,4,completed
O500876,C100046,P2239,10/21/2023,4,completed
O500877,C101223,P2079,12/13/2023,1,completed
O500878,C100404,P2034,01/03/2023,1,returned
O500879,C100713,P2010,12/23/2023,3,completed
O500880,C100607,P2012,11/01/2023,4,completed
O500881,C100649,P2269,06/25/2023,2,returned
O500882,C100550,P2168,08/06/2023,5,completed
O500883,C101278,P2260,12/31/2023,3,cancelled
O500884,C100982,P2054,02/05/2023,2,cancelled
O500885,C100297,P2142,11/16/2023,3,cancelled
O500886,C100366,P2002,08/05/2023,5,completed
O500887,C100698,P2127,12/04/2023,5,completed
O500888,C100969,P2234,01/19/2023,3,completed
O500889,C100873,P2071,04/09/2023,2,completed
O500890,C101041,P2098,12/17/2023,1,completed
O500891,C100727,P2236,12/21/2023,1,returned
O500892,C100436,P2064,08/07/2023,1,completed
O500893,C100146,P2043,03/24/2023,5,completed
O500894,C101390,P2149,07/07/2023,1,completed
O500895,C101254,P2270,04/18/2023,3,completed
O500896,C100433,P2273,12/25/2023,4,completed
O500897,C100806,P2275,07/28/2023,2,completed
O500898,C100546,P2099,12/07/2023,2,completed
O500899,C101313,P2225,12/28/2023,1,cancelled
O500900,C100344,P2281,09/08/2023,3,completed
O500901,C100870,P2119,11/04/2023,5,completed
O500902,C100480,P2298,11/20/2023,3,cancelled
O500903,C101378,P2043,02/15/2023,3,completed
O500904,C101493,P2188,05/05/2023,4,returned
O500905,C101408,P2211,09/14/2023,4,cancelled
O500906,C100406,P2263,05/31/2023,5,completed
O500907,C100051,P2133,12/14/2023,1,completed
O500908,C101218,P2188,03/21/2023,5,completed
O500909,C101181,P2066,02/21/2023,4,completed
O500910,C100772,P2153,10/16/2023,1,completed
O500911,C100013,P2185,04/27/2023,4,completed
O500912,C100077,P2010,12/25/2023,5,completed
O500913,C100760,P2194,02/24/2023,2,completed
O500914,C101106,P2109,10/26/2023,1,completed
O500915,C100183,P2286,04/30/2023,4,completed
O500916,C101218,P2202,06/27/2023,4,completed
O500917,C100004,P2296,07/23/2023,5,completed
O500918,C101093,P2042,06/09/2023,3,completed
O500919,C101100,P2171,08/03/2023,2,completed
O500920,C100676,P2259,11/25/2023,1,completed
O500921,C100851,P2057,05/03/2023,2,completed
O500922,C101018,P2208,05/14/2023,3,completed
O500923,C100243,P2059,09/30/2023,1,completed
O500924,C100665,P2233,07/15/2023,4,completed
O500925,C100799,P2292,04/07/2023,5,cancelled
O500926,C101265,P2258,02/04/2023,4,completed
O500927,C100797,P2156,09/08/2023,2,completed
O500928,C101077,P2154,03/10/2023,3,completed
O500929,C101333,P2062,03/15/2023,5,completed
O500930,C100203,P2195,03/25/2023,2,completed
O500931,C100666,P2130,08/03/2023,5,completed
O500932,C101268,P2104,08/02/2023,4,completed
O500933,C100925,P2100,12/26/2023,3,completed
O500934,C100529,P2175,10/19/2023,2,completed
O500935,C100216,P2030,05/27/2023,3,completed
O500936,C100477,P2264,09/09/2023,5,completed
O500937,C100951,P2242,07/11/2023,1,completed
O500938,C100216,P2244,12/11/2023,3,completed
O500939,C100598,P2060,11/17/2023,5,completed
O500940,C100900,P2049,12/23/2023,1,cancelled
O500941,C100739,P2133,06/13/2023,5,completed
O500942,C100894,P2214,12/05/2023,3,completed
O500943,C100969,P2277,06/18/2023,3,returned
O500944,C100279,P2263,01/22/2023,4,completed
O500945,C100383,P2193,12/18/2023,4,returned
O500946,C100446,P2077,04/05/2023,4,completed
O500947,C100715,P2198,11/04/2023,5,completed
O500948,C101371,P2225,04/27/2023,4,completed
O500949,C100572,P2219,09/10/2023,5,completed
O500950,C101418,P2034,07/16/2023,5,completed
O500951,C100347,P2230,11/30/2023,2,completed
O500952,C100457,P2185,07/21/2023,5,completed
O500953,C101475,P2222,04/12/2023,2,completed
O500954,C100472,P2065,09/19/2023,1,completed
O500955,C100445,P2223,06/28/2023,5,completed
O500956,C100852,P2197,04/12/2023,4,completed
O500957,C101144,P2269,08/23/2023,5,completed
O500958,C100136,P2195,07/23/2023,4,completed
O500959,C101126,P2196,06/17/2023,1,completed
O500960,C100107,P2262,10/21/2023,2,completed
O500961,C100860,P2027,06/03/2023,2,completed
O500962,C100656,P2010,03/21/2023,1,completed
O500963,C100024,P2159,03/01/2023,2,completed
O500964,C100009,P2297,09/05/2023,2,completed
O500965,C100671,P2135,05/21/2023,4,completed
O500966,C100025,P2153,09/26/2023,4,completed
O500967,C100445,P2092,11/25/2023,4,completed
O500968,C100763,P2139,12/21/2023,2,completed
O500969,C101344,P2034,08/16/2023,3,completed
O500970,C100182,P2255,06/03/2023,4,completed
O500971,C101092,P2082,03/28/2023,3,completed
O500972,C101007,P2192,02/19/2023,2,returned
O500973,C100961,P2168,12/21/2023,4,completed
O500974,C100949,P2180,06/13/2023,1,completed
O500975,C101231,P2130,10/09/2023,2,completed
O500976,C101491,P2246,02/25/2023,3,completed
O500977,C100383,P2014,10/27/2023,4,completed
O500978,C100460,P2133,06/29/2023,2,completed
O500979,C100029,P2000,04/06/2023,1,completed
O500980,C100936,P2284,03/30/2023,1,returned
O500981,C100569,P2284,12/26/2023,3,completed
O500982,C100240,P2212,07/03/2023,3,completed
O500983,C100762,P2032,11/30/2023,5,completed
O500984,C100546,P2227,10/20/2023,1,returned
O500985,C100939,P2084,09/04/2023,1,completed
O500986,C101182,P2098,04/30/2023,2,returned
O500987,C100512,P2084,08/11/2023,2,completed
O500988,C100612,P2228,11/01/2023,1,completed
O500989,C101388,P2289,01/06/2023,4,completed
O500990,C100792,P2078,01/18/2023,2,completed
O500991,C100118,P2092,06/10/2023,4,completed
O500992,C100998,P2295,03/02/2023,1,completed
O500993,C100450,P2193,06/13/2023,5,completed
O500994,C101172,P2179,10/16/2023,2,completed
O500995,C101048,P2066,10/30/2023,4,completed
O500996,C100803,P2194,08/05/2023,5,completed
O500997,C100240,P2115,10/22/2023,5,completed
O500998,C100309,P2156,12/23/2023,3,completed
O500999,C100961,P2081,11/08/2023,5,completed
O501000,C101118,P2099,05/06/2023,1,cancelled
O501001,C100513,P2110,02/19/2023,1,completed
O501002,C100853,P2089,09/11/2023,5,completed
O501003,C100427,P2161,06/04/2023,1,completed
O501004,C100641,P2195,02/24/2023,3,completed
O501005,C100140,P2182,04/15/2023,2,returned
O501006,C100312,P2270,12/25/2023,5,completed
O501007,C100367,P2075,01/13/2023,2,completed
O501008,C100294,P2281,07/01/2023,5,completed
O501009,C101269,P2121,03/03/2023,1,completed
O501010,C101371,P2281,12/16/2023,5,completed
O501011,C101089,P2235,11/20/2023,5,completed
O501012,C100817,P2190,02/11/2023,4,cancelled
O501013,C100387,P2263,03/25/2023,2,completed
O501014,C101412,P2116,12/10/2023,3,completed
O501015,C100627,P2160,05/09/2023,1,completed
O501016,C100750,P2267,10/22/2023,5,completed
O501017,C100758,P2073,12/21/2023,4,completed
O501018,C100377,P2292,01/15/2023,2,cancelled
O501019,C100024,P9999,08/12/2023,1,cancelled
O501020,C100673,P2073,01/28/2023,4,completed
O501021,C100400,P2280,06/17/2023,2,completed
O501022,C100365,P2027,12/18/2023,4,completed
O501023,C100972,P2026,12/10/2023,1,completed
O501024,C101095,P2263,09/01/2023,1,completed
O501025,C101378,P2234,10/16/2023,1,completed
O501026,C100244,P2005,08/13/2023,5,completed
O501027,C100099,P2203,08/05/2023,5,completed
O501028,C100230,P2207,03/12/2023,2,completed
O501029,C101215,P2036,01/04/2023,3,completed
O501030,C101073,P2134,01/11/2023,3,completed
O501031,C100439,P2161,04/06/2023,3,completed
O501032,C100433,P2089,01/04/2023,4,completed
O501033,C101051,P2088,02/05/2023,4,completed
O501034,C101486,P2199,11/29/2023,2,completed
O501035,C100954,P2006,12/19/2023,4,cancelled
O501036,C101034,P2218,07/31/2023,3,cancelled
O501037,C100467,P2112,05/19/2023,2,completed
O501038,C100146,P2262,05/13/2023,4,completed
O501039,C100070,P2059,11/15/2023,5,completed
O501040,C100644,P2026,11/23/2023,4,completed
O501041,C101248,P2246,10/24/2023,1,completed
O501042,C100326,P2160,10/14/2023,1,completed
O501043,C100295,P2035,06/01/2023,4,completed
O501044,C100169,P2092,01/23/2023,1,completed
O501045,C100834,P2121,10/16/2023,2,completed
O501046,C100192,P2113,09/29/2023,1,completed
O501047,C101185,P2195,01/06/2023,4,completed
O501048,C100718,P2218,08/01/2023,5,returned
O501049,C101185,P2031,12/02/2023,1,completed
O501050,C100776,P2193,02/01/2023,5,completed
O501051,C101376,P2113,06/30/2023,1,completed
O501052,C101127,P2121,07/03/2023,2,completed
O501053,C101054,P2266,11/23/2023,5,completed
O501054,C100701,P2130,04/17/2023,4,completed
O501055,C100790,P2203,03/28/2023,5,completed
O501056,C100744,P2004,02/16/2023,5,completed
O501057,C100053,P2224,05/12/2023,5,completed
O501058,C100996,P2091,07/11/2023,2,completed
O501059,C101021,P2148,09/20/2023,5,completed
O501060,C101459,P2210,05/05/2023,4,completed
O501061,C100204,P2097,01/13/2023,1,completed
O501062,C100785,P2169,03/28/2023,2,returned
O501063,C100247,P2181,01/09/2023,5,returned
O501064,C100902,P2206,09/01/2023,3,returned
O501065,C100443,P2034,11/27/2023,2,completed
O501066,C100040,P2005,09/13/2023,5,completed
O501067,C101117,P2195,11/21/2023,2,completed
O501068,C100408,P2276,09/02/2023,3,completed
O501069,C101147,P2289,03/01/2023,4,returned
O501070,C100047,P2099,10/07/2023,2,completed
O501071,C100798,P2022,05/15/2023,4,cancelled
O501072,C101033,P2165,02/18/2023,4,completed
O501073,C100483,P2154,02/24/2023,2,completed
O501074,C101146,P2242,02/03/2023,2,cancelled
O501075,C100330,P2023,12/20/2023,3,completed
O501076,C100292,P2278,10/20/2023,2,cancelled
O501077,C101037,P2146,11/09/2023,2,completed
O501078,C100287,P2104,09/30/2023,4,completed
O501079,C100110,P2155,08/01/2023,4,completed
O501080,C101170,P2280,02/25/2023,1,completed
O501081,C100728,P2186,09/21/2023,3,completed
O501082,C100972,P2189,05/12/2023,1,returned
O501083,C100072,P2278,03/06/2023,3,completed
O501084,C100060,P2111,12/03/2023,1,completed
O501085,C101194,P2066,01/11/2023,5,completed
O501086,C100109,P2029,09/11/2023,1,completed
O501087,C100521,P2176,02/23/2023,4,returned
O501088,C100766,P2269,08/02/2023,2,completed
O501089,C100987,P2186,07/15/2023,1,completed
O501090,C101472,P2015,09/23/2023,1,completed
O501091,C101232,P2042,11/27/2023,2,completed
O501092,C100349,P2251,04/20/2023,2,completed
O501093,C100485,P2259,06/15/2023,5,cancelled
O501094,C101205,P2150,12/28/2023,2,completed
O501095,C100097,P2066,05/10/2023,4,returned
O501096,C100248,P2054,10/17/2023,1,cancelled
O501097,C100291,P2023,02/05/2023,3,completed
O501098,C101432,P2034,11/09/2023,5,completed
O501099,C100266,P2181,01/20/2023,3,completed
O501100,C100850,P2184,06/16/2023,5,completed
O501101,C100887,P2187,01/20/2023,5,completed
O501102,C100386,P2095,09/08/2023,4,completed
O501103,C100306,P2073,10/29/2023,1,returned
O501104,C100382,P2142,08/07/2023,2,completed
O501105,C101034,P2010,04/03/2023,5,completed
O501106,C100726,P2025,10/01/2023,4,completed
O501107,C100297,P2276,06/23/2023,4,completed
O501108,C100017,P2129,11/07/2023,4,completed
O501109,C100300,P2195,03/20/2023,4,completed
O501110,C101416,P2023,10/01/2023,3,completed
O501111,C100059,P2035,12/03/2023,2,completed
O501112,C100072,P2170,03/18/2023,4,completed
O501113,C100501,P2123,03/23/2023,4,completed
O501114,C100647,P2181,03/29/2023,4,returned
O501115,C100134,P2041,01/26/2023,2,completed
O501116,C100682,P2022,11/11/2023,3,completed
O501117,C101241,P2240,08/10/2023,1,completed
O501118,C101319,P2106,09/11/2023,3,completed
O501119,C100195,P2250,05/12/2023,5,completed
O501120,C101463,P2062,03/06/2023,5,completed
O501121,C100618,P2180,07/30/2023,1,completed
O501122,C100514,P2256,10/06/2023,2,completed
O501123,C100974,P2044,10/29/2023,3,completed
O501124,C101122,P2270,07/21/2023,1,returned
O501125,C100951,P2239,02/05/2023,2,completed
O501126,C100243,P2111,12/02/2023,3,completed
O501127,C101275,P2097,08/08/2023,4,completed
O501128,C100235,P2068,02/16/2023,5,completed
O501129,C100768,P2205,05/12/2023,3,completed
O501130,C100583,P2225,11/19/2023,1,cancelled
O501131,C101494,P2160,12/10/2023,1,completed
O501132,C100647,P2111,12/24/2023,4,completed
O501133,C101432,P2234,05/30/2023,2,completed
O501134,C101456,P2283,07/03/2023,5,completed
O501135,C100754,P2081,10/26/2023,2,completed
O501136,C100459,P2266,09/02/2023,2,completed
O501137,C101236,P2068,06/09/2023,2,completed
O501138,C101396,P2188,03/04/2023,1,returned
O501139,C100928,P2041,02/12/2023,1,completed
O501140,C100901,P2154,04/22/2023,5,completed
O501141,C100195,P2005,11/17/2023,4,completed
O501142,C100444,P2282,10/27/2023,5,completed
O501143,C100961,P2188,05/24/2023,1,completed
O501144,C100877,P2164,10/15/2023,1,returned
O501145,C100803,P2159,09/25/2023,4,completed
O501146,C100274,P2232,05/13/2023,5,completed
O501147,C100678,P2277,12/31/2023,3,returned
O501148,C100781,P2221,03/13/2023,1,completed
O501149,C100799,P2215,08/09/2023,3,completed
O501150,C101095,P2287,12/19/2023,4,returned
O501151,C100511,P2145,08/31/2023,3,completed
O501152,C101234,P2240,01/22/2023,5,returned
O501153,C100629,P2277,10/19/2023,2,returned
O501154,C100587,P2136,06/20/2023,4,completed
O501155,C100662,P2279,01/15/2023,4,completed
O501156,C100381,P2141,03/15/2023,1,completed
O501157,C100327,P2263,05/17/2023,1,completed
O501158,C100389,P2246,07/30/2023,4,completed
O501159,C100541,P2292,02/11/2023,3,completed
O501160,C100982,P2026,08/06/2023,3,completed
O501161,C100893,P2181,06/26/2023,2,completed
O501162,C101319,P2245,12/05/2023,3,completed
O501163,C101344,P2189,06/24/2023,3,completed
O501164,C100279,P2237,09/07/2023,3,completed
O501165,C100226,P2000,04/29/2023,4,completed
O501166,C101263,P2114,01/04/2023,4,completed
O501167,C101121,P2144,10/20/2023,3,completed
O501168,C100367,P2156,10/30/2023,3,completed
O501169,C101326,P2163,04/02/2023,2,completed
O501170,C100925,P2269,01/25/2023,5,cancelled
O501171,C101370,P2187,06/17/2023,3,completed
O501172,C101441,P2126,12/31/2023,1,completed
O501173,C100729,P2053,01/01/2023,5,completed
O501174,C100356,P2205,04/09/2023,1,completed
O501175,C100364,P2055,03/19/2023,2,completed
O501176,C100041,P2073,02/11/2023,2,completed
O501177,C100450,P2218,08/12/2023,4,completed
O501178,C100875,P2046,05/06/2023,2,completed
O501179,C100090,P2081,03/02/2023,3,completed
O501180,C100006,P2299,07/17/2023,3,completed
O501181,C100157,P2138,11/23/2023,3,completed
O501182,C100519,P2259,03/16/2023,3,completed
O501183,C100612,P2007,04/16/2023,2,completed
O501184,C100203,P2002,03/25/2023,1,completed
O501185,C100137,P2238,02/19/2023,1,cancelled
O501186,C101045,P2254,04/04/2023,3,returned
O501187,C100249,P2271,05/24/2023,1,completed
O501188,C100139,P2126,06/28/2023,5,cancelled
O501189,C100300,P2138,01/16/2023,5,completed
O501190,C100135,P2015,12/16/2023,2,completed
O501191,C101103,P2252,09/05/2023,5,completed
O501192,C101089,P2189,08/15/2023,2,completed
O501193,C101496,P2016,10/25/2023,4,completed
O501194,C100306,P2164,10/31/2023,2,completed
O501195,C101242,P2214,02/16/2023,1,completed
O501196,C101441,P2206,05/15/2023,1,cancelled
O501197,C100424,P2198,08/26/2023,2,completed
O501198,C101237,P2031,06/29/2023,3,completed
O501199,C100059,P2078,03/26/2023,5,completed
O501200,C101322,P2144,01/20/2023,3,completed
O501201,C100667,P2194,12/07/2023,3,completed
O501202,C100256,P2289,04/08/2023,2,completed
O501203,C100082,P2239,09/05/2023,2,completed
O501204,C100963,P2237,05/30/2023,2,completed
O501205,C100782,P2005,04/25/2023,5,completed
O501206,C100188,P2035,08/09/2023,2,completed
O501207,C100620,P2224,12/07/2023,3,completed
O501208,C101392,P2015,06/03/2023,4,returned
O501209,C100106,P2282,11/18/2023,1,completed
O501210,C100468,P2280,04/28/2023,2,completed
O501211,C101034,P2286,09/01/2023,5,completed
O501212,C100771,P2198,06/22/2023,1,completed
O501213,C101266,P2194,05/22/2023,1,completed
O501214,C100109,P2182,08/18/2023,5,cancelled
O501215,C100630,P2151,03/06/2023,1,completed
O501216,C101296,P2195,08/12/2023,3,completed
O501217,C100007,P2199,07/28/2023,4,completed
O501218,C101086,P2295,03/10/2023,4,completed
O501219,C101145,P2110,07/22/2023,1,completed
O501220,C100020,P2214,01/03/2023,5,completed
O501221,C100415,P2287,09/19/2023,3,completed
O501222,C100516,P2098,04/22/2023,1,completed
O501223,C100214,P2194,06/05/2023,5,completed
O501224,C100701,P2273,09/22/2023,3,cancelled
O501225,C101486,P2017,04/21/2023,1,completed
O501226,C100077,P2095,08/04/2023,5,completed
O501227,C100506,P2278,12/28/2023,1,completed
O501228,C100323,P2251,10/24/2023,3,returned
O501229,C100977,P2205,02/23/2023,2,completed
O501230,C100324,P2220,08/02/2023,1,completed
O501231,C100835,P2178,07/09/2023,1,completed
O501232,C101168,P2046,12/29/2023,4,completed
O501233,C100881,P2296,04/24/2023,1,completed
O501234,C100620,P2132,01/18/2023,3,completed
O501235,C100135,P2077,12/29/2023,3,completed
O501236,C100919,P2161,05/24/2023,2,cancelled
O501237,C100375,P2043,05/14/2023,2,completed
O501238,C100819,P2262,03/14/2023,1,completed
O501239,C101436,P2187,01/10/2023,1,completed
O501240,C101454,P2205,12/24/2023,4,completed
O501241,C101260,P2156,10/02/2023,3,cancelled
O501242,C100612,P2297,06/07/2023,4,completed
O501243,C100950,P2017,01/10/2023,4,completed
O501244,C100204,P2014,04/17/2023,4,completed
O501245,C100960,P2014,12/14/2023,5,completed
O501246,C100303,P2258,06/22/2023,5,completed
O501247,C100257,P2065,12/07/2023,5,completed
O501248,C100391,P2113,10/23/2023,2,completed
O501249,C100010,P2215,02/13/2023,2,completed
O501250,C101168,P2004,01/30/2023,2,completed
O501251,C100888,P2097,04/24/2023,2,cancelled
O501252,C100953,P2082,12/07/2023,4,cancelled
O501253,C101242,P2126,02/05/2023,3,returned
O501254,C101447,P2001,02/06/2023,2,completed
O501255,C100077,P2231,06/23/2023,3,completed
O501256,C100697,P2233,01/20/2023,1,completed
O501257,C101202,P2296,06/05/2023,1,completed
O501258,C101433,P2251,08/25/2023,3,completed
O501259,C100900,P2109,09/22/2023,4,returned
O501260,C100071,P2163,12/21/2023,1,completed
O501261,C101124,P2143,07/24/2023,5,completed
O501262,C100801,P2217,07/17/2023,2,completed
O501263,C100254,P2213,07/31/2023,4,completed
O501264,C100651,P2014,03/18/2023,4,completed
O501265,C101269,P2012,03/02/2023,2,completed
O501266,C100478,P2200,07/08/2023,4,completed
O501267,C101127,P2111,04/10/2023,3,returned
O501268,C100785,P2215,06/24/2023,5,completed
O501269,C100520,P2208,07/14/2023,5,returned
O501270,C100361,P2215,01/30/2023,4,completed
O501271,C100081,P2284,05/09/2023,4,completed
O501272,C100141,P2171,10/16/2023,4,completed
O501273,C100141,P2069,02/01/2023,5,completed
O501274,C101476,P2136,06/15/2023,5,returned
O501275,C100684,P2283,04/03/2023,5,completed
O501276,C101058,P2228,08/12/2023,2,completed
O501277,C101316,P2149,12/01/2023,3,returned
O501278,C101251,P2006,02/07/2023,2,completed
O501279,C101224,P2132,08/14/2023,5,completed
O501280,C100573,P2026,05/03/2023,4,completed
O501281,C101482,P2129,07/01/2023,2,completed
O501282,C101034,P2110,05/25/2023,3,completed
O501283,C100670,P2228,09/12/2023,5,completed
O501284,C101380,P2000,02/18/2023,4,completed
O501285,C100120,P2090,05/04/2023,5,completed
O501286,C100844,P2238,12/02/2023,3,returned
O501287,C101169,P2179,05/20/2023,1,completed
O501288,C101375,P2290,05/22/2023,2,completed
O501289,C101306,P2060,09/02/2023,3,completed
O501290,C100575,P2055,10/29/2023,3,completed
O501291,C100019,P2106,04/24/2023,3,completed
O501292,C101449,P2077,07/22/2023,2,completed
O501293,C100759,P2137,02/16/2023,1,completed
O501294,C101373,P2219,08/15/2023,3,completed
O501295,C100062,P2169,07/11/2023,3,returned
O501296,C100543,P2135,07/30/2023,4,completed
O501297,C101159,P2035,04/13/2023,5,cancelled
O501298,C101432,P2274,09/12/2023,3,completed
O501299,C100987,P2118,12/22/2023,4,returned
O501300,C101350,P2290,12/09/2023,5,completed
O501301,C100019,P2220,10/27/2023,1,completed
O501302,C100913,P2186,05/26/2023,5,completed
O501303,C101104,P2043,08/04/2023,2,completed
O501304,C100501,P2012,05/17/2023,2,completed
O501305,C101219,P2031,09/21/2023,3,completed
O501306,C100186,P2186,09/08/2023,4,completed
O501307,C100370,P2010,01/24/2023,5,completed
O501308,C100671,P2156,02/14/2023,5,completed
O501309,C100695,P2187,12/21/2023,5,completed
O501310,C101211,P2205,03/18/2023,5,completed
O501311,C100248,P2195,07/24/2023,2,completed
O501312,C101114,P2050,06/20/2023,5,completed
O501313,C100076,P2150,01/05/2023,1,completed
O501314,C100770,P2070,08/08/2023,2,completed
O501315,C101479,P2002,06/18/2023,4,completed
O501316,C100705,P2232,12/17/2023,1,returned
O501317,C100924,P2025,08/22/2023,3,completed
O501318,C100486,P2191,02/10/2023,1,completed
O501319,C101070,P2076,09/11/2023,3,completed
O501320,C101281,P2034,08/19/2023,5,cancelled
O501321,C100904,P2171,05/14/2023,4,completed
O501322,C101279,P2253,11/04/2023,5,completed
O501323,C101206,P2130,10/13/2023,5,completed
O501324,C100454,P2012,08/23/2023,1,completed
O501325,C100977,P2162,02/28/2023,3,completed
O501326,C101118,P2128,01/23/2023,1,completed
O501327,C100889,P2185,11/24/2023,2,cancelled
O501328,C100161,P2018,02/16/2023,3,completed
O501329,C100009,P2114,06/13/2023,4,completed
O501330,C100884,P2058,03/29/2023,3,completed
O501331,C101491,P2102,11/15/2023,2,completed
O501332,C101493,P2076,07/16/2023,3,completed
O501333,C101214,P2120,11/05/2023,3,completed
O501334,C100218,P2138,06/01/2023,4,completed
O501335,C101254,P2203,10/20/2023,4,completed
O501336,C101135,P2149,12/12/2023,5,returned
O501337,C101403,P2006,09/07/2023,1,completed
O501338,C100317,P2041,09/07/2023,2,returned
O501339,C101284,P2057,09/25/2023,5,completed
O501340,C100683,P2018,03/22/2023,3,completed
O501341,C100539,P2283,05/15/2023,3,completed
O501342,C100523,P2259,03/01/2023,3,completed
O501343,C100372,P2188,03/03/2023,1,completed
O501344,C101131,P2112,10/25/2023,1,completed
O501345,C100306,P2033,01/17/2023,1,completed
O501346,C101409,P2189,11/02/2023,2,completed
O501347,C100322,P2137,01/14/2023,4,completed
O501348,C100428,P2129,04/16/2023,5,completed
O501349,C100231,P2189,04/28/2023,3,completed
O501350,C101378,P2144,01/30/2023,1,completed
O501351,C100166,P2095,09/18/2023,1,completed
O501352,C100178,P2167,11/09/2023,5,completed
O501353,C100548,P2189,02/20/2023,3,completed
O501354,C101163,P2138,05/20/2023,1,completed
O501355,C100061,P2000,08/06/2023,3,completed
O501356,C100901,P2006,05/22/2023,5,completed
O501357,C100982,P2163,09/25/2023,5,returned
O501358,C100220,P2028,08/11/2023,1,returned
O501359,C100775,P2078,09/12/2023,4,completed
O501360,C101236,P2201,03/08/2023,5,completed
O501361,C101310,P2115,11/13/2023,4,completed
O501362,C101272,P2013,05/07/2023,2,completed
O501363,C100234,P2080,04/16/2023,1,returned
O501364,C100939,P2265,10/04/2023,4,completed
O501365,C101245,P2002,01/17/2023,1,completed
O501366,C101440,P2267,03/27/2023,5,completed
O501367,C100704,P2126,05/10/2023,5,completed
O501368,C101314,P2290,05/25/2023,5,completed
O501369,C100101,P2270,12/08/2023,2,completed
O501370,C100932,P2113,07/07/2023,2,completed
O501371,C100238,P2059,01/21/2023,3,returned
O501372,C101189,P2220,07/07/2023,5,completed
O501373,C100049,P2128,05/01/2023,5,completed
O501374,C101081,P2240,07/19/2023,2,completed
O501375,C101481,P2178,06/26/2023,3,completed
O501376,C100144,P2045,04/09/2023,1,returned
O501377,C101324,P2062,06/14/2023,1,completed
O501378,C100039,P2087,09/22/2023,5,cancelled
O501379,C101264,P2114,04/02/2023,4,completed
O501380,C100569,P2034,04/26/2023,2,returned
O501381,C100616,P2135,09/07/2023,2,completed
O501382,C100239,P2066,09/19/2023,1,completed
O501383,C101390,P2078,07/15/2023,4,cancelled
O501384,C100416,P2109,07/04/2023,2,returned
O501385,C101187,P2264,01/04/2023,3,completed
O501386,C101269,P2166,07/12/2023,1,completed
O501387,C100621,P2264,04/24/2023,1,completed
O501388,C101069,P2113,06/12/2023,5,returned
O501389,C100789,P2252,07/30/2023,5,completed
O501390,C100333,P2206,01/31/2023,3,returned
O501391,C101042,P2047,05/01/2023,1,completed
O501392,C100059,P2236,03/26/2023,1,completed
O501393,C101175,P2110,05/27/2023,5,completed
O501394,C100314,P2081,04/19/2023,2,completed
O501395,C100323,P2229,11/18/2023,5,returned
O501396,C100097,P2138,09/10/2023,4,completed
O501397,C100160,P2026,08/26/2023,3,completed
O501398,C101481,P2091,01/07/2023,1,completed
O501399,C100043,P2038,08/06/2023,5,completed
O501400,C100157,P2279,02/22/2023,3,completed
O501401,C101054,P2271,07/05/2023,1,completed
O501402,C101230,P2029,07/12/2023,5,returned
O501403,C100619,P2057,12/04/2023,3,completed
O501404,C100343,P2024,05/19/2023,5,cancelled
O501405,C100226,P2180,12/09/2023,4,returned
O501406,C100078,P2110,07/23/2023,5,completed
O501407,C100394,P2294,11/30/2023,2,completed
O501408,C100885,P2097,10/09/2023,5,returned
O501409,C101364,P2227,02/15/2023,3,completed
O501410,C101193,P2206,03/09/2023,3,cancelled
O501411,C101482,P2265,12/21/2023,5,completed
O501412,C100460,P2021,08/13/2023,3,completed
O501413,C101071,P2263,04/19/2023,5,cancelled
O501414,C100539,P2068,05/16/2023,4,completed
O501415,C100982,P2174,07/16/2023,5,cancelled
O501416,C101455,P2233,10/26/2023,4,returned
O501417,C100678,P2086,04/18/2023,4,completed
O501418,C100702,P2100,04/24/2023,3,returned
O501419,C101409,P2026,09/13/2023,1,completed
O501420,C100152,P2213,09/20/2023,4,cancelled
O501421,C101473,P2189,03/29/2023,2,completed
O501422,C100330,P2099,04/08/2023,2,completed
O501423,C100839,P2178,10/18/2023,5,completed
O501424,C101032,P2283,08/15/2023,1,completed
O501425,C100909,P2121,12/06/2023,4,completed
O501426,C100118,P2001,08/19/2023,3,completed
O501427,C100472,P2218,01/23/2023,1,completed
O501428,C100769,P2089,01/16/2023,1,completed
O501429,C100908,P2180,07/21/2023,5,completed
O501430,C100387,P2028,06/19/2023,2,completed
O501431,C100759,P2193,09/05/2023,5,completed
O501432,C100749,P2148,07/15/2023,1,completed
O501433,C100062,P2264,06/23/2023,3,completed
O501434,C100703,P2127,07/18/2023,3,completed
O501435,C100050,P2161,05/07/2023,4,completed
O501436,C100903,P2123,10/10/2023,2,completed
O501437,C100674,P2237,10/18/2023,2,completed
O501438,C101277,P2159,05/10/2023,2,completed
O501439,C100810,P2233,12/31/2023,1,completed
O501440,C100769,P2027,06/24/2023,1,cancelled
O501441,C100630,P2159,10/27/2023,5,cancelled
O501442,C101308,P2265,04/28/2023,3,completed
O501443,C100106,P2078,05/25/2023,2,completed
O501444,C100450,P2268,05/06/2023,2,completed
O501445,C100090,P2151,12/01/2023,4,completed
O501446,C101290,P2243,07/08/2023,3,completed
O501447,C100051,P2048,10/10/2023,1,completed
O501448,C101260,P2118,05/22/2023,3,completed
O501449,C101130,P2034,08/28/2023,5,completed
O501450,C100307,P2278,04/23/2023,5,completed
O501451,C100337,P2166,12/30/2023,3,returned
O501452,C100534,P2050,07/17/2023,5,completed
O501453,C101387,P2257,02/27/2023,4,completed
O501454,C101094,P2252,05/14/2023,5,completed
O501455,C100865,P2010,08/18/2023,4,returned
O501456,C101393,P2274,10/01/2023,4,completed
O501457,C100651,P2287,02/07/2023,1,completed
O501458,C100951,P2254,03/04/2023,5,completed
O501459,C101022,P2238,09/06/2023,1,returned
O501460,C100236,P2242,04/08/2023,2,completed
O501461,C101126,P2185,05/25/2023,1,cancelled
O501462,C100842,P2018,12/01/2023,2,completed
O501463,C101228,P2227,01/30/2023,5,completed
O501464,C100888,P2081,09/06/2023,2,completed
O501465,C100183,P2081,01/25/2023,1,completed
O501466,C100105,P2202,03/27/2023,4,completed
O501467,C101046,P2015,09/08/2023,1,completed
O501468,C101449,P2114,01/04/2023,4,completed
O501469,C100627,P2160,12/05/2023,3,completed
O501470,C100955,P2097,06/06/2023,3,completed
O501471,C100473,P2006,10/26/2023,3,returned
O501472,C100312,P2081,02/21/2023,1,completed
O501473,C100351,P2178,05/13/2023,5,completed
O501474,C101333,P2102,04/27/2023,1,completed
O501475,C100762,P2166,12/10/2023,3,completed
O501476,C100740,P2241,03/06/2023,1,completed
O501477,C100650,P2224,10/23/2023,5,completed
O501478,C101265,P2196,11/28/2023,4,completed
O501479,C100102,P2038,01/05/2023,1,completed
O501480,C101325,P2237,01/06/2023,2,completed
O501481,C101193,P2005,02/12/2023,1,completed
O501482,C101052,P2256,05/16/2023,5,completed
O501483,C100677,P2006,04/24/2023,2,completed
O501484,C101287,P2086,02/11/2023,1,completed
O501485,C100896,P2020,12/26/2023,1,completed
O501486,C100867,P2193,01/02/2023,3,completed
O501487,C100873,P2106,12/16/2023,4,completed
O501488,C100946,P2193,02/02/2023,4,completed
O501489,C100872,P2099,04/21/2023,1,cancelled
O501490,C101151,P2024,11/24/2023,4,completed
O501491,C101262,P2267,05/21/2023,1,completed
O501492,C101132,P2138,12/20/2023,3,completed
O501493,C100451,P2149,07/29/2023,3,completed
O501494,C101327,P2194,03/13/2023,5,completed
O501495,C101006,P2204,02/21/2023,1,completed
O501496,C101001,P2053,12/12/2023,4,returned
O501497,C100003,P2104,05/07/2023,1,completed
O501498,C100283,P2180,02/08/2023,5,completed
O501499,C100855,P2068,03/06/2023,3,cancelled
O501500,C100306,P2058,08/30/2023,3,completed
O501501,C100481,P2047,01/10/2023,1,completed
O501502,C100709,P2213,07/13/2023,5,completed
O501503,C100779,P2242,08/02/2023,2,completed
O501504,C101000,P2082,09/26/2023,5,completed
O501505,C100462,P2246,01/30/2023,4,cancelled
O501506,C100607,P2284,06/04/2023,5,completed
O501507,C100167,P2024,01/11/2023,1,completed
O501508,C100031,P2281,02/13/2023,2,completed
O501509,C101322,P2236,04/30/2023,4,completed
O501510,C100964,P2077,10/28/2023,3,completed
O501511,C101253,P2282,09/05/2023,4,returned
O501512,C100553,P2213,03/23/2023,1,completed
O501513,C100157,P2276,11/03/2023,5,completed
O501514,C100313,P2124,12/04/2023,4,completed
O501515,C100628,P2181,04/26/2023,2,completed
O501516,C100567,P2148,06/05/2023,1,completed
O501517,C100980,P2256,09/11/2023,1,completed
O501518,C101188,P2254,10/31/2023,1,completed
O501519,C100348,P2226,03/18/2023,2,completed
O501520,C101080,P2109,08/21/2023,3,completed
O501521,C100306,P2086,01/21/2023,4,completed
O501522,C101351,P2256,10/26/2023,4,completed
O501523,C101362,P2268,08/31/2023,2,completed
O501524,C100543,P2237,11/18/2023,5,completed
O501525,C101197,P2280,05/01/2023,4,returned
O501526,C100344,P2279,11/14/2023,3,completed
O501527,C101454,P2209,12/13/2023,5,completed
O501528,C100955,P2299,08/14/2023,2,completed
O501529,C101393,P2026,01/26/2023,2,completed
O501530,C100207,P2141,05/06/2023,1,completed
O501531,C100669,P2253,04/12/2023,5,completed
O501532,C101437,P2058,01/17/2023,4,completed
O501533,C101269,P2086,02/26/2023,3,completed
O501534,C101099,P2210,01/01/2023,3,cancelled
O501535,C100237,P2295,11/10/2023,4,completed
O501536,C100523,P2000,10/04/2023,1,completed
O501537,C101373,P2079,11/17/2023,4,completed
O501538,C101033,P2095,09/13/2023,3,completed
O501539,C100167,P2028,10/15/2023,4,completed
O501540,C100754,P2179,04/01/2023,3,completed
O501541,C100876,P2099,09/13/2023,5,completed
O501542,C100264,P2190,09/22/2023,2,cancelled
O501543,C100075,P2148,07/29/2023,5,returned
O501544,C100279,P2172,04/21/2023,1,returned
O501545,C100883,P2063,02/21/2023,4,completed
O501546,C101140,P2240,02/28/2023,2,completed
O501547,C100726,P2056,02/22/2023,4,completed
O501548,C100124,P2108,06/27/2023,5,completed
O501549,C101108,P2282,10/03/2023,5,completed
O501550,C100824,P2282,05/30/2023,1,completed
O501551,C100003,P2127,10/03/2023,2,completed
O501552,C101401,P2249,08/20/2023,3,completed
O501553,C100449,P2177,07/16/2023,2,completed
O501554,C101347,P2113,12/03/2023,5,returned
O501555,C101393,P2056,06/01/2023,5,completed
O501556,C100630,P2205,12/19/2023,5,completed
O501557,C100963,P2112,09/05/2023,2,completed
O501558,C101430,P2130,08/14/2023,4,cancelled
O501559,C100714,P2040,05/04/2023,1,completed
O501560,C100026,P2040,12/07/2023,1,cancelled
O501561,C101211,P2182,12/30/2023,5,returned
O501562,C101186,P2223,12/17/2023,3,cancelled
O501563,C100646,P2150,06/08/2023,5,completed
O501564,C100465,P2004,12/12/2023,4,completed
O501565,C101481,P2042,06/24/2023,1,completed
O501566,C100567,P2050,02/01/2023,3,returned
O501567,C101043,P2061,11/14/2023,1,completed
O501568,C101440,P2037,02/15/2023,3,returned
O501569,C101061,P2230,05/07/2023,3,completed
O501570,C100939,P2029,10/28/2023,2,returned
O501571,C100322,P2096,08/09/2023,1,completed
O501572,C100584,P2089,09/23/2023,1,completed
O501573,C101299,P2152,06/01/2023,3,completed
O501574,C100899,P2109,10/30/2023,3,completed
O501575,C101334,P2178,04/29/2023,2,completed
O501576,C100810,P2132,08/06/2023,4,completed
O501577,C100401,P2042,12/22/2023,1,cancelled
O501578,C100154,P2042,09/14/2023,1,completed
O501579,C101047,P2089,02/14/2023,1,completed
O501580,C101163,P2272,03/14/2023,4,completed
O501581,C100810,P2083,10/18/2023,2,completed
O501582,C100726,P2047,10/05/2023,5,completed
O501583,C100689,P2137,05/07/2023,1,completed
O501584,C101001,P2183,01/28/2023,1,completed
O501585,C101301,P2250,12/18/2023,1,completed
O501586,C100584,P2125,11/09/2023,4,completed
O501587,C101013,P2188,02/11/2023,5,completed
O501588,C101174,P2277,07/19/2023,4,completed
O501589,C100373,P2100,11/25/2023,4,completed
O501590,C101148,P2166,03/23/2023,4,completed
O501591,C101231,P2043,01/01/2023,1,completed
O501592,C100193,P2112,11/19/2023,3,completed
O501593,C100914,P2034,05/21/2023,5,completed
O501594,C100118,P2015,06/04/2023,5,completed
O501595,C100725,P2065,08/16/2023,2,completed
O501596,C100695,P2078,07/13/2023,1,completed
O501597,C100363,P2288,12/09/2023,1,cancelled
O501598,C101380,P2222,01/18/2023,5,completed
O501599,C100461,P2264,05/09/2023,4,returned
O501600,C100217,P2093,03/14/2023,5,completed
O501601,C100813,P2206,02/16/2023,1,completed
O501602,C100587,P2088,07/25/2023,5,completed
O501603,C101327,P2012,05/01/2023,3,completed
O501604,C101394,P2156,09/21/2023,3,completed
O501605,C100836,P2050,10/10/2023,4,completed
O501606,C101130,P2021,02/05/2023,3,completed
O501607,C101153,P2134,11/08/2023,2,completed
O501608,C100905,P2158,10/16/2023,4,completed
O501609,C100782,P2252,01/04/2023,3,completed
O501610,C101116,P2227,09/21/2023,4,completed
O501611,C100217,P2262,06/19/2023,4,completed
O501612,C100848,P2147,03/09/2023,2,cancelled
O501613,C101086,P2030,06/25/2023,5,completed
O501614,C100956,P2108,12/13/2023,2,completed
O501615,C100771,P2022,05/07/2023,4,completed
O501616,C100669,P2062,08/16/2023,2,completed
O501617,C100999,P2220,03/04/2023,2,completed
O501618,C101028,P2063,12/14/2023,1,completed
O501619,C100629,P2146,04/01/2023,1,completed
O501620,C100872,P2199,12/06/2023,4,cancelled
O501621,C101214,P2031,03/27/2023,2,completed
O501622,C100396,P2188,05/28/2023,4,completed
O501623,C101048,P2112,03/25/2023,1,cancelled
O501624,C101347,P2200,11/13/2023,1,returned
O501625,C100531,P2040,09/26/2023,2,completed
O501626,C101335,P2032,02/04/2023,2,completed
O501627,C100892,P2093,05/28/2023,2,completed
O501628,C100402,P2162,05/20/2023,4,completed
O501629,C101461,P2080,06/16/2023,3,completed
O501630,C101079,P2160,11/26/2023,4,completed
O501631,C100867,P2106,12/03/2023,4,completed
O501632,C100684,P2024,12/24/2023,4,returned
O501633,C100300,P2109,05/25/2023,2,completed
O501634,C100699,P2005,12/30/2023,1,completed
O501635,C101145,P2145,08/10/2023,2,returned
O501636,C101060,P2225,10/06/2023,2,completed
O501637,C100425,P2276,07/27/2023,3,completed
O501638,C100801,P2224,12/15/2023,1,completed
O501639,C100185,P2292,07/07/2023,4,completed
O501640,C100247,P2277,06/02/2023,2,completed
O501641,C100941,P2048,07/23/2023,1,completed
O501642,C100014,P2172,08/30/2023,4,cancelled
O501643,C100051,P2148,12/11/2023,1,completed
O501644,C100573,P2199,03/23/2023,5,completed
O501645,C100854,P2263,08/16/2023,3,completed
O501646,C101344,P2008,05/23/2023,1,completed
O501647,C100698,P2264,05/30/2023,2,completed
O501648,C100492,P2065,03/19/2023,3,completed
O501649,C100014,P2246,05/29/2023,3,returned
O501650,C100068,P2079,08/07/2023,3,completed
O501651,C100597,P2253,10/16/2023,2,completed
O501652,C101002,P2181,11/14/2023,5,completed
O501653,C100386,P2034,08/01/2023,3,completed
O501654,C101164,P2187,09/04/2023,1,completed
O501655,C100617,P2098,01/13/2023,2,completed
O501656,C100269,P2080,08/25/2023,5,completed
O501657,C100130,P2099,01/13/2023,3,completed
O501658,C100006,P2182,04/11/2023,1,completed
O501659,C100085,P2264,10/06/2023,4,completed
O501660,C101078,P2219,06/01/2023,3,completed
O501661,C100525,P2010,10/26/2023,4,returned
O501662,C100308,P2045,09/05/2023,4,cancelled
O501663,C101123,P2131,10/13/2023,2,completed
O501664,C100421,P2173,07/06/2023,4,completed
O501665,C100645,P2218,01/23/2023,1,completed
O501666,C100104,P2179,08/04/2023,5,completed
O501667,C100555,P2187,04/09/2023,1,completed
O501668,C100777,P2193,10/26/2023,5,completed
O501669,C100486,P9999,02/17/2023,1,returned
O501670,C100979,P2101,05/05/2023,4,completed
O501671,C100519,P2124,11/10/2023,4,completed
O501672,C101269,P2260,02/19/2023,3,completed
O501673,C100825,P2243,10/15/2023,3,completed
O501674,C101402,P2287,02/09/2023,3,completed
O501675,C100074,P2076,11/21/2023,5,completed
O501676,C100692,P2020,08/04/2023,1,completed
O501677,C100178,P2225,09/18/2023,3,completed
O501678,C100681,P2034,02/17/2023,3,completed
O501679,C101084,P2029,10/23/2023,5,completed
O501680,C101236,P2229,08/08/2023,3,completed
O501681,C101251,P2185,09/28/2023,4,completed
O501682,C100042,P2075,02/08/2023,4,completed
O501683,C101354,P2144,10/14/2023,3,completed
O501684,C100229,P2137,12/10/2023,5,completed
O501685,C100268,P2062,07/18/2023,3,completed
O501686,C100146,P2025,07/05/2023,4,completed
O501687,C101223,P9999,10/14/2023,2,completed
O501688,C101029,P2068,04/04/2023,4,completed
O501689,C101465,P2192,10/26/2023,5,completed
O501690,C100424,P2211,07/26/2023,5,completed
O501691,C101475,P2186,05/01/2023,2,completed
O501692,C101357,P2011,12/20/2023,2,cancelled
O501693,C100620,P2116,03/07/2023,1,returned
O501694,C100245,P2248,07/20/2023,1,completed
O501695,C101177,P2096,08/19/2023,5,completed
O501696,C100336,P2211,09/11/2023,3,completed
O501697,C101115,P2146,01/08/2023,3,completed
O501698,C100303,P2088,09/03/2023,3,completed
O501699,C101260,P2292,12/08/2023,4,completed
O501700,C100293,P2269,12/15/2023,3,completed
O501701,C100448,P2147,08/13/2023,2,completed
O501702,C100476,P2185,07/04/2023,1,completed
O501703,C100260,P2098,12/30/2023,5,completed
O501704,C100172,P2059,05/17/2023,4,completed
O501705,C100540,P2028,05/03/2023,3,completed
O501706,C101056,P2146,11/05/2023,1,completed
O501707,C100084,P2221,07/06/2023,4,completed
O501708,C100849,P2038,02/14/2023,5,returned
O501709,C100234,P2213,07/07/2023,2,completed
O501710,C100338,P2114,10/30/2023,5,completed
O501711,C100373,P2246,03/19/2023,1,cancelled
O501712,C101481,P2273,01/25/2023,4,cancelled
O501713,C100911,P2121,10/13/2023,2,cancelled
O501714,C100563,P2122,02/01/2023,3,completed
O501715,C100746,P2039,04/24/2023,5,cancelled
O501716,C100566,P2034,05/01/2023,3,completed
O501717,C100350,P2122,10/13/2023,4,returned
O501718,C100131,P2186,09/21/2023,3,completed
O501719,C101129,P2215,06/30/2023,2,completed
O501720,C101196,P2106,04/19/2023,5,completed
O501721,C100010,P2209,08/22/2023,2,completed
O501722,C100735,P2215,04/09/2023,5,completed
O501723,C100910,P2128,01/05/2023,3,completed
O501724,C100053,P2079,11/09/2023,1,completed
O501725,C101294,P2091,03/15/2023,1,completed
O501726,C100400,P2029,08/19/2023,1,returned
O501727,C100256,P2106,08/22/2023,5,completed
O501728,C100198,P2220,07/15/2023,4,completed
O501729,C100001,P2012,01/12/2023,4,completed
O501730,C101379,P2036,08/09/2023,5,completed
O501731,C100342,P2236,05/12/2023,4,completed
O501732,C101397,P2046,06/12/2023,1,completed
O501733,C100489,P2266,04/01/2023,2,completed
O501734,C100045,P2129,01/16/2023,1,completed
O501735,C101284,P2212,11/07/2023,3,completed
O501736,C100963,P2070,11/05/2023,1,completed
O501737,C101337,P2125,06/29/2023,1,completed
O501738,C100830,P2015,08/02/2023,2,completed
O501739,C101396,P2054,02/24/2023,3,completed
O501740,C100214,P2122,11/28/2023,4,returned
O501741,C100197,P2163,03/24/2023,5,completed
O501742,C101171,P2010,05/15/2023,5,completed
O501743,C101474,P2022,01/27/2023,3,completed
O501744,C100102,P2074,08/10/2023,4,completed
O501745,C100457,P2202,06/14/2023,3,completed
O501746,C100187,P2085,10/13/2023,1,completed
O501747,C100976,P2167,03/17/2023,1,completed
O501748,C100388,P2137,04/29/2023,1,completed
O501749,C100971,P2229,04/20/2023,4,completed
O501750,C101045,P2070,02/16/2023,1,completed
O501751,C100901,P2059,12/29/2023,4,completed
O501752,C101066,P2245,12/10/2023,1,completed
O501753,C101497,P2227,06/29/2023,5,completed
O501754,C100760,P2088,10/18/2023,4,completed
O501755,C101348,P2270,05/24/2023,2,returned
O501756,C101417,P2017,01/13/2023,4,completed
O501757,C100733,P2043,08/14/2023,5,completed
O501758,C100689,P2247,02/01/2023,2,completed
O501759,C100407,P2030,03/18/2023,1,completed
O501760,C101083,P2050,04/15/2023,5,returned
O501761,C101490,P2134,11/25/2023,1,completed
O501762,C100905,P2272,12/16/2023,5,completed
O501763,C100660,P2217,09/15/2023,5,completed
O501764,C101095,P2105,10/03/2023,4,completed
O501765,C101184,P2119,11/29/2023,3,cancelled
O501766,C101012,P2248,04/25/2023,4,completed
O501767,C100484,P2072,05/31/2023,2,completed
O501768,C100647,P2100,09/05/2023,1,completed
O501769,C101073,P2199,10/06/2023,2,completed
O501770,C101418,P2035,01/23/2023,4,completed
O501771,C101013,P2137,02/12/2023,4,completed
O501772,C101247,P2292,02/09/2023,5,completed
O501773,C100477,P2049,11/05/2023,3,returned
O501774,C100888,P2260,03/08/2023,5,returned
O501775,C101494,P2061,05/21/2023,5,completed
O501776,C100110,P2020,10/25/2023,1,completed
O501777,C101223,P2054,09/14/2023,1,returned
O501778,C101264,P2245,09/04/2023,5,completed
O501779,C101350,P2127,12/03/2023,4,completed
O501780,C100685,P2087,01/06/2023,5,cancelled
O501781,C100551,P2221,12/24/2023,3,completed
O501782,C100024,P2062,03/27/2023,4,completed
O501783,C101113,P2023,12/19/2023,3,completed
O501784,C101204,P2133,10/17/2023,1,completed
O501785,C100139,P2240,08/24/2023,5,completed
O501786,C100255,P2273,03/31/2023,1,cancelled
O501787,C100016,P2152,09/25/2023,3,completed
O501788,C100421,P2203,06/04/2023,2,completed
O501789,C100828,P2282,04/10/2023,5,completed
O501790,C100816,P2208,10/29/2023,4,completed
O501791,C100967,P2208,07/24/2023,5,completed
O501792,C100940,P2190,08/06/2023,2,cancelled
O501793,C101032,P2142,05/30/2023,2,completed
O501794,C101331,P2096,07/09/2023,4,completed
O501795,C101339,P2157,07/29/2023,1,completed
O501796,C100416,P2260,09/22/2023,4,completed
O501797,C100803,P2289,12/02/2023,3,returned
O501798,C100832,P2209,09/25/2023,1,completed
O501799,C100030,P2135,04/08/2023,4,completed
O501800,C100516,P2177,12/12/2023,4,completed
O501801,C101138,P2206,04/19/2023,4,cancelled
O501802,C100837,P2195,07/23/2023,3,returned
O501803,C100195,P2146,07/13/2023,5,completed
O501804,C100671,P2173,02/13/2023,1,completed
O501805,C100860,P2055,10/10/2023,4,completed
O501806,C100014,P2214,03/08/2023,5,completed
O501807,C101147,P2194,03/15/2023,1,completed
O501808,C100024,P2123,02/27/2023,5,completed
O501809,C100808,P2278,01/05/2023,2,completed
O501810,C101022,P2212,09/27/2023,5,returned
O501811,C101094,P2042,04/11/2023,4,cancelled
O501812,C100018,P2234,10/01/2023,1,cancelled
O501813,C100467,P2144,08/14/2023,1,completed
O501814,C100380,P2270,11/17/2023,1,completed
O501815,C101228,P2008,12/05/2023,2,completed
O501816,C100782,P2267,03/12/2023,2,completed
O501817,C101037,P2133,02/04/2023,2,completed
O501818,C100686,P2235,07/16/2023,1,completed
O501819,C100233,P2079,09/13/2023,3,completed
O501820,C100158,P2195,09/01/2023,2,completed
O501821,C100738,P2144,01/20/2023,4,completed
O501822,C101323,P2031,04/26/2023,2,completed
O501823,C101247,P2269,07/27/2023,2,completed
O501824,C101401,P2283,04/23/2023,3,completed
O501825,C100928,P2150,05/30/2023,4,completed
O501826,C101165,P2108,02/26/2023,3,cancelled
O501827,C100695,P2147,02/25/2023,5,returned
O501828,C100718,P2039,05/23/2023,2,completed
O501829,C101076,P2247,04/30/2023,2,completed
O501830,C101327,P2212,01/18/2023,3,completed
O501831,C100224,P2112,03/01/2023,4,completed
O501832,C100821,P2271,09/09/2023,1,completed
O501833,C100416,P2031,10/23/2023,4,completed
O501834,C100292,P2194,12/21/2023,2,cancelled
O501835,C101024,P2193,06/02/2023,3,completed
O501836,C100646,P2223,10/07/2023,2,completed
O501837,C100202,P2201,05/14/2023,3,completed
O501838,C100487,P2294,07/23/2023,4,returned
O501839,C100875,P2088,04/12/2023,3,returned
O501840,C100532,P2042,03/18/2023,1,completed
O501841,C100980,P2117,02/27/2023,1,completed
O501842,C100272,P2178,02/13/2023,5,completed
O501843,C100615,P2276,10/07/2023,3,cancelled
O501844,C101032,P2257,07/04/2023,4,completed
O501845,C101203,P2292,08/01/2023,2,completed
O501846,C101426,P2111,01/30/2023,1,completed
O501847,C100116,P2022,02/14/2023,2,completed
O501848,C100546,P2087,01/18/2023,5,cancelled
O501849,C100990,P2121,01/15/2023,2,returned
O501850,C100019,P2211,08/20/2023,4,completed
O501851,C100452,P2243,02/02/2023,4,completed
O501852,C100437,P2051,02/02/2023,2,completed
O501853,C100115,P2191,11/20/2023,5,returned
O501854,C100107,P2012,09/21/2023,4,completed
O501855,C101386,P2061,05/20/2023,4,completed
O501856,C101485,P2134,05/26/2023,3,completed
O501857,C101419,P2100,04/06/2023,5,returned
O501858,C101299,P2057,04/24/2023,3,completed
O501859,C100315,P2043,07/14/2023,5,returned
O501860,C101197,P2226,11/27/2023,3,cancelled
O501861,C100728,P2268,03/14/2023,2,completed
O501862,C101388,P2150,09/06/2023,2,completed
O501863,C100348,P2060,09/13/2023,5,returned
O501864,C100392,P2253,10/14/2023,1,completed
O501865,C100709,P2122,02/24/2023,4,completed
O501866,C100740,P2086,10/01/2023,5,completed
O501867,C101106,P2250,02/14/2023,1,completed
O501868,C101445,P2160,10/23/2023,3,completed
O501869,C101353,P2168,03/31/2023,1,completed
O501870,C100825,P2179,12/03/2023,2,completed
O501871,C100375,P2199,01/18/2023,1,completed
O501872,C100516,P2090,07/07/2023,3,completed
O501873,C100046,P2000,05/12/2023,3,completed
O501874,C100443,P2265,06/30/2023,1,completed
O501875,C101366,P2205,01/29/2023,4,completed
O501876,C100129,P2141,09/27/2023,2,completed
O501877,C100465,P2150,05/15/2023,3,completed
O501878,C101392,P2235,08/16/2023,3,completed
O501879,C100727,P2231,01/11/2023,2,completed
O501880,C101317,P2248,02/05/2023,5,returned
O501881,C100146,P2236,01/04/2023,2,returned
O501882,C101308,P2210,07/12/2023,3,returned
O501883,C100929,P2273,08/09/2023,3,completed
O501884,C101309,P2106,09/09/2023,5,completed
O501885,C100590,P2018,04/21/2023,5,cancelled
O501886,C101423,P2108,09/12/2023,2,completed
O501887,C100800,P2060,02/10/2023,5,completed
O501888,C100354,P2127,12/12/2023,3,completed
O501889,C101307,P2234,11/20/2023,5,completed
O501890,C100580,P2200,10/05/2023,5,completed
O501891,C101477,P2209,12/03/2023,2,returned
O501892,C100994,P2093,06/06/2023,5,completed
O501893,C100903,P2071,06/14/2023,2,completed
O501894,C101008,P2125,08/09/2023,1,returned
O501895,C100501,P2163,09/08/2023,4,completed
O501896,C101085,P2044,01/05/2023,2,completed
O501897,C100336,P2110,03/27/2023,2,completed
O501898,C100974,P2040,01/14/2023,4,completed
O501899,C101070,P2190,12/19/2023,2,completed
O501900,C100543,P2068,02/23/2023,2,completed
O501901,C100594,P2025,10/08/2023,4,completed
O501902,C100564,P2194,07/23/2023,4,completed
O501903,C101399,P2131,12/31/2023,3,completed
O501904,C101182,P2104,09/02/2023,5,completed
O501905,C101170,P2174,12/01/2023,5,completed
O501906,C100044,P2297,08/30/2023,1,returned
O501907,C101333,P2035,11/23/2023,1,cancelled
O501908,C101191,P2037,10/10/2023,1,completed
O501909,C101120,P2013,03/16/2023,3,completed
O501910,C100935,P2113,07/22/2023,4,completed
O501911,C100565,P2158,08/23/2023,3,returned
O501912,C100162,P2215,02/16/2023,3,completed
O501913,C100825,P2067,04/10/2023,5,completed
O501914,C100807,P2214,12/16/2023,1,completed
O501915,C100640,P2181,09/13/2023,3,completed
O501916,C100638,P2219,11/20/2023,3,completed
O501917,C100229,P2266,09/03/2023,3,completed
O501918,C100222,P2036,06/07/2023,2,returned
O501919,C100987,P2201,11/05/2023,5,completed
O501920,C101267,P2170,05/15/2023,3,completed
O501921,C100958,P2005,08/31/2023,3,completed
O501922,C100962,P2205,01/08/2023,4,completed
O501923,C100944,P2103,11/18/2023,2,completed
O501924,C101357,P2246,04/06/2023,1,completed
O501925,C100293,P2107,06/15/2023,3,completed
O501926,C100246,P2278,05/16/2023,1,completed
O501927,C100332,P2004,01/29/2023,3,completed
O501928,C101234,P2002,10/08/2023,1,completed
O501929,C100760,P2054,07/02/2023,5,completed
O501930,C100326,P2268,12/13/2023,5,completed
O501931,C101322,P2077,11/19/2023,5,completed
O501932,C101014,P2146,08/08/2023,5,completed
O501933,C101278,P2010,05/24/2023,2,completed
O501934,C100260,P2283,04/15/2023,3,completed
O501935,C100660,P2146,09/28/2023,1,completed
O501936,C101081,P2257,01/07/2023,4,completed
O501937,C100730,P2096,11/08/2023,5,completed
O501938,C101496,P2020,06/24/2023,2,completed
O501939,C101258,P2052,03/18/2023,3,completed
O501940,C101108,P2016,01/09/2023,3,completed
O501941,C100179,P2249,01/13/2023,2,completed
O501942,C100924,P2025,01/16/2023,2,returned
O501943,C100387,P2193,05/24/2023,4,returned
O501944,C100047,P2031,12/28/2023,3,completed
O501945,C100867,P2090,01/12/2023,3,cancelled
O501946,C100485,P2179,08/01/2023,1,completed
O501947,C101161,P2035,05/07/2023,3,completed
O501948,C100508,P2053,07/09/2023,5,completed
O501949,C100072,P2291,05/13/2023,1,completed
O501950,C100087,P2040,05/08/2023,3,cancelled
O501951,C101085,P2026,08/26/2023,3,completed
O501952,C100344,P2048,05/16/2023,1,returned
O501953,C100370,P2235,04/10/2023,5,completed
O501954,C101421,P2253,01/08/2023,2,completed
O501955,C100198,P2279,04/23/2023,5,completed
O501956,C100380,P2128,10/17/2023,4,completed
O501957,C100241,P2097,06/30/2023,2,completed
O501958,C101099,P2225,04/20/2023,3,completed
O501959,C101355,P2076,08/23/2023,4,completed
O501960,C100764,P2186,02/23/2023,5,completed
O501961,C100337,P2044,11/24/2023,5,cancelled
O501962,C101321,P2168,04/16/2023,5,returned
O501963,C101250,P2096,06/13/2023,2,completed
O501964,C100086,P2154,01/01/2023,1,completed
O501965,C101359,P2159,04/12/2023,4,cancelled
O501966,C100096,P2235,02/01/2023,2,cancelled
O501967,C100309,P2295,04/23/2023,3,completed
O501968,C100295,P2046,03/31/2023,2,completed
O501969,C100532,P2113,09/03/2023,5,completed
O501970,C101354,P2145,09/04/2023,3,returned
O501971,C100225,P2052,01/01/2023,3,completed
O501972,C100149,P2068,02/12/2023,4,completed
O501973,C100168,P2134,11/07/2023,5,cancelled
O501974,C100376,P2015,05/24/2023,3,completed
O501975,C100612,P2079,08/06/2023,4,completed
O501976,C101056,P2282,03/03/2023,5,returned
O501977,C100275,P2023,10/31/2023,3,completed
O501978,C100801,P2008,09/04/2023,4,returned
O501979,C100324,P2289,07/08/2023,1,cancelled
O501980,C101352,P2225,05/30/2023,1,completed
O501981,C100727,P2276,01/20/2023,4,completed
O501982,C101305,P2133,06/23/2023,5,completed
O501983,C100293,P2281,11/21/2023,1,completed
O501984,C101359,P2164,07/09/2023,2,completed
O501985,C100887,P2281,04/26/2023,1,completed
O501986,C100205,P2254,03/30/2023,1,returned
O501987,C100482,P2011,04/11/2023,2,completed
O501988,C100560,P2172,07/23/2023,5,completed
O501989,C100281,P2203,01/30/2023,3,completed
O501990,C100637,P2287,03/04/2023,4,completed
O501991,C100319,P2070,04/21/2023,2,returned
O501992,C100072,P2262,01/03/2023,2,completed
O501993,C101372,P2223,10/16/2023,4,completed
O501994,C100362,P2186,04/14/2023,1,completed
O501995,C100529,P2272,04/04/2023,3,cancelled
O501996,C100389,P2087,10/26/2023,3,completed
O501997,C100495,P2133,09/03/2023,3,completed
O501998,C101467,P2135,06/22/2023,1,completed
O501999,C100910,P2018,05/08/2023,5,completed
O502000,C101077,P2136,11/29/2023,3,completed
O502001,C100963,P2065,01/14/2023,5,completed
O502002,C101190,P2255,09/14/2023,5,returned
O502003,C100958,P2017,06/27/2023,4,completed
O502004,C100804,P2123,12/08/2023,3,completed
O502005,C100968,P2128,02/18/2023,5,completed
O502006,C101008,P2224,09/03/2023,5,completed
O502007,C100783,P2028,03/29/2023,1,completed
O502008,C100830,P2284,12/26/2023,5,completed
O502009,C100566,P2247,01/30/2023,2,cancelled
O502010,C101453,P2148,11/05/2023,5,completed
O502011,C100375,P2248,01/26/2023,2,returned
O502012,C101392,P2252,11/18/2023,3,completed
O502013,C100895,P2117,05/31/2023,2,completed
O502014,C100157,P2264,10/01/2023,3,completed
O502015,C100890,P2268,03/21/2023,1,completed
O502016,C100875,P2070,04/01/2023,1,completed
O502017,C101414,P2295,02/16/2023,5,completed
O502018,C101103,P2217,08/09/2023,2,returned
O502019,C101403,P2031,10/16/2023,4,returned
O502020,C101443,P2035,07/14/2023,1,completed
O502021,C101292,P2214,01/28/2023,3,completed
O502022,C100019,P2100,07/03/2023,1,completed
O502023,C100998,P2209,10/14/2023,4,completed
O502024,C100827,P2155,07/04/2023,3,completed
O502025,C101355,P2123,08/03/2023,5,completed
O502026,C101007,P2243,05/28/2023,2,completed
O502027,C100210,P2283,10/13/2023,3,completed
O502028,C100956,P2191,11/14/2023,1,completed
O502029,C101236,P2027,04/20/2023,2,returned
O502030,C100582,P2177,03/12/2023,4,completed
O502031,C100576,P2252,01/03/2023,4,completed
O502032,C100350,P2036,08/29/2023,4,returned
O502033,C100221,P2006,02/11/2023,3,completed
O502034,C101191,P2033,02/01/2023,1,cancelled
O502035,C101329,P2251,04/11/2023,2,completed
O502036,C101123,P2042,07/11/2023,5,completed
O502037,C101460,P2254,11/08/2023,4,completed
O502038,C100063,P2154,09/01/2023,5,completed
O502039,C100282,P2088,11/16/2023,2,completed
O502040,C101449,P2069,01/30/2023,1,completed
O502041,C100166,P2267,08/15/2023,3,completed
O502042,C100409,P2018,03/13/2023,1,completed
O502043,C100563,P2100,12/05/2023,2,completed
O502044,C100979,P2190,07/31/2023,5,completed
O502045,C100278,P2188,03/25/2023,4,completed
O502046,C100884,P2258,04/30/2023,1,completed
O502047,C101179,P2073,10/22/2023,3,completed
O502048,C100152,P2166,10/25/2023,1,returned
O502049,C101142,P2068,10/21/2023,1,completed
O502050,C101003,P2158,05/03/2023,1,completed
O502051,C100513,P2135,05/22/2023,3,completed
O502052,C100362,P2192,09/26/2023,5,completed
O502053,C100138,P2259,06/06/2023,2,completed
O502054,C101378,P2162,12/17/2023,2,completed
O502055,C101300,P2150,03/09/2023,4,completed
O502056,C100961,P2144,07/21/2023,3,cancelled
O502057,C100846,P2062,05/14/2023,3,completed
O502058,C100039,P2246,10/18/2023,2,completed
O502059,C101364,P2148,09/22/2023,1,completed
O502060,C100469,P2083,01/15/2023,4,completed
O502061,C101353,P2102,09/03/2023,4,returned
O502062,C101401,P2209,11/19/2023,5,completed
O502063,C101425,P2032,07/07/2023,4,completed
O502064,C100649,P2135,07/03/2023,1,completed
O502065,C100126,P2282,06/27/2023,2,completed
O502066,C100283,P2055,12/27/2023,5,cancelled
O502067,C100086,P2253,01/02/2023,2,cancelled
O502068,C100381,P2151,07/10/2023,5,completed
O502069,C100225,P2222,05/04/2023,2,completed
O502070,C100986,P2176,07/26/2023,4,completed
O502071,C101057,P2271,05/12/2023,4,completed
O502072,C100636,P2231,08/05/2023,3,completed
O502073,C100951,P2172,01/14/2023,2,completed
O502074,C100029,P2255,06/10/2023,1,completed
O502075,C101422,P2191,01/29/2023,4,cancelled
O502076,C100595,P2106,08/09/2023,1,completed
O502077,C100596,P2145,08/23/2023,3,completed
O502078,C100977,P2038,06/19/2023,3,completed
O502079,C100982,P2214,11/13/2023,2,completed
O502080,C100449,P2131,05/25/2023,3,completed
O502081,C100683,P2075,02/06/2023,5,completed
O502082,C101196,P2060,03/20/2023,2,completed
O502083,C101459,P2141,08/06/2023,4,completed
O502084,C100611,P2239,08/30/2023,3,completed
O502085,C100250,P2195,03/31/2023,3,completed
O502086,C100260,P2021,08/28/2023,3,completed
O502087,C100663,P2226,07/19/2023,3,cancelled
O502088,C100902,P2071,11/21/2023,5,completed
O502089,C101489,P2136,08/29/2023,5,completed
O502090,C100139,P2113,05/21/2023,5,completed
O502091,C100667,P2235,05/01/2023,4,completed
O502092,C100072,P2075,08/10/2023,4,completed
O502093,C100492,P2299,09/09/2023,5,completed
O502094,C101054,P2270,04/26/2023,3,completed
O502095,C100721,P2163,12/12/2023,1,completed
O502096,C100665,P2090,07/25/2023,4,completed
O502097,C101171,P2153,08/24/2023,4,completed
O502098,C100260,P2269,10/31/2023,5,returned
O502099,C101367,P2160,04/14/2023,3,completed
O502100,C100972,P2213,06/24/2023,4,completed
O502101,C101362,P2294,07/29/2023,3,completed
O502102,C100376,P2291,09/22/2023,4,completed
O502103,C101467,P2158,01/30/2023,2,completed
O502104,C100693,P2160,08/20/2023,4,completed
O502105,C100635,P2049,02/13/2023,4,completed
O502106,C100025,P2245,06/11/2023,2,completed
O502107,C100861,P2296,10/01/2023,2,completed
O502108,C101387,P2142,06/04/2023,4,completed
O502109,C100017,P2236,09/01/2023,1,completed
O502110,C101287,P2054,06/29/2023,5,completed
O502111,C101227,P2073,08/10/2023,3,completed
O502112,C101141,P2027,10/28/2023,5,completed
O502113,C101118,P2111,04/24/2023,1,completed
O502114,C100480,P2210,11/25/2023,5,completed
O502115,C100927,P2255,01/16/2023,1,completed
O502116,C101386,P2255,03/02/2023,1,returned
O502117,C101399,P2072,04/13/2023,2,completed
O502118,C100116,P2110,05/09/2023,4,completed
O502119,C101192,P2188,08/01/2023,3,completed
O502120,C100275,P2193,05/17/2023,5,cancelled
O502121,C101119,P2215,04/10/2023,5,completed
O502122,C101191,P2142,02/25/2023,1,completed
O502123,C100146,P2100,02/21/2023,3,completed
O502124,C101365,P2010,02/06/2023,4,completed
O502125,C101045,P2116,04/26/2023,5,completed
O502126,C100333,P2078,12/25/2023,3,completed
O502127,C101390,P2200,02/04/2023,1,completed
O502128,C100415,P2268,01/17/2023,2,completed
O502129,C101304,P2218,01/26/2023,3,completed
O502130,C101497,P2211,05/30/2023,4,completed
O502131,C100530,P2279,11/29/2023,4,completed
O502132,C100480,P2167,12/05/2023,5,completed
O502133,C100718,P2039,10/06/2023,3,returned
O502134,C101354,P2295,07/09/2023,5,completed
O502135,C100889,P2007,04/04/2023,5,completed
O502136,C100743,P2143,09/22/2023,1,completed
O502137,C100215,P2164,06/11/2023,2,completed
O502138,C100325,P2156,01/06/2023,5,completed
O502139,C101247,P2265,09/30/2023,2,completed
O502140,C101025,P2143,12/07/2023,3,completed
O502141,C100468,P2035,04/22/2023,5,completed
O502142,C101431,P2012,06/21/2023,1,completed
O502143,C101262,P2083,02/21/2023,4,completed
O502144,C101451,P2110,06/02/2023,5,completed
O502145,C101027,P2226,10/02/2023,2,completed
O502146,C101119,P2086,12/29/2023,2,completed
O502147,C101238,P2187,11/09/2023,1,completed
O502148,C100172,P2190,12/19/2023,3,completed
O502149,C101466,P2053,03/17/2023,2,returned
O502150,C100709,P2292,01/23/2023,3,completed
O502151,C100972,P2114,11/11/2023,1,completed
O502152,C100628,P2124,12/23/2023,3,completed
O502153,C100779,P2099,09/22/2023,4,completed
O502154,C101091,P2290,05/15/2023,3,completed
O502155,C101164,P2068,08/16/2023,2,completed
O502156,C100775,P2223,07/25/2023,1,cancelled
O502157,C100242,P2181,08/30/2023,2,cancelled
O502158,C100522,P2031,03/16/2023,3,returned
O502159,C101171,P2035,04/15/2023,5,completed
O502160,C101347,P2226,07/30/2023,4,completed
O502161,C100245,P2265,01/02/2023,1,completed
O502162,C100806,P2122,07/23/2023,3,completed
O502163,C100743,P2106,09/18/2023,4,returned
O502164,C100709,P2252,10/09/2023,2,completed
O502165,C100811,P2090,04/30/2023,4,completed
O502166,C101154,P2277,09/05/2023,3,cancelled
O502167,C100073,P2130,11/02/2023,3,completed
O502168,C100007,P2277,12/29/2023,3,completed
O502169,C100591,P2173,07/18/2023,1,cancelled
O502170,C101348,P2153,03/21/2023,3,completed
O502171,C101312,P2007,12/09/2023,5,completed
O502172,C101153,P2104,03/14/2023,4,completed
O502173,C100472,P2211,06/18/2023,1,returned
O502174,C101067,P2156,03/10/2023,5,completed
O502175,C101096,P2263,12/09/2023,5,completed
O502176,C101491,P2109,03/08/2023,4,completed
O502177,C101433,P2142,11/20/2023,4,returned
O502178,C100573,P2238,05/24/2023,3,completed
O502179,C101302,P2204,07/09/2023,1,completed
O502180,C100587,P2193,05/23/2023,3,completed
O502181,C101132,P2221,05/20/2023,5,completed
O502182,C100909,P2046,06/18/2023,4,completed
O502183,C101186,P2259,11/30/2023,2,completed
O502184,C100211,P2186,07/10/2023,5,completed
O502185,C100898,P2108,10/24/2023,1,completed
O502186,C100002,P2048,07/23/2023,3,completed
O502187,C100263,P2293,11/18/2023,2,completed
O502188,C100184,P2248,06/17/2023,2,cancelled
O502189,C100776,P2251,03/13/2023,5,completed
O502190,C100422,P2173,09/04/2023,4,completed
O502191,C101218,P2217,09/28/2023,3,completed
O502192,C100168,P2259,05/31/2023,2,completed
O502193,C100027,P2065,04/18/2023,5,completed
O502194,C100410,P2276,12/02/2023,2,completed
O502195,C100874,P2100,03/01/2023,3,completed
O502196,C100982,P2161,03/09/2023,4,completed
O502197,C101329,P2203,10/28/2023,3,completed
O502198,C100798,P2044,02/15/2023,3,completed
O502199,C100783,P2159,12/04/2023,3,completed
O502200,C100176,P2120,04/26/2023,2,returned
O502201,C100586,P2024,07/03/2023,5,completed
O502202,C101182,P2281,11/21/2023,3,returned
O502203,C100169,P2289,04/27/2023,5,returned
O502204,C101020,P2264,08/07/2023,5,completed
O502205,C100728,P2101,02/09/2023,3,completed
O502206,C100515,P2222,11/02/2023,5,completed
O502207,C101181,P2179,07/30/2023,1,completed
O502208,C101277,P2243,12/24/2023,1,completed
O502209,C100653,P2005,09/24/2023,2,completed
O502210,C100891,P2167,11/19/2023,3,completed
O502211,C100666,P2246,07/12/2023,1,completed
O502212,C100566,P2195,08/04/2023,3,completed
O502213,C101391,P2155,06/26/2023,2,completed
O502214,C100105,P2260,04/24/2023,4,completed
O502215,C100471,P2006,07/16/2023,3,cancelled
O502216,C100131,P2018,11/12/2023,2,completed
O502217,C101194,P2225,10/15/2023,4,completed
O502218,C101213,P2286,03/26/2023,1,returned
O502219,C100910,P2205,04/20/2023,3,completed
O502220,C100405,P2044,11/19/2023,3,completed
O502221,C100074,P2111,01/05/2023,3,completed
O502222,C100879,P2135,02/02/2023,2,completed
O502223,C101415,P2213,06/30/2023,1,completed
O502224,C100661,P2284,09/14/2023,3,completed
O502225,C100975,P2036,10/02/2023,3,completed
O502226,C101046,P2197,04/07/2023,4,completed
O502227,C100422,P2048,06/07/2023,1,completed
O502228,C100933,P2071,12/17/2023,5,completed
O502229,C101106,P2279,10/08/2023,1,completed
O502230,C101094,P2262,04/01/2023,4,completed
O502231,C100544,P2091,06/30/2023,1,cancelled
O502232,C100391,P2027,07/04/2023,2,completed
O502233,C100585,P2038,12/17/2023,4,returned
O502234,C101423,P2256,05/26/2023,4,completed
O502235,C100841,P2245,10/24/2023,5,completed
O502236,C100701,P2008,09/04/2023,2,returned
O502237,C100384,P2045,11/26/2023,4,cancelled
O502238,C100968,P2283,12/22/2023,4,completed
O502239,C101299,P2018,09/06/2023,1,completed
O502240,C100323,P2070,10/28/2023,1,completed
O502241,C100117,P2207,11/07/2023,5,cancelled
O502242,C100338,P2150,06/21/2023,4,returned
O502243,C101319,P2167,01/08/2023,3,completed
O502244,C101063,P2071,11/08/2023,1,completed
O502245,C100104,P2066,05/15/2023,2,returned
O502246,C100592,P2170,05/20/2023,3,completed
O502247,C100034,P2083,01/19/2023,2,completed
O502248,C100642,P2188,07/13/2023,1,completed
O502249,C100222,P2066,11/14/2023,5,completed
O502250,C100118,P2116,03/08/2023,3,completed
O502251,C100654,P2204,01/16/2023,2,completed
O502252,C100739,P2087,01/16/2023,2,completed
O502253,C100138,P2105,08/03/2023,2,completed
O502254,C101016,P2164,04/03/2023,1,cancelled
O502255,C100304,P2144,01/20/2023,3,completed
O502256,C100444,P2215,02/25/2023,1,completed
O502257,C100550,P2175,10/04/2023,2,completed
O502258,C100583,P2257,12/01/2023,1,completed
O502259,C101375,P2000,12/18/2023,2,completed
O502260,C100637,P2191,01/23/2023,3,completed
O502261,C100721,P2188,12/12/2023,1,completed
O502262,C100968,P2262,10/08/2023,3,returned
O502263,C100634,P2164,10/01/2023,3,returned
O502264,C100814,P2077,04/04/2023,1,completed
O502265,C100535,P2255,05/18/2023,5,completed
O502266,C100169,P2106,08/21/2023,2,cancelled
O502267,C101395,P2084,03/30/2023,3,completed
O502268,C100009,P2280,05/20/2023,2,completed
O502269,C101008,P2172,04/18/2023,5,completed
O502270,C100149,P2246,01/28/2023,1,cancelled
O502271,C100810,P2193,08/31/2023,4,completed
O502272,C101134,P2254,05/25/2023,1,completed
O502273,C100847,P2163,07/15/2023,3,completed
O502274,C100405,P2150,01/10/2023,4,returned
O502275,C100681,P2059,07/05/2023,4,completed
O502276,C100355,P2187,11/19/2023,2,cancelled
O502277,C101238,P2059,10/02/2023,2,returned
O502278,C100054,P2117,12/05/2023,5,completed
O502279,C101209,P2101,03/29/2023,5,completed
O502280,C100386,P2260,06/17/2023,1,completed
O502281,C100208,P2240,07/23/2023,1,returned
O502282,C100153,P2176,05/11/2023,1,cancelled
O502283,C100014,P2155,02/03/2023,2,cancelled
O502284,C101025,P2207,03/30/2023,5,completed
O502285,C101376,P2197,10/22/2023,1,completed
O502286,C101447,P2040,06/30/2023,1,completed
O502287,C101380,P2104,01/03/2023,4,completed
O502288,C100147,P2021,07/10/2023,4,completed
O502289,C101267,P2118,12/30/2023,4,completed
O502290,C100207,P2069,08/31/2023,5,completed
O502291,C100496,P2069,04/28/2023,4,cancelled
O502292,C100911,P2238,11/27/2023,2,returned
O502293,C100485,P2185,08/11/2023,4,completed
O502294,C100397,P2020,12/19/2023,5,returned
O502295,C100435,P2044,12/19/2023,4,completed
O502296,C100386,P2154,09/20/2023,3,completed
O502297,C101129,P2080,09/26/2023,4,completed
O502298,C100726,P2243,05/22/2023,2,completed
O502299,C100116,P2217,08/26/2023,2,returned
O502300,C100071,P2158,07/02/2023,4,completed
O502301,C100206,P2040,01/26/2023,2,completed
O502302,C100973,P2001,11/14/2023,3,returned
O502303,C100090,P2258,08/26/2023,5,completed
O502304,C101299,P2128,07/25/2023,1,returned
O502305,C100471,P2057,08/28/2023,2,returned
O502306,C101365,P2001,04/17/2023,4,completed
O502307,C100495,P2163,11/18/2023,1,cancelled
O502308,C101418,P2031,09/12/2023,1,completed
O502309,C100004,P2230,12/10/2023,2,returned
O502310,C101110,P2282,01/23/2023,5,completed
O502311,C100212,P2069,01/28/2023,1,completed
O502312,C100556,P2245,07/05/2023,1,completed
O502313,C100591,P2125,03/13/2023,5,cancelled
O502314,C100351,P2287,05/17/2023,5,completed
O502315,C101207,P2168,05/25/2023,1,completed
O502316,C101270,P2021,06/09/2023,3,completed
O502317,C100327,P2023,03/25/2023,1,completed
O502318,C101319,P2124,09/17/2023,1,completed
O502319,C100015,P2150,08/31/2023,2,completed
O502320,C100725,P2185,01/01/2023,1,completed
O502321,C101473,P2294,08/26/2023,3,completed
O502322,C101339,P2096,04/26/2023,1,completed
O502323,C100262,P2273,03/18/2023,3,completed
O502324,C100462,P2218,10/20/2023,3,completed
O502325,C101095,P2213,06/28/2023,5,completed
O502326,C101059,P2150,05/10/2023,4,returned
O502327,C100219,P2213,11/09/2023,1,completed
O502328,C100501,P2018,07/19/2023,4,cancelled
O502329,C100942,P2063,09/03/2023,5,completed
O502330,C101073,P2039,05/19/2023,2,cancelled
O502331,C100287,P2050,11/22/2023,4,completed
O502332,C100178,P2199,05/31/2023,2,completed
O502333,C100311,P2169,11/18/2023,1,completed
O502334,C101363,P2069,03/13/2023,1,completed
O502335,C100121,P2171,12/24/2023,1,completed
O502336,C101342,P2065,12/18/2023,5,returned
O502337,C101154,P2217,08/07/2023,2,completed
O502338,C100198,P2057,02/08/2023,1,completed
O502339,C101258,P2141,08/18/2023,2,completed
O502340,C101007,P2245,08/19/2023,4,completed
O502341,C101041,P2047,04/14/2023,2,completed
O502342,C100953,P2127,10/11/2023,4,completed
O502343,C101223,P2162,07/23/2023,1,completed
O502344,C101238,P2024,02/28/2023,1,completed
O502345,C100257,P2024,09/04/2023,2,completed
O502346,C101280,P2075,11/23/2023,1,completed
O502347,C101212,P2119,06/05/2023,2,returned
O502348,C101217,P2126,03/16/2023,4,returned
O502349,C100984,P2149,08/21/2023,4,returned
O502350,C101003,P2116,06/24/2023,3,completed
O502351,C100736,P2143,12/05/2023,1,completed
O502352,C100632,P2151,01/02/2023,4,completed
O502353,C100195,P2267,01/13/2023,4,completed
O502354,C100512,P2117,03/31/2023,4,completed
O502355,C100678,P2148,04/27/2023,5,completed
O502356,C100290,P2291,11/24/2023,4,completed
O502357,C101260,P2208,07/13/2023,3,completed
O502358,C100262,P2273,04/13/2023,1,returned
O502359,C100695,P2215,11/15/2023,2,completed
O502360,C100492,P2167,04/07/2023,2,completed
O502361,C100498,P2102,03/03/2023,5,completed
O502362,C100983,P2294,12/15/2023,4,completed
O502363,C100830,P2067,04/22/2023,1,completed
O502364,C100575,P2214,05/17/2023,5,completed
O502365,C100440,P2076,11/24/2023,5,completed
O502366,C101215,P2028,11/20/2023,3,cancelled
O502367,C100162,P2217,01/29/2023,5,returned
O502368,C100468,P2282,01/25/2023,5,completed
O502369,C100958,P2130,06/08/2023,3,completed
O502370,C100214,P2258,05/20/2023,1,completed
O502371,C100041,P2120,04/24/2023,5,completed
O502372,C100443,P2042,08/27/2023,2,completed
O502373,C100529,P2036,10/07/2023,5,completed
O502374,C100832,P2089,11/15/2023,2,completed
O502375,C101270,P2214,01/29/2023,2,completed
O502376,C101092,P2223,07/07/2023,1,completed
O502377,C101390,P2004,09/18/2023,1,cancelled
O502378,C101262,P2239,09/22/2023,1,completed
O502379,C100320,P2286,05/10/2023,2,completed
O502380,C101158,P2276,12/22/2023,1,returned
O502381,C100389,P2279,10/26/2023,5,completed
O502382,C100770,P2148,08/25/2023,3,returned
O502383,C100186,P2278,06/18/2023,2,completed
O502384,C101055,P2051,07/24/2023,3,completed
O502385,C100100,P2260,06/16/2023,3,completed
O502386,C101205,P2243,07/19/2023,4,completed
O502387,C101056,P2025,04/24/2023,1,completed
O502388,C100986,P2210,03/18/2023,2,completed
O502389,C101179,P2107,06/18/2023,4,completed
O502390,C100255,P2174,03/30/2023,2,completed
O502391,C101015,P2025,02/28/2023,4,completed
O502392,C100980,P2205,07/03/2023,2,completed
O502393,C100903,P2275,02/15/2023,3,cancelled
O502394,C101110,P2296,07/23/2023,5,completed
O502395,C100730,P2038,11/13/2023,3,completed
O502396,C100361,P2035,07/28/2023,2,returned
O502397,C101486,P2108,01/11/2023,1,completed
O502398,C101447,P2031,03/16/2023,4,completed
O502399,C101487,P2005,01/20/2023,1,returned
O502400,C101046,P2118,11/18/2023,3,completed
O502401,C101169,P2036,12/01/2023,2,completed
O502402,C100827,P2150,09/26/2023,4,completed
O502403,C100542,P2135,02/28/2023,2,completed
O502404,C100514,P2289,11/13/2023,3,completed
O502405,C100967,P2261,03/08/2023,3,completed
O502406,C100436,P2247,12/09/2023,5,completed
O502407,C101045,P2241,03/17/2023,4,completed
O502408,C100208,P2107,12/13/2023,1,completed
O502409,C100252,P2169,08/16/2023,3,completed
O502410,C101344,P2057,04/06/2023,4,completed
O502411,C100335,P2197,03/24/2023,1,completed
O502412,C100183,P2219,12/23/2023,5,completed
O502413,C100535,P2072,12/18/2023,3,completed
O502414,C100289,P2137,05/21/2023,1,completed
O502415,C100272,P2024,07/02/2023,4,completed
O502416,C100436,P2202,11/25/2023,4,cancelled
O502417,C100121,P2104,12/27/2023,5,completed
O502418,C100178,P2166,04/23/2023,4,completed
O502419,C101108,P2065,08/06/2023,3,completed
O502420,C100655,P2044,01/18/2023,3,completed
O502421,C101036,P2167,10/03/2023,1,returned
O502422,C101252,P2293,09/02/2023,4,completed
O502423,C100338,P2084,12/13/2023,3,completed
O502424,C100277,P2016,09/22/2023,2,completed
O502425,C100370,P2119,07/06/2023,2,completed
O502426,C100828,P2166,05/15/2023,4,completed
O502427,C100517,P2001,09/07/2023,4,cancelled
O502428,C101056,P2166,03/25/2023,1,completed
O502429,C100698,P2157,06/29/2023,3,completed
O502430,C100512,P2246,06/15/2023,3,completed
O502431,C101265,P2265,08/24/2023,3,completed
O502432,C100772,P2237,07/06/2023,1,completed
O502433,C101045,P2162,12/03/2023,5,completed
O502434,C101070,P2188,01/22/2023,1,completed
O502435,C101098,P2289,01/26/2023,3,completed
O502436,C100547,P2179,11/15/2023,4,completed
O502437,C101323,P2250,09/16/2023,1,completed
O502438,C100041,P2156,10/12/2023,1,completed
O502439,C100040,P2005,02/23/2023,3,returned
O502440,C100856,P2218,09/20/2023,3,cancelled
O502441,C101111,P2233,07/02/2023,1,completed
O502442,C100832,P2118,07/02/2023,5,completed
O502443,C100908,P2140,05/07/2023,4,completed
O502444,C100950,P2138,09/10/2023,5,completed
O502445,C101166,P2059,06/21/2023,4,completed
O502446,C101266,P2075,07/22/2023,5,returned
O502447,C100152,P2104,11/18/2023,5,completed
O502448,C100244,P2243,01/20/2023,5,completed
O502449,C100123,P2127,04/23/2023,4,completed
O502450,C100353,P2000,02/27/2023,3,completed
O502451,C100984,P2080,09/01/2023,1,returned
O502452,C100291,P2071,10/20/2023,5,returned
O502453,C101079,P2121,01/21/2023,3,completed
O502454,C100672,P2189,01/16/2023,1,returned
O502455,C101149,P2103,03/25/2023,5,completed
O502456,C101088,P2002,08/31/2023,3,returned
O502457,C100644,P2061,08/29/2023,5,completed
O502458,C101227,P2207,08/14/2023,4,returned
O502459,C100059,P2240,09/24/2023,4,completed
O502460,C100565,P2248,01/01/2023,3,completed
O502461,C101063,P2115,09/18/2023,2,completed
O502462,C101339,P2250,08/09/2023,5,cancelled
O502463,C100255,P2238,10/22/2023,5,completed
O502464,C100346,P2036,09/17/2023,2,completed
O502465,C100135,P2264,11/18/2023,4,completed
O502466,C100194,P2064,06/27/2023,5,completed
O502467,C100954,P2187,08/20/2023,5,completed
O502468,C100665,P2150,04/25/2023,2,completed
O502469,C100774,P2171,02/26/2023,4,completed
O502470,C100531,P2079,01/03/2023,4,completed
O502471,C101113,P2177,02/20/2023,4,completed
O502472,C100115,P2016,07/15/2023,5,completed
O502473,C100302,P2080,11/30/2023,4,completed
O502474,C100504,P2109,02/21/2023,4,completed
O502475,C100613,P2135,08/19/2023,3,completed
O502476,C100479,P2268,11/02/2023,5,cancelled
O502477,C101322,P2106,03/15/2023,3,returned
O502478,C100126,P2143,02/24/2023,4,completed
O502479,C101284,P2226,05/22/2023,3,completed
O502480,C100566,P2180,12/21/2023,2,completed
O502481,C101129,P2203,03/27/2023,4,completed
O502482,C100369,P2084,02/09/2023,4,completed
O502483,C100100,P2014,01/03/2023,1,completed
O502484,C100317,P2128,07/08/2023,2,completed
O502485,C100613,P2130,10/09/2023,5,completed
O502486,C101118,P2118,08/17/2023,4,completed
O502487,C100692,P2083,03/16/2023,2,completed
O502488,C100889,P2055,05/22/2023,5,completed
O502489,C100033,P2284,11/19/2023,2,completed
O502490,C100136,P2170,02/17/2023,2,completed
O502491,C100381,P2041,09/19/2023,4,completed
O502492,C100100,P2153,04/03/2023,1,cancelled
O502493,C100392,P2049,07/02/2023,1,completed
O502494,C100426,P2102,05/24/2023,3,completed
O502495,C100318,P2132,03/29/2023,2,completed
O502496,C101104,P2298,06/04/2023,1,completed
O502497,C100710,P2299,12/15/2023,5,completed
O502498,C101385,P2234,01/12/2023,4,returned
O502499,C100534,P2179,11/15/2023,5,completed
O502500,C100126,P2296,01/01/2023,1,completed
O502501,C101243,P2264,10/25/2023,4,completed
O502502,C100472,P2005,05/19/2023,3,completed
O502503,C101301,P2160,01/15/2023,4,completed
O502504,C100919,P2045,12/08/2023,3,completed
O502505,C101467,P2204,05/06/2023,3,completed
O502506,C101032,P2186,08/09/2023,1,completed
O502507,C101153,P2288,05/12/2023,5,completed
O502508,C100381,P2283,11/10/2023,5,completed
O502509,C101143,P2079,07/12/2023,1,completed
O502510,C101214,P2124,02/16/2023,1,completed
O502511,C101430,P2172,05/12/2023,4,completed
O502512,C100151,P2256,10/24/2023,1,completed
O502513,C100805,P2215,08/25/2023,5,completed
O502514,C100773,P2133,09/02/2023,1,completed
O502515,C101255,P2122,08/20/2023,3,completed
O502516,C100362,P2280,04/06/2023,5,completed
O502517,C100683,P2053,01/22/2023,2,completed
O502518,C100804,P2069,11/17/2023,1,completed
O502519,C101339,P2126,12/04/2023,3,completed
O502520,C100418,P2220,03/03/2023,3,completed
O502521,C100549,P2265,01/25/2023,1,completed
O502522,C100207,P2073,09/17/2023,1,completed
O502523,C101329,P2240,01/30/2023,1,returned
O502524,C100683,P2295,10/03/2023,1,completed
O502525,C100930,P2225,09/23/2023,1,completed
O502526,C100447,P2138,12/18/2023,5,completed
O502527,C100739,P2253,09/03/2023,1,completed
O502528,C100005,P2161,10/03/2023,1,completed
O502529,C100949,P2044,02/19/2023,5,completed
O502530,C101479,P2067,05/31/2023,3,returned
O502531,C100393,P2118,03/31/2023,1,returned
O502532,C100137,P2183,12/04/2023,3,completed
O502533,C100979,P2075,03/22/2023,1,completed
O502534,C100491,P2278,03/02/2023,3,completed
O502535,C101494,P2036,09/17/2023,5,completed
O502536,C101015,P2294,01/02/2023,3,completed
O502537,C100400,P2139,02/12/2023,2,completed
O502538,C101061,P2016,10/12/2023,3,completed
O502539,C100459,P2212,11/28/2023,3,completed
O502540,C100559,P2016,03/05/2023,3,completed
O502541,C100408,P2250,07/11/2023,5,completed
O502542,C101425,P2177,11/09/2023,3,cancelled
O502543,C100444,P2247,11/21/2023,3,completed
O502544,C100377,P2087,10/08/2023,1,cancelled
O502545,C100848,P2071,09/16/2023,3,completed
O502546,C100624,P2219,09/05/2023,1,cancelled
O502547,C100078,P2162,09/27/2023,2,completed
O502548,C101119,P2181,02/10/2023,2,completed
O502549,C101430,P2156,06/20/2023,1,completed
O502550,C100171,P2086,10/16/2023,2,completed
O502551,C100891,P2211,06/22/2023,1,completed
O502552,C100200,P2024,02/17/2023,5,completed
O502553,C101124,P2230,07/26/2023,5,completed
O502554,C100796,P2087,09/06/2023,5,completed
O502555,C101453,P2033,06/05/2023,3,completed
O502556,C101314,P2266,08/21/2023,2,cancelled
O502557,C100249,P2120,07/15/2023,3,completed
O502558,C100213,P2234,03/09/2023,5,completed
O502559,C101075,P2180,11/29/2023,3,completed
O502560,C100503,P2287,05/05/2023,4,completed
O502561,C100998,P2074,02/26/2023,4,completed
O502562,C101438,P2169,09/03/2023,1,completed
O502563,C100221,P2239,03/11/2023,2,completed
O502564,C100831,P2039,01/07/2023,5,completed
O502565,C100285,P2218,09/02/2023,3,returned
O502566,C101332,P2180,03/11/2023,5,completed
O502567,C100982,P2005,11/07/2023,1,completed
O502568,C100269,P2149,11/23/2023,4,completed
O502569,C101177,P2251,08/12/2023,3,completed
O502570,C101440,P2289,08/04/2023,3,completed
O502571,C100935,P2202,09/13/2023,4,completed
O502572,C100281,P2189,12/20/2023,4,completed
O502573,C101164,P2283,07/24/2023,4,completed
O502574,C100758,P2048,08/05/2023,4,completed
O502575,C100628,P2012,02/27/2023,5,completed
O502576,C100273,P2239,03/23/2023,3,completed
O502577,C100974,P2087,12/10/2023,3,completed
O502578,C100636,P9999,08/31/2023,5,completed
O502579,C100185,P2224,04/08/2023,3,completed
O502580,C100949,P2280,04/24/2023,3,completed
O502581,C100820,P2182,03/19/2023,1,completed
O502582,C100938,P2218,08/04/2023,4,completed
O502583,C100467,P2257,01/13/2023,2,completed
O502584,C101287,P2287,08/03/2023,4,completed
O502585,C101018,P2125,06/06/2023,4,cancelled
O502586,C101114,P2043,02/06/2023,5,completed
O502587,C100450,P2279,08/07/2023,2,completed
O502588,C101412,P2068,11/06/2023,2,returned
O502589,C100058,P2188,05/29/2023,4,completed
O502590,C100447,P2204,09/23/2023,1,completed
O502591,C100564,P2137,12/29/2023,5,completed
O502592,C100965,P2253,05/06/2023,1,completed
O502593,C100831,P2030,10/09/2023,5,completed
O502594,C100264,P2100,07/08/2023,2,completed
O502595,C100055,P2241,05/06/2023,1,completed
O502596,C101119,P2054,07/10/2023,3,completed
O502597,C100330,P2244,01/08/2023,3,completed
O502598,C100006,P2134,11/16/2023,5,completed
O502599,C101293,P2256,04/07/2023,4,cancelled
O502600,C100781,P2081,10/01/2023,3,completed
O502601,C101467,P2173,07/04/2023,2,completed
O502602,C100456,P2049,10/06/2023,5,completed
O502603,C100123,P2256,05/26/2023,5,completed
O502604,C100626,P2169,12/04/2023,1,completed
O502605,C101167,P2253,06/15/2023,4,completed
O502606,C101326,P2185,09/03/2023,2,completed
O502607,C101010,P2142,03/10/2023,1,completed
O502608,C101007,P2176,08/22/2023,4,completed
O502609,C100179,P2068,04/11/2023,3,cancelled
O502610,C100699,P2262,01/02/2023,3,completed
O502611,C101374,P2195,08/16/2023,3,completed
O502612,C100372,P2152,08/06/2023,4,returned
O502613,C100691,P2047,02/09/2023,5,completed
O502614,C101286,P2005,06/09/2023,4,completed
O502615,C100807,P2076,02/27/2023,3,completed
O502616,C100302,P2252,07/16/2023,1,cancelled
O502617,C100657,P2109,12/12/2023,2,completed
O502618,C100010,P2005,06/18/2023,1,completed
O502619,C100940,P2265,10/19/2023,3,completed
O502620,C101434,P2239,05/28/2023,5,completed
O502621,C100276,P2293,11/25/2023,4,completed
O502622,C101061,P2288,01/24/2023,1,completed
O502623,C100724,P2063,02/27/2023,4,completed
O502624,C100350,P2292,01/30/2023,5,completed
O502625,C101120,P2004,06/04/2023,4,completed
O502626,C101214,P2015,02/12/2023,2,returned
O502627,C101370,P2219,03/02/2023,2,completed
O502628,C100911,P2095,07/15/2023,1,completed
O502629,C100058,P2071,12/15/2023,3,completed
O502630,C100376,P2093,03/16/2023,2,completed
O502631,C100922,P2214,12/20/2023,3,returned
O502632,C100670,P2072,04/19/2023,5,completed
O502633,C100578,P2061,10/27/2023,5,completed
O502634,C101082,P2015,12/12/2023,2,completed
O502635,C101150,P2209,02/13/2023,1,completed
O502636,C100483,P2008,04/06/2023,3,completed
O502637,C100448,P2021,09/03/2023,1,completed
O502638,C101167,P2066,01/25/2023,5,returned
O502639,C100521,P2058,06/18/2023,3,completed
O502640,C101000,P2288,07/06/2023,3,completed
O502641,C100443,P2236,09/26/2023,4,returned
O502642,C100499,P2113,05/18/2023,2,completed
O502643,C100329,P2184,03/22/2023,3,completed
O502644,C101142,P2134,12/13/2023,2,completed
O502645,C100047,P2221,02/07/2023,5,returned
O502646,C100910,P2265,10/31/2023,2,completed
O502647,C100040,P2158,08/18/2023,2,completed
O502648,C100721,P2083,06/19/2023,3,completed
O502649,C101225,P2157,05/18/2023,2,completed
O502650,C101022,P2046,02/08/2023,3,completed
O502651,C101005,P2107,11/15/2023,4,completed
O502652,C100920,P2140,12/25/2023,1,completed
O502653,C101397,P2104,05/24/2023,5,completed
O502654,C100946,P2223,09/20/2023,2,completed
O502655,C100542,P2042,07/09/2023,5,completed
O502656,C100094,P2235,01/04/2023,1,completed
O502657,C100371,P2083,10/24/2023,4,completed
O502658,C101296,P2222,01/21/2023,4,completed
O502659,C100518,P2246,04/26/2023,3,completed
O502660,C101435,P2111,01/13/2023,2,returned
O502661,C101050,P2004,12/14/2023,4,completed
O502662,C100964,P2200,02/18/2023,4,completed
O502663,C101039,P2071,10/12/2023,1,completed
O502664,C101368,P2196,05/07/2023,1,completed
O502665,C101025,P2164,11/04/2023,5,completed
O502666,C100259,P2147,05/23/2023,1,completed
O502667,C100761,P2001,11/03/2023,1,completed
O502668,C100672,P2230,01/23/2023,2,completed
O502669,C101293,P2108,05/22/2023,5,completed
O502670,C100970,P2278,11/19/2023,5,completed
O502671,C101352,P2263,03/29/2023,3,completed
O502672,C101418,P2111,04/01/2023,5,completed
O502673,C100944,P2211,02/23/2023,2,returned
O502674,C101284,P2034,03/01/2023,3,completed
O502675,C101184,P2220,12/21/2023,4,completed
O502676,C100395,P2146,02/07/2023,3,completed
O502677,C100796,P2030,02/07/2023,1,returned
O502678,C100827,P2053,04/19/2023,1,completed
O502679,C100998,P2229,12/23/2023,2,cancelled
O502680,C100023,P2203,11/23/2023,2,completed
O502681,C100662,P2237,04/20/2023,5,completed
O502682,C101031,P2099,07/06/2023,4,cancelled
O502683,C101335,P2228,09/17/2023,1,completed
O502684,C100397,P2111,02/19/2023,2,returned
O502685,C100268,P2251,11/18/2023,3,completed
O502686,C100352,P2234,08/25/2023,2,completed
O502687,C100847,P2217,04/15/2023,2,completed
O502688,C100574,P2028,02/20/2023,3,completed
O502689,C101030,P2235,02/03/2023,4,completed
O502690,C100981,P2220,07/06/2023,1,completed
O502691,C100098,P2197,01/01/2023,2,returned
O502692,C100475,P2067,02/10/2023,5,completed
O502693,C100254,P2256,07/19/2023,3,returned
O502694,C100085,P2284,04/20/2023,1,cancelled
O502695,C100467,P2116,09/28/2023,4,completed
O502696,C101450,P2017,12/07/2023,4,completed
O502697,C100441,P2065,10/23/2023,5,returned
O502698,C100831,P2246,10/02/2023,1,completed
O502699,C100739,P2079,01/12/2023,2,completed
O502700,C101287,P2210,07/18/2023,1,returned
O502701,C100778,P2082,05/09/2023,1,completed
O502702,C100736,P2180,08/14/2023,2,cancelled
O502703,C100871,P2185,01/13/2023,5,completed
O502704,C100071,P2005,06/10/2023,5,completed
O502705,C100359,P2224,03/31/2023,5,completed
O502706,C100570,P2114,08/05/2023,3,cancelled
O502707,C100479,P2255,12/16/2023,2,completed
O502708,C100262,P2107,11/11/2023,3,returned
O502709,C100126,P2260,10/08/2023,1,completed
O502710,C100666,P2275,10/21/2023,1,completed
O502711,C101157,P2229,09/22/2023,2,completed
O502712,C100927,P2036,11/07/2023,1,completed
O502713,C100985,P2134,07/13/2023,2,completed
O502714,C101459,P2020,05/02/2023,4,completed
O502715,C100000,P2125,04/02/2023,2,completed
O502716,C100976,P2258,01/31/2023,2,completed
O502717,C101190,P2086,11/29/2023,3,completed
O502718,C100590,P2279,06/12/2023,5,completed
O502719,C100080,P2035,02/15/2023,4,completed
O502720,C101487,P2198,08/04/2023,1,completed
O502721,C100994,P2004,08/05/2023,1,returned
O502722,C100558,P2041,02/15/2023,1,completed
O502723,C101225,P2148,01/26/2023,2,completed
O502724,C101173,P2097,12/29/2023,1,completed
O502725,C100166,P2115,11/27/2023,5,completed
O502726,C100143,P2099,01/09/2023,1,cancelled
O502727,C100865,P2112,05/25/2023,5,returned
O502728,C100587,P2136,05/08/2023,5,completed
O502729,C101412,P2077,09/10/2023,3,completed
O502730,C100733,P2090,02/25/2023,2,completed
O502731,C101111,P2278,09/22/2023,3,completed
O502732,C101050,P2273,11/14/2023,2,completed
O502733,C101408,P2266,04/19/2023,3,completed
O502734,C101376,P2209,04/15/2023,2,completed
O502735,C101305,P2042,02/09/2023,4,completed
O502736,C100999,P2007,02/27/2023,3,completed
O502737,C100813,P2252,05/27/2023,5,completed
O502738,C100634,P2123,04/22/2023,5,cancelled
O502739,C100880,P2146,09/29/2023,3,completed
O502740,C101223,P2157,06/27/2023,3,completed
O502741,C100138,P2246,02/08/2023,1,completed
O502742,C101261,P2019,04/13/2023,3,completed
O502743,C100740,P2029,07/05/2023,3,cancelled
O502744,C101156,P2228,03/30/2023,3,completed
O502745,C100164,P2191,07/10/2023,3,completed
O502746,C101488,P2184,03/05/2023,4,completed
O502747,C100445,P2283,08/16/2023,2,completed
O502748,C101036,P2052,02/18/2023,3,completed
O502749,C101481,P2232,09/17/2023,5,completed
O502750,C101388,P2208,11/23/2023,2,completed
O502751,C100396,P2101,04/21/2023,3,cancelled
O502752,C101400,P2002,11/10/2023,5,completed
O502753,C100665,P2277,05/13/2023,3,completed
O502754,C100830,P2077,07/31/2023,5,completed
O502755,C100822,P2298,01/20/2023,5,completed
O502756,C100488,P2252,07/13/2023,3,completed
O502757,C100457,P2003,11/25/2023,3,completed
O502758,C101299,P2129,11/18/2023,2,completed
O502759,C100004,P2199,01/04/2023,1,completed
O502760,C100179,P2279,08/21/2023,3,completed
O502761,C100789,P2127,02/08/2023,3,completed
O502762,C100498,P2003,11/20/2023,2,completed
O502763,C100585,P2005,07/05/2023,1,cancelled
O502764,C101295,P2035,05/17/2023,3,completed
O502765,C101319,P2161,05/31/2023,5,completed
O502766,C100563,P2156,03/20/2023,3,completed
O502767,C101318,P2176,10/13/2023,1,completed
O502768,C100771,P2094,08/11/2023,2,completed
O502769,C100216,P2278,06/15/2023,4,returned
O502770,C101358,P2203,11/25/2023,4,returned
O502771,C100458,P2286,10/18/2023,1,completed
O502772,C100493,P2178,07/28/2023,5,completed
O502773,C100117,P2187,08/29/2023,2,completed
O502774,C100263,P2075,07/06/2023,1,cancelled
O502775,C101475,P2134,04/01/2023,2,completed
O502776,C100246,P2068,03/11/2023,3,completed
O502777,C101370,P2204,05/04/2023,5,completed
O502778,C100250,P2282,12/08/2023,2,completed
O502779,C100359,P2004,06/09/2023,4,returned
O502780,C100671,P2055,06/06/2023,1,cancelled
O502781,C101290,P2162,02/25/2023,2,completed
O502782,C101071,P2193,08/22/2023,4,completed
O502783,C101419,P2180,10/26/2023,2,completed
O502784,C101221,P2195,01/22/2023,4,completed
O502785,C100476,P2020,07/24/2023,4,completed
O502786,C100558,P2092,06/08/2023,5,completed
O502787,C101493,P2146,11/11/2023,4,completed
O502788,C101437,P2196,02/06/2023,3,completed
O502789,C100576,P2095,10/31/2023,5,completed
O502790,C100999,P2258,12/24/2023,1,completed
O502791,C101374,P2037,11/10/2023,5,completed
O502792,C100143,P2105,08/08/2023,2,completed
O502793,C100027,P2157,10/03/2023,4,completed
O502794,C101434,P2276,07/01/2023,2,completed
O502795,C101068,P2050,05/16/2023,4,completed
O502796,C101009,P2266,04/13/2023,4,completed
O502797,C101228,P2007,05/18/2023,5,returned
O502798,C100970,P2242,05/17/2023,1,completed
O502799,C101382,P2266,11/25/2023,3,completed
O502800,C100106,P2207,08/08/2023,3,completed
O502801,C100817,P2034,06/02/2023,2,completed
O502802,C100343,P2265,05/20/2023,1,returned
O502803,C100657,P2163,02/26/2023,2,completed
O502804,C100094,P2269,07/17/2023,2,cancelled
O502805,C100605,P2113,01/17/2023,1,completed
O502806,C100040,P2058,09/11/2023,5,completed
O502807,C100139,P2109,03/31/2023,5,completed
O502808,C101387,P2046,03/11/2023,3,returned
O502809,C100844,P2074,04/12/2023,2,completed
O502810,C100923,P2235,07/17/2023,1,cancelled
O502811,C101200,P2244,09/25/2023,3,cancelled
O502812,C100093,P2143,02/22/2023,3,cancelled
O502813,C100317,P2068,02/07/2023,2,completed
O502814,C100555,P2024,01/28/2023,1,completed
O502815,C100931,P2151,09/21/2023,4,completed
O502816,C100677,P2151,07/26/2023,2,completed
O502817,C100381,P2030,06/05/2023,1,completed
O502818,C101078,P2250,05/10/2023,5,completed
O502819,C100357,P2222,02/09/2023,4,completed
O502820,C100925,P2079,03/23/2023,5,completed
O502821,C100937,P2048,01/20/2023,4,returned
O502822,C100840,P2112,05/29/2023,5,completed
O502823,C100556,P2030,05/09/2023,2,cancelled
O502824,C101312,P2073,03/05/2023,3,completed
O502825,C100986,P2006,01/20/2023,5,completed
O502826,C100935,P2142,04/29/2023,5,completed
O502827,C100610,P2034,03/17/2023,2,completed
O502828,C100306,P2118,03/16/2023,3,returned
O502829,C100346,P2011,12/27/2023,2,cancelled
O502830,C100047,P2283,11/05/2023,5,completed
O502831,C100238,P2044,03/19/2023,1,completed
O502832,C101030,P2068,12/13/2023,4,returned
O502833,C100203,P2108,06/29/2023,3,completed
O502834,C100501,P2238,10/17/2023,3,returned
O502835,C100477,P2240,05/19/2023,3,cancelled
O502836,C101270,P2004,05/31/2023,2,returned
O502837,C100008,P2037,07/26/2023,1,completed
O502838,C100000,P2067,02/12/2023,5,cancelled
O502839,C100827,P2233,12/23/2023,1,completed
O502840,C100399,P2274,11/01/2023,3,completed
O502841,C100323,P2158,07/27/2023,1,completed
O502842,C100975,P2061,10/03/2023,1,completed
O502843,C100347,P2013,10/28/2023,3,completed
O502844,C100305,P2061,05/03/2023,5,completed
O502845,C101357,P2201,03/30/2023,2,completed
O502846,C100880,P2233,09/21/2023,2,returned
O502847,C100693,P2107,09/15/2023,3,completed
O502848,C101002,P2284,11/07/2023,5,completed
O502849,C100946,P2215,03/10/2023,2,completed
O502850,C101423,P2151,11/14/2023,1,cancelled
O502851,C100346,P2000,12/29/2023,3,completed
O502852,C101053,P2192,10/25/2023,3,completed
O502853,C100721,P9999,01/22/2023,1,completed
O502854,C100023,P2052,01/10/2023,3,completed
O502855,C100521,P2020,04/07/2023,2,completed
O502856,C100318,P2296,06/11/2023,2,completed
O502857,C100394,P2139,05/11/2023,4,completed
O502858,C100131,P2286,09/18/2023,5,completed
O502859,C100243,P2139,09/23/2023,1,returned
O502860,C101401,P2287,08/10/2023,5,completed
O502861,C100227,P2291,01/21/2023,4,completed
O502862,C100176,P2236,01/02/2023,2,completed
O502863,C100412,P2269,07/24/2023,2,completed
O502864,C100014,P2003,02/07/2023,2,cancelled
O502865,C101302,P2251,06/11/2023,5,completed
O502866,C101160,P2094,01/07/2023,5,completed
O502867,C101081,P2123,05/28/2023,1,completed
O502868,C100072,P2071,04/07/2023,5,returned
O502869,C100042,P2266,12/27/2023,5,completed
O502870,C101495,P2217,11/11/2023,5,completed
O502871,C100263,P2287,05/01/2023,2,completed
O502872,C101304,P2222,05/19/2023,3,completed
O502873,C100990,P2268,12/05/2023,2,completed
O502874,C100674,P2012,05/16/2023,2,completed
O502875,C100655,P2077,12/27/2023,4,completed
O502876,C100298,P2216,03/28/2023,1,returned
O502877,C100881,P2004,06/01/2023,5,completed
O502878,C101343,P2167,01/18/2023,2,completed
O502879,C100494,P2269,01/10/2023,2,cancelled
O502880,C100003,P2148,03/15/2023,3,completed
O502881,C101136,P2101,05/02/2023,4,completed
O502882,C100625,P2025,10/17/2023,2,cancelled
O502883,C100930,P2228,01/31/2023,4,completed
O502884,C101301,P2054,03/18/2023,4,completed
O502885,C100041,P2028,12/09/2023,5,completed
O502886,C100197,P2016,07/11/2023,3,completed
O502887,C101385,P2186,04/23/2023,3,completed
O502888,C101407,P2215,07/17/2023,4,cancelled
O502889,C101460,P2157,10/21/2023,3,completed
O502890,C100752,P2013,09/16/2023,3,completed
O502891,C100648,P2124,07/30/2023,3,completed
O502892,C100986,P2196,05/14/2023,5,completed
O502893,C100332,P2122,05/14/2023,5,completed
O502894,C101196,P2210,02/18/2023,3,completed
O502895,C100763,P2089,06/01/2023,4,completed
O502896,C100060,P2274,03/24/2023,4,completed
O502897,C100111,P2088,05/07/2023,3,completed
O502898,C101482,P2261,09/28/2023,1,returned
O502899,C100375,P2296,08/09/2023,4,completed
O502900,C100983,P2270,07/27/2023,5,completed
O502901,C100895,P2157,06/20/2023,3,completed
O502902,C100961,P2225,03/19/2023,3,cancelled
O502903,C100381,P2050,01/07/2023,5,completed
O502904,C100331,P2069,04/23/2023,4,completed
O502905,C101084,P2253,04/21/2023,2,completed
O502906,C100973,P2210,07/27/2023,4,returned
O502907,C100971,P2193,05/31/2023,2,completed
O502908,C100226,P2214,01/04/2023,1,completed
O502909,C100362,P2095,10/19/2023,4,completed
O502910,C100157,P2050,06/27/2023,1,completed
O502911,C100639,P2134,01/04/2023,1,cancelled
O502912,C100070,P2290,12/12/2023,1,completed
O502913,C100990,P2116,06/17/2023,4,completed
O502914,C100018,P2125,03/14/2023,5,returned
O502915,C100142,P2193,06/17/2023,1,completed
O502916,C100058,P2227,01/03/2023,4,completed
O502917,C101128,P2145,03/22/2023,1,completed
O502918,C100370,P2090,10/31/2023,3,cancelled
O502919,C100300,P2073,01/12/2023,3,completed
O502920,C101303,P2056,12/03/2023,2,completed
O502921,C101297,P2210,02/27/2023,3,completed
O502922,C100413,P2293,07/06/2023,4,completed
O502923,C100960,P2198,03/13/2023,4,completed
O502924,C100910,P2002,03/03/2023,4,completed
O502925,C100501,P2109,09/06/2023,1,completed
O502926,C100101,P2138,12/24/2023,4,completed
O502927,C101388,P2080,06/05/2023,5,returned
O502928,C101491,P2023,10/15/2023,3,completed
O502929,C100545,P2285,09/20/2023,3,cancelled
O502930,C100499,P2173,02/10/2023,4,completed
O502931,C100295,P2024,05/02/2023,5,completed
O502932,C100536,P2262,08/07/2023,1,returned
O502933,C101341,P2095,06/21/2023,2,completed
O502934,C101129,P2014,10/31/2023,4,completed
O502935,C100335,P2178,05/23/2023,5,completed
O502936,C100581,P2252,07/08/2023,5,completed
O502937,C101216,P2157,01/13/2023,4,completed
O502938,C101374,P2166,04/19/2023,4,completed
O502939,C100511,P2146,05/10/2023,1,completed
O502940,C100430,P2290,10/29/2023,5,cancelled
O502941,C100983,P2126,06/25/2023,3,completed
O502942,C100337,P2240,12/12/2023,3,completed
O502943,C100227,P2299,05/26/2023,2,completed
O502944,C101245,P2002,11/28/2023,1,completed
O502945,C100569,P2251,03/06/2023,5,completed
O502946,C100105,P2159,06/16/2023,2,completed
O502947,C100039,P2219,12/14/2023,5,completed
O502948,C100032,P2002,02/21/2023,1,completed
O502949,C100764,P2264,08/10/2023,2,completed
O502950,C100789,P2013,01/25/2023,5,completed
O502951,C100596,P2206,03/10/2023,3,completed
O502952,C100889,P2132,11/08/2023,3,completed
O502953,C101037,P2044,03/08/2023,2,cancelled
O502954,C101332,P2233,03/05/2023,1,completed
O502955,C101218,P2198,10/22/2023,5,completed
O502956,C100600,P2095,04/30/2023,3,completed
O502957,C100117,P2216,11/21/2023,2,completed
O502958,C101444,P2025,11/09/2023,3,completed
O502959,C101353,P2297,12/14/2023,2,completed
O502960,C101410,P2169,02/27/2023,3,completed
O502961,C101476,P2217,03/09/2023,4,completed
O502962,C100343,P2014,10/09/2023,2,completed
O502963,C101282,P2269,09/17/2023,5,completed
O502964,C100231,P2295,12/22/2023,1,completed
O502965,C100418,P2143,10/09/2023,2,completed
O502966,C100049,P2071,08/03/2023,3,completed
O502967,C100309,P2229,02/15/2023,4,completed
O502968,C100737,P2091,12/15/2023,2,completed
O502969,C101360,P2201,10/28/2023,4,cancelled
O502970,C100426,P2080,08/21/2023,3,cancelled
O502971,C100239,P2110,12/10/2023,2,returned
O502972,C101419,P2202,05/20/2023,2,completed
O502973,C100104,P2005,09/01/2023,4,completed
O502974,C100428,P2146,07/21/2023,5,completed
O502975,C100792,P2029,04/15/2023,4,completed
O502976,C100800,P2112,06/03/2023,3,completed
O502977,C101027,P2109,07/17/2023,5,completed
O502978,C100749,P2296,07/19/2023,1,completed
O502979,C100601,P2172,03/17/2023,4,completed
O502980,C100353,P2089,09/11/2023,1,completed
O502981,C100975,P2211,01/05/2023,1,completed
O502982,C100171,P2221,03/26/2023,4,completed
O502983,C101317,P2099,08/07/2023,5,completed
O502984,C100640,P2045,07/10/2023,3,cancelled
O502985,C101191,P2117,09/23/2023,3,completed
O502986,C100374,P2275,10/02/2023,2,completed
O502987,C100472,P2196,04/24/2023,4,cancelled
O502988,C101417,P2064,10/09/2023,2,completed
O502989,C100638,P2137,04/20/2023,3,completed
O502990,C101197,P2089,09/03/2023,3,completed
O502991,C101435,P2294,07/13/2023,1,completed
O502992,C101426,P2245,06/13/2023,5,returned
O502993,C100628,P2118,03/16/2023,4,completed
O502994,C100527,P2147,05/18/2023,5,completed
O502995,C100414,P2245,07/10/2023,5,completed
O502996,C100116,P2157,07/01/2023,5,returned
O502997,C100794,P2240,12/14/2023,5,completed
O502998,C100701,P2074,02/22/2023,3,completed
O502999,C100641,P2001,09/09/2023,2,completed
O503000,C100290,P2078,07/26/2023,5,completed
O503001,C100501,P2083,04/20/2023,5,cancelled
O503002,C100961,P2152,09/02/2023,5,completed
O503003,C101279,P2052,03/03/2023,5,completed
O503004,C100794,P2130,05/10/2023,2,completed
O503005,C101144,P2210,07/18/2023,3,completed
O503006,C100768,P2097,02/13/2023,4,completed
O503007,C100448,P2034,05/07/2023,4,completed
O503008,C100168,P2297,12/31/2023,2,completed
O503009,C100869,P2074,06/26/2023,4,completed
O503010,C101252,P2184,11/09/2023,2,completed
O503011,C100603,P2081,07/09/2023,3,completed
O503012,C101256,P2292,08/01/2023,2,cancelled
O503013,C100465,P2178,07/10/2023,4,completed
O503014,C101199,P2229,05/15/2023,3,completed
O503015,C101306,P2070,03/29/2023,5,completed
O503016,C101422,P2107,09/03/2023,4,returned
O503017,C100268,P2134,09/26/2023,3,completed
O503018,C101189,P2233,06/03/2023,3,completed
O503019,C100355,P2060,06/11/2023,3,completed
O503020,C100858,P2213,05/13/2023,4,completed
O503021,C100181,P2001,04/27/2023,4,completed
O503022,C100507,P2045,06/24/2023,3,completed
O503023,C101137,P2045,08/22/2023,2,cancelled
O503024,C100746,P2056,12/20/2023,5,completed
O503025,C101157,P2244,12/04/2023,5,completed
O503026,C100450,P2026,01/17/2023,5,completed
O503027,C101301,P2244,08/06/2023,5,completed
O503028,C101146,P2065,02/10/2023,5,completed
O503029,C101274,P2147,04/25/2023,5,returned
O503030,C100186,P2268,01/06/2023,2,completed
O503031,C101319,P2074,10/02/2023,3,completed
O503032,C101411,P2283,09/08/2023,3,completed
O503033,C100645,P2107,12/18/2023,3,completed
O503034,C101270,P2086,01/21/2023,4,completed
O503035,C101220,P2227,06/30/2023,5,completed
O503036,C101450,P2131,05/20/2023,2,completed
O503037,C101016,P2235,04/28/2023,1,completed
O503038,C101318,P2075,04/09/2023,3,completed
O503039,C100007,P2079,03/02/2023,3,cancelled
O503040,C100441,P2223,11/24/2023,5,completed
O503041,C101313,P2233,05/20/2023,4,completed
O503042,C100272,P2192,08/21/2023,2,completed
O503043,C100611,P2004,02/01/2023,5,completed
O503044,C100574,P2195,04/04/2023,1,completed
O503045,C101444,P2234,06/06/2023,2,completed
O503046,C101440,P2148,07/29/2023,5,completed
O503047,C100377,P2293,02/19/2023,3,returned
O503048,C100156,P2136,12/14/2023,4,completed
O503049,C100079,P2225,08/18/2023,3,completed
O503050,C100769,P2151,06/20/2023,2,completed
O503051,C101367,P2026,12/22/2023,1,returned
O503052,C101070,P2179,06/13/2023,3,completed
O503053,C100902,P2217,12/26/2023,5,completed
O503054,C100000,P2162,10/03/2023,1,completed
O503055,C100957,P2262,11/02/2023,4,completed
O503056,C100412,P2121,12/18/2023,1,completed
O503057,C100169,P2169,07/09/2023,3,completed
O503058,C101131,P2046,03/30/2023,1,completed
O503059,C101303,P2049,01/20/2023,3,completed
O503060,C100199,P2272,07/26/2023,5,completed
O503061,C100590,P2220,07/09/2023,2,completed
O503062,C101383,P2124,09/24/2023,2,completed
O503063,C100732,P2265,07/25/2023,4,completed
O503064,C101297,P2075,05/14/2023,2,completed
O503065,C100113,P2112,11/14/2023,2,completed
O503066,C100927,P2092,09/14/2023,3,completed
O503067,C100845,P2076,12/31/2023,1,completed
O503068,C100628,P2188,03/06/2023,1,completed
O503069,C100014,P2113,04/08/2023,4,completed
O503070,C100788,P2232,02/16/2023,5,completed
O503071,C100723,P2105,12/01/2023,3,completed
O503072,C100745,P2017,09/06/2023,4,completed
O503073,C100282,P2110,03/19/2023,5,completed
O503074,C101275,P2070,09/25/2023,1,completed
O503075,C101222,P2273,08/02/2023,2,completed
O503076,C100408,P2049,03/30/2023,1,cancelled
O503077,C100132,P2155,02/15/2023,5,completed
O503078,C100867,P2176,12/14/2023,1,completed
O503079,C100650,P2098,09/29/2023,3,completed
O503080,C100924,P2164,08/07/2023,2,completed
O503081,C100303,P2290,07/14/2023,2,completed
O503082,C100260,P2005,06/12/2023,5,returned
O503083,C101491,P2088,04/27/2023,3,completed
O503084,C100687,P2290,12/30/2023,5,completed
O503085,C100678,P2073,09/26/2023,2,completed
O503086,C100394,P2102,04/20/2023,1,completed
O503087,C101474,P2067,03/22/2023,1,completed
O503088,C101090,P2206,11/18/2023,2,completed
O503089,C101015,P2175,09/05/2023,2,returned
O503090,C101116,P2109,07/02/2023,4,completed
O503091,C100387,P2287,12/13/2023,4,completed
O503092,C100260,P2133,03/04/2023,5,completed
O503093,C101032,P2146,07/25/2023,3,completed
O503094,C100051,P2289,06/04/2023,4,completed
O503095,C100706,P2038,11/30/2023,1,cancelled
O503096,C101062,P2128,04/01/2023,5,completed
O503097,C100765,P2226,11/23/2023,1,completed
O503098,C100222,P2110,05/17/2023,2,completed
O503099,C101256,P2164,04/11/2023,1,returned
O503100,C100415,P2216,05/04/2023,5,completed
O503101,C100648,P2139,10/22/2023,2,completed
O503102,C100884,P2141,03/10/2023,5,completed
O503103,C101319,P2034,01/07/2023,2,cancelled
O503104,C100960,P2225,04/06/2023,3,completed
O503105,C100830,P2206,12/02/2023,5,completed
O503106,C101092,P2220,07/28/2023,4,completed
O503107,C101378,P2090,03/26/2023,2,completed
O503108,C100631,P2283,06/07/2023,2,completed
O503109,C100332,P2170,08/15/2023,5,completed
O503110,C100654,P2045,10/22/2023,3,completed
O503111,C101161,P2230,09/06/2023,1,completed
O503112,C100983,P2150,12/03/2023,5,returned
O503113,C100802,P2027,08/27/2023,1,completed
O503114,C100060,P2026,08/23/2023,5,completed
O503115,C100721,P2142,05/21/2023,5,completed
O503116,C101041,P2279,07/06/2023,2,completed
O503117,C100272,P2267,05/31/2023,4,returned
O503118,C100168,P2243,03/19/2023,1,completed
O503119,C100221,P2299,09/30/2023,3,completed
O503120,C100956,P2287,07/02/2023,4,completed
O503121,C100277,P2223,07/06/2023,5,completed
O503122,C100381,P2067,01/04/2023,1,completed
O503123,C100225,P2026,05/08/2023,1,cancelled
O503124,C100530,P2180,10/11/2023,5,completed
O503125,C100795,P2198,12/12/2023,3,completed
O503126,C100165,P2087,09/30/2023,2,completed
O503127,C100522,P2280,10/13/2023,5,cancelled
O503128,C100608,P2239,08/19/2023,2,completed
O503129,C101245,P2244,02/18/2023,5,completed
O503130,C101056,P2205,06/13/2023,2,completed
O503131,C101224,P2270,06/03/2023,3,completed
O503132,C100834,P2182,05/10/2023,3,completed
O503133,C100897,P2144,08/31/2023,4,completed
O503134,C100428,P2083,01/04/2023,4,completed
O503135,C101330,P2013,01/19/2023,4,cancelled
O503136,C100005,P2195,12/28/2023,3,cancelled
O503137,C100273,P2088,03/09/2023,5,completed
O503138,C100095,P2176,09/03/2023,4,completed
O503139,C100849,P2283,02/01/2023,5,returned
O503140,C100713,P2027,06/05/2023,2,returned
O503141,C100847,P2271,06/23/2023,5,completed
O503142,C100751,P2066,02/05/2023,2,completed
O503143,C100541,P2099,08/29/2023,2,completed
O503144,C100878,P2200,07/20/2023,1,completed
O503145,C100023,P2112,05/02/2023,1,completed
O503146,C100155,P2262,10/01/2023,2,completed
O503147,C100888,P2197,11/29/2023,4,completed
O503148,C101301,P2235,08/10/2023,1,completed
O503149,C101320,P2144,08/18/2023,3,returned
O503150,C100014,P2097,03/24/2023,3,returned
O503151,C101042,P2098,06/10/2023,2,completed
O503152,C101118,P2133,02/08/2023,5,completed
O503153,C100568,P2028,10/27/2023,3,completed
O503154,C100144,P2150,11/13/2023,3,completed
O503155,C100924,P2145,06/20/2023,2,completed
O503156,C100260,P2276,02/15/2023,1,completed
O503157,C100166,P2282,01/16/2023,1,completed
O503158,C100579,P2218,08/19/2023,3,completed
O503159,C101135,P2085,07/04/2023,3,completed
O503160,C100034,P2294,08/15/2023,4,completed
O503161,C100254,P2001,03/04/2023,1,completed
O503162,C100347,P2069,10/07/2023,4,returned
O503163,C100354,P2212,08/05/2023,1,cancelled
O503164,C100374,P2081,01/22/2023,3,completed
O503165,C100382,P2195,01/09/2023,3,completed
O503166,C101153,P2268,05/16/2023,5,completed
O503167,C100217,P2066,07/18/2023,2,completed
O503168,C100946,P2292,05/23/2023,2,completed
O503169,C100711,P2043,07/22/2023,2,completed
O503170,C100822,P2195,03/20/2023,3,completed
O503171,C100347,P2204,04/26/2023,3,completed
O503172,C101124,P2207,11/14/2023,4,completed
O503173,C100598,P2025,04/10/2023,2,returned
O503174,C100748,P2221,11/27/2023,1,completed
O503175,C100817,P2111,09/02/2023,4,completed
O503176,C101336,P2132,04/16/2023,3,completed
O503177,C100326,P2284,12/26/2023,4,completed
O503178,C101321,P2237,08/24/2023,3,cancelled
O503179,C101083,P2244,06/01/2023,4,completed
O503180,C100482,P2042,09/24/2023,3,completed
O503181,C100563,P2106,11/07/2023,4,completed
O503182,C101205,P2270,11/28/2023,2,completed
O503183,C100053,P2014,04/28/2023,3,cancelled
O503184,C101385,P2229,12/29/2023,4,completed
O503185,C100295,P2237,03/16/2023,1,completed
O503186,C100415,P2052,09/19/2023,1,completed
O503187,C100395,P2141,11/11/2023,4,completed
O503188,C101474,P2047,05/05/2023,4,completed
O503189,C100499,P2212,11/23/2023,3,returned
O503190,C101285,P2047,10/15/2023,1,completed
O503191,C100710,P2122,03/14/2023,4,completed
O503192,C101257,P2068,03/16/2023,4,cancelled
O503193,C101117,P2264,01/06/2023,4,cancelled
O503194,C101246,P2180,04/15/2023,2,completed
O503195,C100150,P2069,03/16/2023,4,completed
O503196,C101064,P2044,08/31/2023,4,completed
O503197,C101410,P2160,12/01/2023,3,completed
O503198,C100703,P2280,07/20/2023,1,completed
O503199,C100285,P2011,04/18/2023,4,completed
O503200,C100948,P2284,05/12/2023,5,completed
O503201,C100496,P2137,12/17/2023,4,completed
O503202,C100731,P2195,08/05/2023,2,cancelled
O503203,C101275,P2182,01/20/2023,4,completed
O503204,C100186,P2206,12/09/2023,4,completed
O503205,C100773,P2002,06/21/2023,2,completed
O503206,C100680,P2215,09/07/2023,5,completed
O503207,C101068,P2160,06/28/2023,2,completed
O503208,C100193,P2195,05/18/2023,5,completed
O503209,C100790,P2122,03/04/2023,3,completed
O503210,C100849,P2039,11/11/2023,5,completed
O503211,C101193,P2251,07/07/2023,2,completed
O503212,C100877,P2236,03/16/2023,2,completed
O503213,C100882,P2176,04/21/2023,5,completed
O503214,C101307,P2026,06/08/2023,3,completed
O503215,C100912,P2275,01/07/2023,1,cancelled
O503216,C100497,P2055,09/15/2023,5,completed
O503217,C100280,P2282,01/07/2023,3,completed
O503218,C100691,P2111,08/30/2023,3,completed
O503219,C101008,P2219,03/15/2023,1,completed
O503220,C101413,P2226,03/16/2023,2,completed
O503221,C100164,P2237,03/23/2023,2,returned
O503222,C100099,P2046,04/23/2023,3,completed
O503223,C100028,P2209,10/08/2023,5,completed
O503224,C100604,P2159,11/28/2023,3,cancelled
O503225,C101130,P2163,06/13/2023,3,completed
O503226,C100997,P2127,10/23/2023,1,completed
O503227,C100244,P2107,04/23/2023,2,completed
O503228,C100258,P2216,03/24/2023,1,completed
O503229,C100931,P2091,09/28/2023,5,returned
O503230,C100640,P2052,06/11/2023,3,cancelled
O503231,C100102,P2299,01/13/2023,5,completed
O503232,C100124,P2149,09/30/2023,2,completed
O503233,C101268,P2173,10/24/2023,1,completed
O503234,C100077,P2182,09/03/2023,2,cancelled
O503235,C100357,P2264,12/01/2023,3,completed
O503236,C100382,P2278,09/30/2023,4,completed
O503237,C101009,P2231,08/11/2023,5,completed
O503238,C100765,P2133,07/08/2023,4,completed
O503239,C100812,P2273,05/19/2023,5,completed
O503240,C100754,P2232,07/20/2023,2,completed
O503241,C101277,P2004,04/13/2023,5,completed
O503242,C100552,P2007,10/04/2023,4,completed
O503243,C100284,P2106,03/06/2023,5,completed
O503244,C101154,P2272,08/03/2023,3,completed
O503245,C100619,P2237,02/12/2023,3,completed
O503246,C100266,P2017,06/15/2023,3,completed
O503247,C100367,P2022,05/13/2023,4,completed
O503248,C101051,P2152,08/31/2023,2,returned
O503249,C101068,P2124,08/08/2023,4,completed
O503250,C101092,P2091,07/15/2023,3,completed
O503251,C100272,P2023,05/07/2023,4,completed
O503252,C100055,P2080,01/31/2023,1,completed
O503253,C100916,P2047,04/30/2023,3,completed
O503254,C100731,P2272,05/18/2023,4,completed
O503255,C100011,P2179,06/17/2023,2,completed
O503256,C100104,P2239,03/30/2023,1,completed
O503257,C100100,P2250,08/01/2023,4,completed
O503258,C101200,P2055,03/09/2023,2,completed
O503259,C100584,P2174,02/25/2023,4,completed
O503260,C100536,P2044,03/15/2023,1,completed
O503261,C100496,P2221,06/11/2023,3,completed
O503262,C101464,P2132,03/08/2023,3,cancelled
O503263,C100602,P2198,12/19/2023,2,completed
O503264,C100015,P2122,10/07/2023,1,completed
O503265,C100401,P2043,10/10/2023,1,completed
O503266,C101268,P2138,04/14/2023,4,returned
O503267,C100494,P2052,01/12/2023,1,returned
O503268,C101238,P2261,10/03/2023,4,completed
O503269,C101397,P2029,02/08/2023,5,completed
O503270,C100225,P2171,11/12/2023,1,completed
O503271,C100515,P2018,12/11/2023,3,completed
O503272,C101329,P2178,05/05/2023,4,cancelled
O503273,C100213,P2120,02/26/2023,3,completed
O503274,C100707,P2279,06/15/2023,3,completed
O503275,C101138,P2246,03/18/2023,3,completed
O503276,C101228,P2051,10/11/2023,2,completed
O503277,C100427,P2012,04/13/2023,4,completed
O503278,C100305,P2221,12/07/2023,5,completed
O503279,C101490,P2271,01/08/2023,2,completed
O503280,C100746,P2028,11/16/2023,5,completed
O503281,C101197,P2156,04/01/2023,5,completed
O503282,C101084,P2061,12/22/2023,2,completed
O503283,C101402,P2276,10/03/2023,4,completed
O503284,C101321,P2193,12/27/2023,3,completed
O503285,C100548,P2058,01/27/2023,4,completed
O503286,C100356,P2210,08/27/2023,5,completed
O503287,C101292,P2012,12/05/2023,1,completed
O503288,C100676,P2136,05/09/2023,1,completed
O503289,C101078,P2174,09/16/2023,5,cancelled
O503290,C100781,P2136,11/19/2023,4,completed
O503291,C101291,P2297,12/26/2023,1,completed
O503292,C101049,P2039,04/17/2023,4,cancelled
O503293,C100546,P2166,05/26/2023,5,completed
O503294,C101175,P2178,06/02/2023,2,completed
O503295,C100023,P2150,05/10/2023,3,completed
O503296,C100740,P2057,12/29/2023,3,cancelled
O503297,C100456,P2080,09/08/2023,3,completed
O503298,C100326,P2106,12/23/2023,5,completed
O503299,C100748,P2058,05/07/2023,1,completed
O503300,C100376,P2166,01/14/2023,1,completed
O503301,C100174,P2192,08/21/2023,2,completed
O503302,C101081,P2043,12/23/2023,4,completed
O503303,C101234,P2077,06/01/2023,1,completed
O503304,C100931,P2082,11/01/2023,4,completed
O503305,C100404,P2149,11/22/2023,3,completed
O503306,C101216,P2158,11/23/2023,5,completed
O503307,C100659,P2274,07/14/2023,3,completed
O503308,C100782,P2298,05/05/2023,3,completed
O503309,C101141,P2266,02/10/2023,5,completed
O503310,C101391,P2186,08/27/2023,4,returned
O503311,C101361,P2242,06/28/2023,3,completed
O503312,C100891,P2142,07/07/2023,2,completed
O503313,C101439,P2163,12/01/2023,5,completed
O503314,C100796,P2207,12/14/2023,2,returned
O503315,C100020,P2140,04/26/2023,1,completed
O503316,C100415,P2223,09/19/2023,5,completed
O503317,C100352,P2251,07/28/2023,1,completed
O503318,C100465,P2057,08/19/2023,5,completed
O503319,C101235,P2088,04/18/2023,3,completed
O503320,C100003,P2285,04/26/2023,4,completed
O503321,C100019,P2032,05/25/2023,3,completed
O503322,C101283,P2086,07/28/2023,1,returned
O503323,C101272,P2174,07/23/2023,2,completed
O503324,C100983,P2017,02/25/2023,4,completed
O503325,C100200,P2148,08/01/2023,3,completed
O503326,C100032,P2029,06/01/2023,5,completed
O503327,C100470,P2283,01/20/2023,4,completed
O503328,C100848,P2118,07/05/2023,1,completed
O503329,C100660,P2236,09/29/2023,5,completed
O503330,C100333,P2147,07/05/2023,1,completed
O503331,C100532,P2234,04/29/2023,4,completed
O503332,C100540,P2020,01/28/2023,3,completed
O503333,C100188,P2196,03/07/2023,4,completed
O503334,C101158,P2045,05/16/2023,3,completed
O503335,C100848,P2018,10/29/2023,1,completed
O503336,C100779,P2263,05/20/2023,3,completed
O503337,C101210,P2074,06/25/2023,3,completed
O503338,C100204,P2256,08/06/2023,4,completed
O503339,C100533,P2009,12/07/2023,5,completed
O503340,C100661,P2022,02/28/2023,3,completed
O503341,C100969,P2057,11/23/2023,5,completed
O503342,C101133,P2018,11/08/2023,5,completed
O503343,C100232,P2162,08/25/2023,3,completed
O503344,C100468,P2231,02/08/2023,1,completed
O503345,C100053,P2022,03/10/2023,2,completed
O503346,C100837,P2007,05/14/2023,3,completed
O503347,C101281,P2094,04/25/2023,4,completed
O503348,C100576,P2163,10/28/2023,3,completed
O503349,C101353,P2123,06/08/2023,1,completed
O503350,C101214,P2156,04/24/2023,1,completed
O503351,C101121,P2221,08/21/2023,4,completed
O503352,C100967,P2019,12/20/2023,1,completed
O503353,C100881,P2023,12/08/2023,3,completed
O503354,C100875,P2073,07/05/2023,1,completed
O503355,C100228,P2186,07/23/2023,3,cancelled
O503356,C100172,P2075,11/25/2023,4,completed
O503357,C100472,P2159,09/22/2023,1,completed
O503358,C101269,P2087,02/08/2023,3,completed
O503359,C101229,P2296,12/30/2023,5,completed
O503360,C101299,P2275,08/19/2023,1,completed
O503361,C101185,P2081,08/24/2023,3,cancelled
O503362,C100360,P2239,05/09/2023,5,completed
O503363,C100051,P2235,10/19/2023,5,completed
O503364,C101158,P2050,02/06/2023,3,cancelled
O503365,C100467,P2180,07/09/2023,2,returned
O503366,C100807,P2046,04/14/2023,4,returned
O503367,C101225,P2137,10/24/2023,2,completed
O503368,C101404,P2258,05/21/2023,1,completed
O503369,C100458,P2248,10/07/2023,3,completed
O503370,C100239,P2073,01/05/2023,4,completed
O503371,C100105,P2282,01/10/2023,3,completed
O503372,C100215,P2245,06/09/2023,2,completed
O503373,C101077,P2214,03/15/2023,2,returned
O503374,C101025,P2230,02/16/2023,2,completed
O503375,C100466,P2003,03/17/2023,4,completed
O503376,C100685,P2127,06/05/2023,1,cancelled
O503377,C101193,P2222,07/03/2023,4,completed
O503378,C101264,P2282,07/24/2023,3,completed
O503379,C101051,P2263,10/19/2023,1,completed
O503380,C100824,P2224,04/19/2023,5,completed
O503381,C101231,P2181,02/28/2023,1,completed
O503382,C101129,P2241,02/01/2023,4,completed
O503383,C101228,P2250,10/28/2023,5,completed
O503384,C101118,P2161,07/08/2023,4,completed
O503385,C100821,P2000,07/17/2023,2,completed
O503386,C100677,P2227,03/29/2023,4,completed
O503387,C100887,P2181,12/01/2023,1,completed
O503388,C100931,P2128,10/11/2023,5,cancelled
O503389,C100661,P2197,09/09/2023,4,cancelled
O503390,C101031,P2276,10/27/2023,4,returned
O503391,C101156,P2216,05/13/2023,2,completed
O503392,C100357,P2087,12/12/2023,4,completed
O503393,C100111,P2023,03/28/2023,3,completed
O503394,C100230,P2041,11/15/2023,3,completed
O503395,C100202,P2276,09/04/2023,1,completed
O503396,C100227,P2275,03/17/2023,1,completed
O503397,C100696,P2223,02/07/2023,1,completed
O503398,C101128,P2108,04/12/2023,3,returned
O503399,C100347,P2162,03/18/2023,1,cancelled
O503400,C101261,P2292,08/23/2023,4,completed
O503401,C101405,P2173,07/04/2023,3,completed
O503402,C100927,P2270,05/26/2023,4,completed
O503403,C100329,P2210,05/17/2023,3,completed
O503404,C101297,P2116,01/10/2023,1,completed
O503405,C101475,P2158,12/28/2023,4,returned
O503406,C100374,P2118,07/31/2023,5,cancelled
O503407,C100945,P2012,07/07/2023,1,cancelled
O503408,C100546,P2018,01/09/2023,2,completed
O503409,C100290,P2183,08/15/2023,5,completed
O503410,C100327,P2239,09/25/2023,1,completed
O503411,C101311,P2022,10/10/2023,2,completed
O503412,C100027,P2029,09/22/2023,4,completed
O503413,C101093,P2155,09/20/2023,4,completed
O503414,C100374,P2248,10/30/2023,3,completed
O503415,C101172,P2251,12/24/2023,3,completed
O503416,C100548,P2102,05/15/2023,4,completed
O503417,C100790,P2092,03/26/2023,5,completed
O503418,C100392,P2077,12/13/2023,4,returned
O503419,C100513,P2048,08/24/2023,5,completed
O503420,C100619,P2098,03/01/2023,5,completed
O503421,C101075,P2081,09/09/2023,4,completed
O503422,C101414,P2187,10/27/2023,4,completed
O503423,C100651,P2237,03/06/2023,3,completed
O503424,C100273,P2053,12/14/2023,4,completed
O503425,C100008,P2027,01/24/2023,2,completed
O503426,C101475,P2231,10/01/2023,2,completed
O503427,C101348,P2024,01/13/2023,4,completed
O503428,C100737,P2034,01/01/2023,1,completed
O503429,C100232,P2055,04/26/2023,3,completed
O503430,C100286,P2226,02/25/2023,5,completed
O503431,C100242,P2220,06/28/2023,3,completed
O503432,C101210,P2056,11/08/2023,2,returned
O503433,C101320,P2100,05/09/2023,5,completed
O503434,C101076,P2106,05/11/2023,3,cancelled
O503435,C101128,P2039,08/27/2023,5,cancelled
O503436,C101147,P2216,10/05/2023,3,completed
O503437,C100941,P2136,01/29/2023,3,completed
O503438,C100186,P2183,07/20/2023,2,completed
O503439,C101295,P2107,08/20/2023,2,completed
O503440,C100612,P2281,08/26/2023,5,completed
O503441,C100867,P2030,02/17/2023,5,completed
O503442,C100499,P2209,10/01/2023,5,cancelled
O503443,C100723,P2231,09/23/2023,3,completed
O503444,C100155,P2013,02/06/2023,1,completed
O503445,C100225,P2081,09/01/2023,3,completed
O503446,C101498,P2073,04/06/2023,1,completed
O503447,C101426,P2045,07/28/2023,4,completed
O503448,C100196,P2070,09/19/2023,4,completed
O503449,C100152,P2201,09/23/2023,3,completed
O503450,C101421,P2040,06/01/2023,1,completed
O503451,C100594,P2023,03/06/2023,2,completed
O503452,C100289,P2257,11/10/2023,1,completed
O503453,C100077,P2159,01/03/2023,4,completed
O503454,C100398,P2127,01/06/2023,5,cancelled
O503455,C100113,P2058,07/10/2023,1,completed
O503456,C100170,P2070,01/11/2023,5,cancelled
O503457,C101301,P2280,11/24/2023,5,completed
O503458,C100065,P2011,03/15/2023,2,completed
O503459,C100027,P2054,03/05/2023,4,completed
O503460,C100844,P2091,03/26/2023,5,completed
O503461,C100018,P2016,08/19/2023,5,completed
O503462,C101397,P2243,01/06/2023,3,completed
O503463,C101221,P2276,06/26/2023,3,completed
O503464,C101475,P2268,11/29/2023,1,completed
O503465,C100970,P2032,07/26/2023,2,completed
O503466,C100692,P2007,01/22/2023,3,completed
O503467,C100677,P2127,12/05/2023,3,completed
O503468,C101342,P2103,11/21/2023,5,completed
O503469,C101382,P2148,09/28/2023,5,completed
O503470,C101070,P2111,09/07/2023,2,returned
O503471,C100181,P2196,01/14/2023,2,completed
O503472,C100046,P2293,03/30/2023,1,completed
O503473,C100886,P2060,04/11/2023,5,completed
O503474,C100342,P2013,11/03/2023,5,returned
O503475,C100073,P2133,11/05/2023,2,completed
O503476,C100520,P2219,06/10/2023,3,completed
O503477,C100230,P2221,04/24/2023,3,completed
O503478,C101270,P2137,05/06/2023,2,completed
O503479,C100671,P2176,03/25/2023,2,completed
O503480,C100295,P2179,01/01/2023,5,returned
O503481,C101404,P2013,04/04/2023,2,completed
O503482,C101384,P2098,06/13/2023,1,cancelled
O503483,C100073,P2133,10/25/2023,5,completed
O503484,C100190,P2166,09/29/2023,1,completed
O503485,C100320,P2172,06/06/2023,1,cancelled
O503486,C100099,P2064,03/22/2023,1,completed
O503487,C100443,P2242,05/02/2023,4,completed
O503488,C100326,P2248,10/22/2023,5,returned
O503489,C101012,P2119,05/28/2023,2,completed
O503490,C100479,P2178,04/09/2023,2,completed
O503491,C100246,P2130,07/16/2023,2,completed
O503492,C100968,P2290,06/08/2023,3,completed
O503493,C101258,P2216,04/04/2023,3,cancelled
O503494,C100911,P2233,03/05/2023,1,completed
O503495,C100036,P2051,09/14/2023,5,completed
O503496,C101450,P2192,02/21/2023,2,cancelled
O503497,C100823,P2077,08/13/2023,5,completed
O503498,C101433,P2165,08/19/2023,4,completed
O503499,C100903,P2214,02/17/2023,2,cancelled
O503500,C100343,P2093,03/30/2023,4,returned
O503501,C100579,P2001,06/15/2023,2,completed
O503502,C101432,P2144,02/23/2023,2,completed
O503503,C101122,P2008,09/30/2023,4,completed
O503504,C101258,P2200,01/10/2023,2,cancelled
O503505,C100231,P2240,12/09/2023,3,returned
O503506,C100856,P2097,04/11/2023,1,completed
O503507,C101109,P2090,03/12/2023,2,returned
O503508,C100249,P2128,09/13/2023,5,completed
O503509,C100543,P2171,02/28/2023,3,completed
O503510,C100502,P2140,02/06/2023,3,returned
O503511,C101026,P2044,12/21/2023,2,completed
O503512,C101145,P2218,05/11/2023,4,returned
O503513,C100435,P2123,12/28/2023,2,returned
O503514,C100753,P2137,06/12/2023,3,completed
O503515,C100858,P2298,04/20/2023,1,completed
O503516,C100313,P2041,12/17/2023,1,completed
O503517,C101144,P2012,10/09/2023,4,cancelled
O503518,C100576,P2086,03/27/2023,4,returned
O503519,C101407,P2030,08/12/2023,5,completed
O503520,C101329,P2222,03/12/2023,3,completed
O503521,C100242,P2250,01/23/2023,5,completed
O503522,C100592,P2287,01/24/2023,3,completed
O503523,C100093,P2148,09/10/2023,5,completed
O503524,C100937,P2025,10/17/2023,4,completed
O503525,C101012,P2136,09/02/2023,3,completed
O503526,C100748,P2011,07/31/2023,1,completed
O503527,C100062,P2255,03/18/2023,5,completed
O503528,C100285,P2107,02/14/2023,5,completed
O503529,C101065,P2198,06/21/2023,5,completed
O503530,C100915,P2174,06/25/2023,1,completed
O503531,C100102,P2044,11/10/2023,5,completed
O503532,C100902,P2255,09/23/2023,3,completed
O503533,C100024,P2065,03/18/2023,4,completed
O503534,C101096,P2055,09/08/2023,2,completed
O503535,C100963,P2264,02/28/2023,3,completed
O503536,C101190,P2082,11/27/2023,2,completed
O503537,C101250,P2157,08/23/2023,4,returned
O503538,C101465,P2014,07/11/2023,2,completed
O503539,C100705,P2064,05/24/2023,1,cancelled
O503540,C101018,P2021,11/10/2023,4,completed
O503541,C101279,P2099,02/07/2023,4,completed
O503542,C100552,P2084,02/09/2023,5,completed
O503543,C100002,P2108,02/01/2023,5,completed
O503544,C100649,P2001,05/15/2023,2,completed
O503545,C100061,P2075,11/08/2023,2,completed
O503546,C100797,P2260,09/22/2023,4,returned
O503547,C101332,P2210,09/26/2023,4,completed
O503548,C101462,P2296,11/03/2023,1,completed
O503549,C100454,P2119,05/25/2023,3,completed
O503550,C100390,P2061,05/13/2023,3,returned
O503551,C100144,P2018,12/01/2023,1,completed
O503552,C100727,P2060,12/15/2023,3,completed
O503553,C101487,P2277,04/23/2023,4,completed
O503554,C100865,P2186,01/02/2023,5,completed
O503555,C100740,P2182,12/07/2023,2,completed
O503556,C101270,P2120,05/10/2023,2,completed
O503557,C100466,P2019,10/21/2023,4,completed
O503558,C100087,P2190,07/25/2023,2,completed
O503559,C101460,P2159,03/14/2023,4,completed
O503560,C101009,P9999,08/20/2023,2,completed
O503561,C100792,P2155,06/19/2023,5,completed
O503562,C100712,P2085,09/19/2023,5,completed
O503563,C100576,P2149,10/17/2023,1,completed
O503564,C100080,P2127,05/27/2023,3,completed
O503565,C101029,P2299,09/25/2023,4,completed
O503566,C101102,P2248,04/17/2023,4,returned
O503567,C101009,P2099,11/05/2023,3,completed
O503568,C101296,P2229,10/02/2023,5,completed
O503569,C100302,P2078,03/02/2023,4,completed
O503570,C100283,P2257,04/11/2023,1,completed
O503571,C100700,P2286,06/08/2023,3,completed
O503572,C101070,P2206,01/14/2023,5,returned
O503573,C101121,P2158,03/20/2023,1,completed
O503574,C100742,P2277,01/19/2023,2,completed
O503575,C100559,P2107,08/28/2023,5,completed
O503576,C100014,P2074,10/04/2023,1,returned
O503577,C101480,P2004,06/28/2023,3,completed
O503578,C100882,P2006,06/02/2023,4,returned
O503579,C101042,P2087,10/13/2023,5,completed
O503580,C101199,P2268,06/14/2023,5,completed
O503581,C100777,P2197,03/04/2023,2,completed
O503582,C100080,P2188,09/02/2023,3,completed
O503583,C101265,P2007,11/05/2023,2,completed
O503584,C100969,P2059,08/26/2023,4,completed
O503585,C100047,P2161,04/24/2023,1,completed
O503586,C100024,P2128,01/01/2023,5,completed
O503587,C101061,P2146,06/02/2023,2,completed
O503588,C100445,P2278,12/03/2023,1,completed
O503589,C100221,P2077,01/24/2023,3,completed
O503590,C100804,P2239,02/24/2023,3,completed
O503591,C100786,P2054,09/16/2023,2,completed
O503592,C101419,P2163,08/23/2023,3,completed
O503593,C100292,P2194,10/26/2023,4,completed
O503594,C100325,P2227,04/05/2023,4,completed
O503595,C100745,P2156,08/31/2023,2,returned
O503596,C100001,P2151,02/24/2023,1,completed
O503597,C100957,P2025,02/22/2023,5,completed
O503598,C100736,P2192,04/19/2023,4,completed
O503599,C100446,P2082,09/15/2023,4,completed
O503600,C100400,P2036,11/10/2023,4,completed
O503601,C101494,P2078,06/04/2023,3,completed
O503602,C100111,P2010,05/14/2023,4,completed
O503603,C100589,P2233,08/17/2023,3,completed
O503604,C100468,P2094,02/09/2023,1,completed
O503605,C101136,P2205,07/25/2023,3,completed
O503606,C100773,P2082,10/13/2023,1,completed
O503607,C100933,P2189,04/09/2023,2,completed
O503608,C100952,P2213,02/02/2023,1,completed
O503609,C100231,P2295,06/28/2023,1,completed
O503610,C100213,P2056,02/12/2023,1,completed
O503611,C101155,P2150,01/25/2023,1,completed
O503612,C100969,P2255,12/28/2023,2,cancelled
O503613,C100332,P2081,09/27/2023,3,completed
O503614,C100938,P2057,04/10/2023,3,completed
O503615,C100145,P2204,10/21/2023,5,completed
O503616,C100201,P2192,10/18/2023,1,completed
O503617,C100655,P2257,07/20/2023,5,completed
O503618,C100580,P2221,03/25/2023,4,completed
O503619,C101353,P2029,06/10/2023,5,completed
O503620,C101468,P2236,04/03/2023,5,completed
O503621,C100606,P2266,07/16/2023,2,cancelled
O503622,C100467,P2286,01/25/2023,2,completed
O503623,C101307,P2120,06/01/2023,4,completed
O503624,C100995,P2075,02/20/2023,1,completed
O503625,C100004,P2207,09/22/2023,5,completed
O503626,C100258,P2253,07/20/2023,4,completed
O503627,C100200,P2201,12/14/2023,5,completed
O503628,C101328,P2120,07/03/2023,3,completed
O503629,C101357,P2167,07/21/2023,5,cancelled
O503630,C101098,P2065,05/18/2023,4,completed
O503631,C101067,P2171,02/16/2023,1,completed
O503632,C101040,P2018,09/22/2023,2,completed
O503633,C100026,P2184,03/20/2023,4,completed
O503634,C100765,P2041,04/18/2023,4,cancelled
O503635,C100949,P2077,03/25/2023,1,completed
O503636,C100586,P2292,04/19/2023,2,cancelled
O503637,C100149,P2121,05/04/2023,5,completed
O503638,C101375,P2023,02/08/2023,2,completed
O503639,C101219,P2228,05/19/2023,2,completed
O503640,C101379,P2188,03/11/2023,2,completed
O503641,C101029,P2220,07/09/2023,4,completed
O503642,C100441,P2088,12/22/2023,3,completed
O503643,C101225,P2067,05/03/2023,3,completed
O503644,C100148,P2168,04/08/2023,5,returned
O503645,C100414,P2117,04/05/2023,2,completed
O503646,C101202,P2003,11/22/2023,4,completed
O503647,C101297,P2162,10/12/2023,4,cancelled
O503648,C100082,P2108,11/11/2023,3,completed
O503649,C100898,P2172,05/17/2023,4,completed
O503650,C100004,P2177,03/29/2023,2,completed
O503651,C100120,P2285,04/29/2023,2,completed
O503652,C100000,P2147,06/28/2023,4,completed
O503653,C100400,P2038,02/23/2023,5,completed
O503654,C101465,P2227,02/22/2023,3,completed
O503655,C101077,P9999,10/29/2023,2,completed
O503656,C100232,P2151,04/03/2023,3,completed
O503657,C100500,P2271,02/18/2023,1,completed
O503658,C101378,P2144,12/06/2023,2,cancelled
O503659,C100262,P2294,02/23/2023,5,completed
O503660,C100807,P2066,05/19/2023,2,completed
O503661,C100082,P2269,04/13/2023,4,completed
O503662,C100087,P2256,05/02/2023,2,returned
O503663,C101478,P2167,06/12/2023,2,completed
O503664,C101236,P2207,12/03/2023,5,completed
O503665,C100315,P2010,06/01/2023,1,completed
O503666,C101425,P2108,09/10/2023,2,completed
O503667,C101213,P2178,01/09/2023,2,completed
O503668,C101205,P2262,01/05/2023,1,completed
O503669,C100482,P2116,12/30/2023,5,completed
O503670,C100582,P2163,05/23/2023,1,completed
O503671,C100114,P2020,12/17/2023,2,completed
O503672,C100613,P2143,08/25/2023,5,completed
O503673,C101266,P2109,03/22/2023,4,completed
O503674,C101373,P2096,12/22/2023,5,completed
O503675,C100730,P2120,09/13/2023,5,completed
O503676,C101266,P2281,11/09/2023,5,completed
O503677,C100263,P2193,05/15/2023,2,completed
O503678,C100076,P2177,09/07/2023,1,completed
O503679,C100077,P2178,06/29/2023,1,completed
O503680,C100003,P2262,01/03/2023,2,cancelled
O503681,C101069,P2282,12/25/2023,2,cancelled
O503682,C100264,P2138,11/25/2023,4,returned
O503683,C100887,P2211,05/31/2023,3,returned
O503684,C101038,P2108,06/25/2023,5,completed
O503685,C101055,P2033,07/12/2023,3,completed
O503686,C101170,P2024,07/18/2023,1,completed
O503687,C100544,P2000,01/01/2023,3,completed
O503688,C101440,P2080,11/06/2023,2,completed
O503689,C101287,P2017,08/28/2023,1,completed
O503690,C101301,P2289,12/21/2023,2,completed
O503691,C100485,P2259,05/14/2023,4,cancelled
O503692,C100614,P2006,05/11/2023,3,completed
O503693,C101379,P2184,07/01/2023,2,completed
O503694,C100255,P2235,04/08/2023,4,completed
O503695,C100280,P2202,03/29/2023,1,completed
O503696,C100554,P2048,03/19/2023,3,completed
O503697,C101027,P2228,01/11/2023,2,completed
O503698,C100296,P2117,06/18/2023,4,completed
O503699,C100768,P2110,07/23/2023,2,completed
O503700,C100059,P2271,04/25/2023,3,completed
O503701,C101290,P2244,11/24/2023,2,completed
O503702,C100871,P2140,01/01/2023,4,completed
O503703,C101236,P2185,09/14/2023,1,completed
O503704,C101097,P2194,03/21/2023,1,completed
O503705,C101337,P2295,04/14/2023,1,completed
O503706,C100189,P2090,01/13/2023,3,completed
O503707,C100875,P2066,07/11/2023,1,cancelled
O503708,C100936,P2185,07/14/2023,3,completed
O503709,C100202,P2201,01/12/2023,1,completed
O503710,C100073,P2194,12/05/2023,4,completed
O503711,C101495,P2289,12/31/2023,4,completed
O503712,C101116,P2018,01/28/2023,1,returned
O503713,C101001,P2277,01/28/2023,3,completed
O503714,C101310,P2246,08/08/2023,5,completed
O503715,C101160,P2135,09/26/2023,5,completed
O503716,C100195,P2069,02/14/2023,3,completed
O503717,C100712,P2213,12/29/2023,1,returned
O503718,C100808,P2066,06/24/2023,3,completed
O503719,C100757,P2178,03/17/2023,1,completed
O503720,C100449,P2003,06/27/2023,2,completed
O503721,C100325,P2060,02/28/2023,4,completed
O503722,C100074,P2042,02/25/2023,1,completed
O503723,C100100,P2236,11/23/2023,2,returned
O503724,C101263,P2030,01/20/2023,3,completed
O503725,C101103,P2107,08/22/2023,1,completed
O503726,C100368,P2018,01/03/2023,1,completed
O503727,C100736,P2194,10/16/2023,1,returned
O503728,C100787,P2053,11/16/2023,3,completed
O503729,C100558,P2182,04/03/2023,4,completed
O503730,C100327,P2061,06/21/2023,2,completed
O503731,C100254,P2048,12/09/2023,1,returned
O503732,C100985,P2060,12/25/2023,3,returned
O503733,C100492,P2240,07/09/2023,5,completed
O503734,C101486,P2247,08/26/2023,3,completed
O503735,C100140,P2096,08/24/2023,2,completed
O503736,C100888,P2227,09/23/2023,2,returned
O503737,C100629,P2197,01/11/2023,5,cancelled
O503738,C100179,P2025,12/12/2023,4,completed
O503739,C100265,P2096,06/03/2023,4,completed
O503740,C101227,P2140,02/11/2023,2,cancelled
O503741,C100546,P2162,06/24/2023,4,completed
O503742,C100725,P2270,10/25/2023,4,completed
O503743,C100938,P2083,11/17/2023,3,completed
O503744,C100508,P2216,11/14/2023,2,completed
O503745,C101436,P2016,01/15/2023,4,completed
O503746,C101077,P2257,11/17/2023,5,returned
O503747,C100262,P2077,08/04/2023,3,completed
O503748,C101105,P2092,10/22/2023,1,completed
O503749,C100711,P2009,04/25/2023,4,completed
O503750,C100644,P2063,07/03/2023,5,completed
O503751,C101284,P2143,07/30/2023,1,returned
O503752,C100716,P2027,09/11/2023,5,completed
O503753,C100581,P2236,02/21/2023,3,completed
O503754,C100118,P2222,01/09/2023,5,completed
O503755,C101241,P2033,10/16/2023,1,completed
O503756,C100993,P2111,11/11/2023,4,completed
O503757,C100047,P2122,10/25/2023,2,completed
O503758,C100115,P2208,05/31/2023,1,returned
O503759,C101106,P2190,08/01/2023,4,cancelled
O503760,C100949,P2093,06/05/2023,5,returned
O503761,C100686,P2149,04/14/2023,1,completed
O503762,C100082,P2153,05/26/2023,1,completed
O503763,C100847,P2047,11/11/2023,4,completed
O503764,C101085,P2010,08/31/2023,3,returned
O503765,C100934,P2011,08/15/2023,1,completed
O503766,C100371,P2104,10/13/2023,4,completed
O503767,C100240,P2083,01/12/2023,4,completed
O503768,C101139,P2177,07/16/2023,2,completed
O503769,C100747,P2046,07/01/2023,2,completed
O503770,C101357,P2142,11/10/2023,3,completed
O503771,C100298,P2252,12/10/2023,2,completed
O503772,C101051,P2075,03/05/2023,5,returned
O503773,C100096,P2049,04/22/2023,5,completed
O503774,C100018,P2035,11/21/2023,2,completed
O503775,C101078,P2196,01/08/2023,4,completed
O503776,C101007,P2013,09/23/2023,4,cancelled
O503777,C101028,P2012,12/02/2023,5,cancelled
O503778,C100969,P2029,06/24/2023,5,cancelled
O503779,C100032,P2266,09/02/2023,5,cancelled
O503780,C101166,P2059,09/23/2023,3,cancelled
O503781,C100846,P2174,01/23/2023,3,completed
O503782,C100583,P2294,12/30/2023,4,completed
O503783,C100781,P2188,08/24/2023,1,completed
O503784,C100011,P2173,07/19/2023,2,completed
O503785,C100399,P2238,11/25/2023,4,completed
O503786,C100272,P2006,04/26/2023,2,completed
O503787,C101028,P2253,07/24/2023,5,completed
O503788,C101460,P2280,05/09/2023,4,completed
O503789,C100688,P2139,11/19/2023,3,cancelled
O503790,C101046,P2208,11/04/2023,5,completed
O503791,C100201,P2155,06/06/2023,3,completed
O503792,C101026,P2197,05/03/2023,1,completed
O503793,C101425,P2054,03/23/2023,1,completed
O503794,C100070,P2106,09/28/2023,3,completed
O503795,C100183,P2269,01/20/2023,1,returned
O503796,C100218,P2274,07/26/2023,1,completed
O503797,C100154,P2164,08/25/2023,1,completed
O503798,C100266,P2007,01/05/2023,1,completed
O503799,C100610,P2180,05/05/2023,4,completed
O503800,C101006,P2146,01/03/2023,3,completed
O503801,C100723,P2222,08/14/2023,4,completed
O503802,C100754,P2119,04/26/2023,1,completed
O503803,C101056,P2141,07/09/2023,2,completed
O503804,C100876,P2207,03/05/2023,3,completed
O503805,C101158,P2192,03/15/2023,5,returned
O503806,C100999,P2293,06/28/2023,1,completed
O503807,C100463,P2209,04/15/2023,2,completed
O503808,C100108,P2286,12/31/2023,1,completed
O503809,C101166,P2162,04/01/2023,3,completed
O503810,C100242,P2148,09/17/2023,3,completed
O503811,C100721,P2171,12/23/2023,4,completed
O503812,C100967,P2039,02/19/2023,2,completed
O503813,C101190,P2078,06/11/2023,2,completed
O503814,C100222,P2231,02/20/2023,3,completed
O503815,C101057,P2009,11/05/2023,1,completed
O503816,C100056,P2065,02/23/2023,5,completed
O503817,C101473,P2138,04/09/2023,3,completed
O503818,C101326,P2198,10/22/2023,4,completed
O503819,C101307,P2061,08/26/2023,1,completed
O503820,C100488,P2217,07/24/2023,2,completed
O503821,C101462,P2001,06/10/2023,4,completed
O503822,C101121,P2124,05/30/2023,4,completed
O503823,C100241,P2169,10/10/2023,1,completed
O503824,C101084,P2131,10/06/2023,3,cancelled
O503825,C100201,P2158,12/16/2023,5,completed
O503826,C100407,P2294,08/12/2023,2,returned
O503827,C100199,P2236,03/11/2023,3,completed
O503828,C100874,P2214,11/04/2023,2,completed
O503829,C100186,P2006,05/27/2023,1,completed
O503830,C101130,P2096,09/14/2023,2,cancelled
O503831,C101278,P2209,11/07/2023,4,completed
O503832,C100966,P2277,10/06/2023,5,completed
O503833,C100791,P2075,02/13/2023,4,returned
O503834,C100001,P2164,12/11/2023,5,completed
O503835,C101328,P2192,07/10/2023,4,completed
O503836,C100560,P2071,04/16/2023,1,completed
O503837,C100386,P2103,10/14/2023,3,cancelled
O503838,C101371,P2088,01/18/2023,5,completed
O503839,C100491,P2129,06/06/2023,3,completed
O503840,C101034,P2101,09/22/2023,3,returned
O503841,C100680,P2189,09/17/2023,2,completed
O503842,C101211,P2077,05/28/2023,1,completed
O503843,C100193,P2165,09/11/2023,1,completed
O503844,C101290,P2201,12/28/2023,2,completed
O503845,C100976,P2265,12/03/2023,2,completed
O503846,C101062,P2111,07/22/2023,5,returned
O503847,C101358,P2096,11/04/2023,2,returned
O503848,C101423,P2293,04/11/2023,2,completed
O503849,C100409,P2297,09/08/2023,4,completed
O503850,C101128,P2177,05/07/2023,5,returned
O503851,C100058,P2287,11/21/2023,3,completed
O503852,C100133,P2169,05/31/2023,3,completed
O503853,C100112,P2255,11/12/2023,5,completed
O503854,C101287,P2148,09/11/2023,3,completed
O503855,C100678,P2046,01/27/2023,2,completed
O503856,C100780,P2005,08/30/2023,3,completed
O503857,C100853,P2062,03/18/2023,1,completed
O503858,C101048,P2131,11/02/2023,1,completed
O503859,C101044,P2219,02/24/2023,4,returned
O503860,C100391,P2266,02/19/2023,3,completed
O503861,C100584,P2207,10/27/2023,3,completed
O503862,C101213,P2229,07/09/2023,3,completed
O503863,C101323,P2003,01/15/2023,4,cancelled
O503864,C100326,P2084,07/05/2023,2,completed
O503865,C101359,P2093,02/16/2023,3,completed
O503866,C100412,P2264,06/29/2023,2,completed
O503867,C100798,P2064,12/09/2023,5,completed
O503868,C100705,P2130,08/29/2023,1,completed
O503869,C100872,P2209,04/09/2023,2,completed
O503870,C101426,P2096,01/22/2023,1,completed
O503871,C100928,P2141,09/22/2023,4,cancelled
O503872,C100405,P9999,12/12/2023,4,completed
O503873,C101172,P2031,08/27/2023,2,completed
O503874,C100581,P2016,04/13/2023,3,cancelled
O503875,C100238,P2192,03/22/2023,2,completed
O503876,C101105,P2064,02/16/2023,1,completed
O503877,C100042,P2061,07/22/2023,3,completed
O503878,C101386,P2097,12/10/2023,5,completed
O503879,C101356,P2225,07/18/2023,3,completed
O503880,C101275,P2103,09/20/2023,1,completed
O503881,C100710,P2218,11/29/2023,1,completed
O503882,C100060,P2177,09/03/2023,4,completed
O503883,C101374,P2240,12/06/2023,4,completed
O503884,C100226,P2001,12/19/2023,2,cancelled
O503885,C100425,P2049,04/24/2023,4,completed
O503886,C100391,P2016,05/17/2023,5,completed
O503887,C100774,P2138,12/03/2023,5,completed
O503888,C100432,P2213,10/31/2023,3,completed
O503889,C101392,P2247,07/21/2023,4,completed
O503890,C100896,P2161,11/18/2023,3,completed
O503891,C101499,P2154,04/04/2023,2,completed
O503892,C100449,P2030,11/12/2023,3,completed
O503893,C101402,P2160,06/03/2023,4,completed
O503894,C101492,P2215,04/06/2023,3,completed
O503895,C100000,P2126,03/05/2023,3,completed
O503896,C101221,P2210,06/08/2023,4,completed
O503897,C101446,P2128,04/02/2023,5,completed
O503898,C100046,P2260,04/30/2023,2,completed
O503899,C101443,P2062,08/09/2023,4,completed
O503900,C101237,P2156,04/05/2023,1,completed
O503901,C100666,P2200,05/10/2023,3,completed
O503902,C100140,P2251,06/04/2023,1,completed
O503903,C101410,P2103,09/14/2023,5,completed
O503904,C100385,P2096,09/19/2023,4,returned
O503905,C100333,P2135,07/24/2023,3,completed
O503906,C100961,P2107,07/11/2023,1,completed
O503907,C100061,P2251,05/03/2023,1,completed
O503908,C101467,P2065,08/15/2023,2,returned
O503909,C100619,P2010,04/04/2023,4,completed
O503910,C100370,P2172,10/05/2023,3,completed
O503911,C101308,P2177,10/27/2023,2,completed
O503912,C100290,P2115,11/03/2023,3,completed
O503913,C100510,P2022,02/15/2023,5,completed
O503914,C100855,P2077,04/02/2023,5,completed
O503915,C100327,P2256,08/06/2023,1,completed
O503916,C101005,P2181,12/29/2023,5,completed
O503917,C101346,P2102,08/15/2023,2,cancelled
O503918,C101337,P2096,06/15/2023,1,completed
O503919,C101371,P2138,06/01/2023,1,completed
O503920,C100546,P2159,07/29/2023,1,completed
O503921,C100850,P2282,09/20/2023,1,completed
O503922,C100108,P2081,03/08/2023,4,returned
O503923,C100326,P2023,08/16/2023,4,completed
O503924,C100349,P2231,04/21/2023,1,completed
O503925,C101253,P2156,01/06/2023,2,completed
O503926,C101311,P2082,05/23/2023,3,completed
O503927,C100483,P2273,07/03/2023,1,completed
O503928,C101473,P2117,07/14/2023,3,returned
O503929,C100075,P2119,05/21/2023,3,completed
O503930,C100671,P2128,04/17/2023,3,completed
O503931,C100970,P2276,07/03/2023,3,completed
O503932,C101234,P2139,02/09/2023,1,completed
O503933,C100348,P2144,04/26/2023,2,completed
O503934,C100128,P2125,06/01/2023,3,cancelled
O503935,C100539,P2052,07/16/2023,1,completed
O503936,C100805,P2044,01/27/2023,2,completed
O503937,C100208,P2298,06/28/2023,1,completed
O503938,C100147,P2175,02/28/2023,2,completed
O503939,C100401,P2210,12/29/2023,2,completed
O503940,C100558,P2273,03/06/2023,4,completed
O503941,C100920,P2255,11/26/2023,2,completed
O503942,C100913,P2085,04/20/2023,2,completed
O503943,C101169,P2273,10/30/2023,4,completed
O503944,C101126,P2052,11/05/2023,2,completed
O503945,C101043,P2222,07/19/2023,3,returned
O503946,C100556,P2018,06/03/2023,2,completed
O503947,C101039,P2112,10/08/2023,5,completed
O503948,C100781,P2058,02/02/2023,5,completed
O503949,C100777,P2090,12/17/2023,3,completed
O503950,C100424,P2172,08/23/2023,1,completed
O503951,C100200,P2016,02/06/2023,1,completed
O503952,C101380,P2231,05/01/2023,5,completed
O503953,C100105,P2061,07/26/2023,1,completed
O503954,C101450,P2116,07/17/2023,4,completed
O503955,C100134,P2153,01/19/2023,5,completed
O503956,C100314,P2266,11/14/2023,2,completed
O503957,C100440,P2118,04/19/2023,2,completed
O503958,C101267,P2252,12/21/2023,5,cancelled
O503959,C100941,P2125,08/09/2023,5,completed
O503960,C101116,P2231,08/15/2023,1,completed
O503961,C100678,P2167,08/25/2023,1,completed
O503962,C100524,P2214,12/22/2023,1,cancelled
O503963,C100644,P2062,01/25/2023,1,completed
O503964,C100105,P2024,08/26/2023,4,completed
O503965,C100243,P2239,02/04/2023,1,completed
O503966,C100327,P2161,05/21/2023,5,completed
O503967,C101067,P2056,02/07/2023,2,cancelled
O503968,C100022,P2124,11/17/2023,5,completed
O503969,C100616,P2051,09/17/2023,5,cancelled
O503970,C101379,P2203,11/19/2023,1,completed
O503971,C101070,P2148,11/15/2023,1,completed
O503972,C101014,P2187,07/15/2023,2,completed
O503973,C101483,P2063,12/26/2023,2,completed
O503974,C100880,P2061,08/08/2023,2,completed
O503975,C100012,P2191,02/21/2023,5,completed
O503976,C101013,P2167,03/03/2023,3,completed
O503977,C100435,P2197,05/11/2023,4,completed
O503978,C100184,P2129,11/02/2023,3,completed
O503979,C101404,P2261,06/17/2023,1,completed
O503980,C100159,P2191,03/02/2023,3,cancelled
O503981,C100477,P2249,11/03/2023,2,completed
O503982,C100102,P2281,05/03/2023,1,completed
O503983,C101207,P2149,03/08/2023,2,completed
O503984,C101245,P2270,02/08/2023,3,completed
O503985,C101482,P2279,07/08/2023,1,completed
O503986,C100445,P2284,03/27/2023,3,completed
O503987,C100558,P2203,09/10/2023,1,completed
O503988,C100124,P2237,11/26/2023,1,completed
O503989,C100217,P2082,11/28/2023,3,completed
O503990,C100537,P2030,09/19/2023,1,completed
O503991,C101352,P2097,10/22/2023,4,completed
O503992,C100881,P2003,01/12/2023,2,completed
O503993,C101026,P2026,05/04/2023,4,completed
O503994,C100263,P2021,06/03/2023,5,completed
O503995,C101017,P2090,04/18/2023,2,completed
O503996,C101031,P2124,09/03/2023,3,completed
O503997,C100832,P2012,05/29/2023,1,completed
O503998,C101472,P2279,04/21/2023,1,completed
O503999,C101444,P2024,05/17/2023,5,completed
O504000,C100312,P2292,11/06/2023,4,completed
O504001,C100677,P2218,02/21/2023,1,completed
O504002,C100746,P2214,10/01/2023,4,completed
O504003,C100208,P2067,07/01/2023,1,completed
O504004,C100180,P2009,05/07/2023,5,completed
O504005,C101326,P2070,01/06/2023,4,completed
O504006,C100554,P2032,01/12/2023,3,completed
O504007,C100595,P2215,02/27/2023,1,completed
O504008,C101485,P2178,03/24/2023,4,completed
O504009,C100450,P2237,10/11/2023,4,completed
O504010,C100204,P2240,01/18/2023,2,completed
O504011,C100653,P2077,12/08/2023,5,completed
O504012,C100029,P2169,08/11/2023,2,completed
O504013,C100715,P2172,01/24/2023,1,completed
O504014,C100409,P2261,10/30/2023,5,completed
O504015,C100521,P2105,09/07/2023,2,completed
O504016,C101409,P2092,09/14/2023,2,completed
O504017,C100673,P2266,12/14/2023,5,completed
O504018,C101328,P2158,01/29/2023,4,completed
O504019,C101423,P2258,01/17/2023,4,completed
O504020,C100415,P2101,08/01/2023,5,completed
O504021,C100515,P2190,12/15/2023,5,cancelled
O504022,C101268,P2086,09/13/2023,4,completed
O504023,C100889,P2118,06/27/2023,2,returned
O504024,C101353,P2171,05/21/2023,3,completed
O504025,C101268,P2066,06/11/2023,3,completed
O504026,C101088,P2082,11/09/2023,1,completed
O504027,C100537,P2098,06/15/2023,4,cancelled
O504028,C101093,P2085,12/10/2023,1,completed
O504029,C100223,P2191,01/03/2023,2,completed
O504030,C100955,P2104,06/27/2023,5,returned
O504031,C100664,P2207,11/04/2023,3,completed
O504032,C101479,P2003,08/01/2023,1,completed
O504033,C100015,P2251,11/04/2023,5,completed
O504034,C100367,P2280,04/04/2023,3,completed
O504035,C100981,P2269,11/19/2023,3,completed
O504036,C100782,P2275,11/22/2023,4,completed
O504037,C101499,P2258,12/02/2023,4,completed
O504038,C101308,P2256,11/20/2023,4,completed
O504039,C101354,P2050,12/16/2023,4,completed
O504040,C100229,P2177,11/16/2023,1,completed
O504041,C100166,P2174,05/05/2023,2,completed
O504042,C100463,P2246,03/08/2023,4,completed
O504043,C100259,P2080,08/28/2023,2,completed
O504044,C101334,P2005,05/10/2023,1,completed
O504045,C101443,P2138,04/09/2023,4,completed
O504046,C100693,P2038,11/09/2023,5,completed
O504047,C101254,P2162,06/10/2023,2,completed
O504048,C100167,P2226,04/18/2023,5,completed
O504049,C100392,P2155,04/01/2023,5,completed
O504050,C100651,P2124,04/18/2023,1,completed
O504051,C100400,P2029,12/20/2023,2,completed
O504052,C100074,P2008,10/29/2023,5,completed
O504053,C101176,P2192,09/25/2023,2,completed
O504054,C101378,P2281,06/01/2023,4,completed
O504055,C100562,P2204,09/06/2023,3,returned
O504056,C100537,P2042,06/14/2023,5,completed
O504057,C101052,P2086,10/01/2023,3,completed
O504058,C100938,P2052,09/04/2023,4,completed
O504059,C100159,P2081,08/29/2023,1,completed
O504060,C100559,P2219,06/27/2023,3,completed
O504061,C101447,P2056,12/09/2023,3,completed
O504062,C100185,P2177,08/05/2023,3,completed
O504063,C100184,P2014,02/07/2023,2,cancelled
O504064,C100412,P2130,06/10/2023,4,completed
O504065,C100779,P2299,01/19/2023,1,completed
O504066,C100569,P2098,10/21/2023,2,completed
O504067,C101329,P2032,04/14/2023,1,completed
O504068,C100975,P2028,08/09/2023,5,cancelled
O504069,C101127,P2147,01/19/2023,4,completed
O504070,C100357,P2110,01/27/2023,5,completed
O504071,C101224,P2182,05/23/2023,1,completed
O504072,C100540,P2160,07/02/2023,5,completed
O504073,C100843,P2109,07/13/2023,1,completed
O504074,C100131,P2064,08/03/2023,2,completed
O504075,C100438,P2170,03/09/2023,5,completed
O504076,C100839,P2244,10/18/2023,1,completed
O504077,C101243,P2123,04/04/2023,3,completed
O504078,C101239,P2104,03/12/2023,5,completed
O504079,C100453,P2153,03/19/2023,1,completed
O504080,C100488,P2109,01/04/2023,5,completed
O504081,C100569,P2005,09/24/2023,4,completed
O504082,C100391,P2147,01/07/2023,1,completed
O504083,C100278,P2100,12/04/2023,2,completed
O504084,C101461,P2130,08/10/2023,5,completed
O504085,C101359,P2233,01/23/2023,1,completed
O504086,C101216,P2061,12/07/2023,5,completed
O504087,C100733,P2250,01/24/2023,4,completed
O504088,C100041,P2173,09/29/2023,2,returned
O504089,C100585,P2227,09/22/2023,5,completed
O504090,C101171,P2017,05/10/2023,4,completed
O504091,C101417,P2030,02/08/2023,2,returned
O504092,C100211,P2044,02/15/2023,1,completed
O504093,C101024,P2034,08/14/2023,4,returned
O504094,C100518,P2038,10/26/2023,3,completed
O504095,C101179,P2259,03/30/2023,4,completed
O504096,C100803,P2003,09/29/2023,5,completed
O504097,C101038,P2172,10/13/2023,3,cancelled
O504098,C100100,P2298,10/30/2023,4,completed
O504099,C100104,P2158,04/17/2023,1,completed
O504100,C101032,P2198,10/30/2023,1,completed
O504101,C101146,P2275,06/02/2023,2,completed
O504102,C100221,P2150,05/22/2023,1,completed
O504103,C101426,P2158,03/15/2023,2,completed
O504104,C100702,P2047,10/10/2023,5,cancelled
O504105,C100562,P2136,04/26/2023,4,completed
O504106,C100555,P2269,04/24/2023,3,completed
O504107,C100197,P2170,03/13/2023,3,completed
O504108,C100430,P2120,04/12/2023,3,completed
O504109,C100688,P2001,03/14/2023,2,completed
O504110,C100309,P2207,02/15/2023,3,completed
O504111,C100710,P2053,07/03/2023,4,returned
O504112,C100787,P2062,08/12/2023,3,completed
O504113,C101419,P2031,03/07/2023,4,completed
O504114,C100868,P2115,05/19/2023,4,returned
O504115,C100610,P2251,11/12/2023,1,completed
O504116,C100731,P2278,05/29/2023,2,completed
O504117,C100737,P2040,05/24/2023,4,completed
O504118,C100419,P2063,11/24/2023,3,completed
O504119,C100282,P2029,06/07/2023,1,completed
O504120,C101494,P2128,01/19/2023,5,completed
O504121,C101147,P2017,08/05/2023,4,completed
O504122,C100956,P2100,04/08/2023,2,completed
O504123,C100677,P2274,04/13/2023,4,completed
O504124,C100365,P2179,10/22/2023,2,completed
O504125,C101479,P2028,12/22/2023,1,returned
O504126,C101180,P2104,01/01/2023,1,returned
O504127,C100496,P2037,06/28/2023,4,completed
O504128,C100101,P2128,01/11/2023,3,completed
O504129,C100088,P2060,11/06/2023,5,completed
O504130,C101035,P2002,03/21/2023,3,completed
O504131,C100314,P2175,07/23/2023,1,completed
O504132,C101464,P2240,10/30/2023,5,completed
O504133,C101339,P2208,11/05/2023,5,completed
O504134,C100555,P2219,11/13/2023,1,completed
O504135,C100555,P2142,02/06/2023,5,completed
O504136,C101101,P2264,08/27/2023,2,completed
O504137,C100563,P2218,06/16/2023,5,completed
O504138,C101308,P2167,11/05/2023,2,returned
O504139,C100287,P2059,07/20/2023,5,completed
O504140,C100907,P2213,07/09/2023,5,completed
O504141,C100493,P2262,08/12/2023,4,completed
O504142,C101476,P2034,02/25/2023,3,completed
O504143,C100914,P2219,05/11/2023,4,completed
O504144,C100477,P2115,11/11/2023,1,completed
O504145,C100235,P2061,09/06/2023,1,completed
O504146,C100483,P2254,02/02/2023,1,completed
O504147,C100056,P2246,02/06/2023,3,completed
O504148,C100918,P2201,09/29/2023,3,completed
O504149,C100873,P2185,07/19/2023,5,completed
O504150,C101072,P2124,11/24/2023,4,completed
O504151,C100102,P2204,05/12/2023,4,completed
O504152,C100802,P2062,02/17/2023,1,returned
O504153,C101484,P2048,09/01/2023,3,cancelled
O504154,C101462,P2215,07/19/2023,1,completed
O504155,C101093,P2150,05/09/2023,2,completed
O504156,C101397,P2207,05/22/2023,2,completed
O504157,C100080,P2278,02/12/2023,5,completed
O504158,C101152,P2190,01/12/2023,4,completed
O504159,C101394,P2212,09/14/2023,4,completed
O504160,C100282,P2145,11/15/2023,5,completed
O504161,C100517,P2037,09/24/2023,5,cancelled
O504162,C101436,P2192,10/01/2023,1,completed
O504163,C100982,P2249,12/09/2023,3,completed
O504164,C101437,P2267,08/12/2023,2,completed
O504165,C100121,P2019,04/16/2023,5,completed
O504166,C101388,P2017,05/31/2023,4,completed
O504167,C101430,P2207,05/02/2023,1,completed
O504168,C100055,P2053,05/22/2023,1,completed
O504169,C101310,P2297,08/12/2023,5,completed
O504170,C100724,P2298,09/28/2023,5,completed
O504171,C100387,P2008,12/16/2023,4,returned
O504172,C100608,P2141,08/05/2023,2,completed
O504173,C101112,P2062,07/10/2023,2,completed
O504174,C100942,P2043,10/20/2023,1,completed
O504175,C100080,P2297,06/14/2023,1,completed
O504176,C100349,P2071,04/17/2023,1,completed
O504177,C101090,P2031,03/18/2023,4,cancelled
O504178,C101149,P2243,01/19/2023,3,completed
O504179,C101472,P2273,09/27/2023,4,completed
O504180,C101419,P2204,07/10/2023,4,cancelled
O504181,C100624,P2221,03/23/2023,4,completed
O504182,C101256,P2283,06/24/2023,3,completed
O504183,C100959,P2197,05/22/2023,3,returned
O504184,C100907,P2241,04/12/2023,4,completed
O504185,C100319,P2225,02/23/2023,2,completed
O504186,C101286,P2096,11/09/2023,4,completed
O504187,C100635,P2128,12/09/2023,1,cancelled
O504188,C100222,P2147,01/02/2023,3,completed
O504189,C100926,P2170,08/22/2023,1,completed
O504190,C101254,P2250,02/01/2023,4,completed
O504191,C100671,P2086,09/24/2023,3,cancelled
O504192,C101112,P2177,03/28/2023,5,completed
O504193,C100334,P2035,07/31/2023,5,completed
O504194,C100494,P2098,10/02/2023,3,completed
O504195,C100932,P2169,05/21/2023,2,cancelled
O504196,C100616,P2088,02/03/2023,1,completed
O504197,C100608,P2151,06/13/2023,3,returned
O504198,C101186,P2139,04/08/2023,4,completed
O504199,C100822,P2272,08/26/2023,3,completed
O504200,C100909,P2047,04/14/2023,5,returned
O504201,C101469,P2196,01/08/2023,1,returned
O504202,C101059,P2038,03/18/2023,1,cancelled
O504203,C100742,P2246,03/16/2023,4,completed
O504204,C100797,P2094,07/29/2023,3,completed
O504205,C101091,P2238,04/21/2023,4,returned
O504206,C101115,P2286,11/12/2023,2,returned
O504207,C100463,P2047,11/23/2023,3,completed
O504208,C101492,P2013,10/05/2023,5,completed
O504209,C100630,P2284,09/30/2023,1,completed
O504210,C101082,P2249,12/03/2023,3,completed
O504211,C100803,P2199,06/07/2023,2,completed
O504212,C100664,P2244,07/13/2023,5,completed
O504213,C100507,P2131,08/14/2023,4,completed
O504214,C101019,P2297,10/13/2023,2,completed
O504215,C100579,P2125,03/07/2023,2,completed
O504216,C101203,P2056,06/04/2023,2,completed
O504217,C100890,P2072,07/21/2023,4,completed
O504218,C101432,P2141,12/24/2023,2,completed
O504219,C100034,P2005,08/30/2023,5,completed
O504220,C100580,P2203,06/13/2023,1,completed
O504221,C101122,P2280,01/13/2023,5,completed
O504222,C100892,P2073,10/14/2023,2,completed
O504223,C101342,P2239,08/31/2023,1,completed
O504224,C100748,P2195,05/05/2023,1,cancelled
O504225,C100296,P2106,06/04/2023,1,completed
O504226,C100097,P2215,03/23/2023,4,completed
O504227,C100940,P2162,09/09/2023,4,completed
O504228,C101404,P2027,01/09/2023,5,completed
O504229,C100572,P2150,05/18/2023,4,completed
O504230,C101135,P2269,07/26/2023,5,cancelled
O504231,C100891,P2146,07/22/2023,5,completed
O504232,C101163,P2143,09/23/2023,4,completed
O504233,C101463,P2147,07/19/2023,5,completed
O504234,C100524,P2232,04/19/2023,3,completed
O504235,C100544,P2184,07/08/2023,5,completed
O504236,C101462,P2230,05/28/2023,2,returned
O504237,C101461,P2105,08/23/2023,4,completed
O504238,C101164,P2044,12/09/2023,1,completed
O504239,C100998,P2054,03/29/2023,2,completed
O504240,C101274,P2072,03/18/2023,3,returned
O504241,C101260,P2116,04/17/2023,1,completed
O504242,C100901,P2258,11/20/2023,4,completed
O504243,C101299,P2147,11/13/2023,4,cancelled
O504244,C101227,P2003,06/24/2023,5,completed
O504245,C100682,P2215,02/26/2023,3,completed
O504246,C100928,P2267,02/04/2023,3,completed
O504247,C101057,P2183,02/15/2023,2,returned
O504248,C101218,P2294,10/27/2023,5,cancelled
O504249,C100157,P2150,06/20/2023,4,returned
O504250,C100424,P2082,11/04/2023,1,completed
O504251,C100052,P2010,09/06/2023,4,completed
O504252,C100840,P2107,09/25/2023,2,completed
O504253,C100493,P2013,02/15/2023,1,completed
O504254,C100362,P2191,10/23/2023,2,returned
O504255,C100814,P2009,11/18/2023,1,completed
O504256,C100146,P2099,04/08/2023,2,completed
O504257,C100747,P2262,04/16/2023,2,completed
O504258,C101472,P2232,11/29/2023,2,completed
O504259,C101257,P2215,05/09/2023,1,completed
O504260,C100696,P2006,07/29/2023,2,completed
O504261,C100323,P2171,02/19/2023,2,completed
O504262,C100837,P2298,07/21/2023,2,completed
O504263,C101326,P2031,12/23/2023,2,cancelled
O504264,C100262,P2203,01/10/2023,2,completed
O504265,C100490,P2284,08/07/2023,4,returned
O504266,C100034,P2190,11/17/2023,4,completed
O504267,C100098,P2152,06/29/2023,2,completed
O504268,C100135,P2020,03/11/2023,5,returned
O504269,C100747,P2124,04/17/2023,5,completed
O504270,C100386,P2032,02/09/2023,4,returned
O504271,C100700,P2226,08/15/2023,2,completed
O504272,C100868,P2291,12/30/2023,1,completed
O504273,C100688,P2162,07/27/2023,2,completed
O504274,C101254,P2266,04/21/2023,1,completed
O504275,C100206,P2164,05/05/2023,4,completed
O504276,C101198,P2297,03/02/2023,4,completed
O504277,C100862,P2262,07/03/2023,2,completed
O504278,C101340,P2040,06/01/2023,1,completed
O504279,C100987,P2282,11/23/2023,1,completed
O504280,C100196,P2249,09/19/2023,5,completed
O504281,C101315,P2225,06/20/2023,1,completed
O504282,C100458,P2260,05/01/2023,3,completed
O504283,C100160,P2220,04/05/2023,1,completed
O504284,C100519,P2084,06/21/2023,2,completed
O504285,C100557,P2171,08/26/2023,3,completed
O504286,C101460,P2000,09/29/2023,2,completed
O504287,C100777,P2153,06/11/2023,4,completed
O504288,C100828,P2149,02/21/2023,2,returned
O504289,C101024,P2072,03/02/2023,2,completed
O504290,C100156,P2052,04/17/2023,1,cancelled
O504291,C101164,P2188,12/15/2023,5,completed
O504292,C101194,P2273,06/28/2023,2,completed
O504293,C100912,P2038,06/14/2023,4,completed
O504294,C100339,P2128,07/29/2023,3,completed
O504295,C100566,P2034,06/24/2023,3,completed
O504296,C100891,P9999,01/06/2023,1,completed
O504297,C100233,P2256,07/25/2023,4,completed
O504298,C100317,P2099,10/19/2023,2,completed
O504299,C101323,P2066,05/04/2023,1,completed
O504300,C100867,P2131,05/06/2023,2,completed
O504301,C101045,P2089,03/09/2023,2,completed
O504302,C100651,P2067,03/30/2023,4,completed
O504303,C100424,P2140,07/10/2023,3,returned
O504304,C100248,P2187,10/16/2023,2,returned
O504305,C100217,P2083,01/16/2023,1,completed
O504306,C100593,P2232,03/01/2023,5,completed
O504307,C100761,P2129,01/05/2023,2,completed
O504308,C100076,P2072,05/10/2023,2,completed
O504309,C100396,P2185,06/18/2023,4,completed
O504310,C100296,P2270,04/13/2023,4,returned
O504311,C101216,P2247,11/01/2023,2,completed
O504312,C101047,P2282,03/15/2023,1,completed
O504313,C101183,P2204,01/23/2023,1,returned
O504314,C100943,P2036,08/10/2023,2,returned
O504315,C100875,P2016,01/08/2023,2,completed
O504316,C100365,P2076,01/02/2023,1,completed
O504317,C100654,P2113,10/20/2023,5,returned
O504318,C100850,P2265,06/28/2023,3,completed
O504319,C100405,P2213,12/02/2023,3,completed
O504320,C100572,P2070,08/16/2023,1,returned
O504321,C100296,P2200,03/14/2023,2,completed
O504322,C101494,P2166,06/19/2023,3,completed
O504323,C101046,P2037,04/07/2023,5,completed
O504324,C100853,P2293,03/29/2023,2,completed
O504325,C100927,P2231,02/08/2023,5,completed
O504326,C100125,P2202,07/02/2023,5,completed
O504327,C100014,P2157,03/13/2023,2,completed
O504328,C101165,P2115,11/05/2023,1,completed
O504329,C101374,P2157,12/30/2023,3,completed
O504330,C100013,P2268,11/03/2023,4,completed
O504331,C101266,P2260,11/13/2023,4,completed
O504332,C100605,P2126,01/18/2023,3,completed
O504333,C100415,P2275,02/08/2023,2,completed
O504334,C100791,P2198,02/05/2023,4,completed
O504335,C101250,P2098,12/19/2023,2,completed
O504336,C101349,P2298,08/28/2023,2,completed
O504337,C100969,P2183,07/11/2023,4,completed
O504338,C100219,P2117,10/17/2023,2,completed
O504339,C100869,P2089,03/24/2023,5,completed
O504340,C100144,P2150,02/25/2023,4,completed
O504341,C100379,P2295,06/20/2023,5,completed
O504342,C100869,P2210,05/09/2023,2,completed
O504343,C100965,P2243,06/19/2023,3,completed
O504344,C100543,P2128,04/22/2023,2,cancelled
O504345,C101208,P2126,08/17/2023,3,returned
O504346,C101173,P2107,07/01/2023,3,completed
O504347,C100053,P2282,04/22/2023,2,completed
O504348,C100477,P2190,06/15/2023,1,completed
O504349,C101477,P2099,03/18/2023,2,returned
O504350,C100875,P2272,12/21/2023,2,completed
O504351,C101008,P2219,01/23/2023,4,completed
O504352,C100270,P2257,12/03/2023,1,completed
O504353,C100949,P2167,11/10/2023,5,completed
O504354,C101249,P2080,05/07/2023,1,completed
O504355,C100661,P2023,12/12/2023,4,completed
O504356,C100082,P2105,09/30/2023,4,completed
O504357,C100761,P2122,12/02/2023,1,completed
O504358,C100656,P2075,10/31/2023,1,completed
O504359,C101281,P2130,09/04/2023,3,completed
O504360,C100755,P2047,04/10/2023,1,completed
O504361,C101020,P2190,06/13/2023,2,completed
O504362,C100288,P2155,04/05/2023,2,completed
O504363,C101200,P2033,03/20/2023,1,returned
O504364,C100167,P2189,10/03/2023,5,completed
O504365,C100837,P2108,11/04/2023,2,completed
O504366,C100798,P2064,11/23/2023,4,completed
O504367,C100345,P2008,09/10/2023,3,completed
O504368,C100284,P2243,09/01/2023,5,cancelled
O504369,C100972,P2187,11/13/2023,1,completed
O504370,C100967,P2150,12/25/2023,1,completed
O504371,C101444,P2120,12/08/2023,1,cancelled
O504372,C100338,P2172,05/30/2023,3,completed
O504373,C100857,P2002,01/18/2023,2,completed
O504374,C101107,P2268,01/25/2023,5,completed
O504375,C100368,P2095,12/15/2023,2,completed
O504376,C100689,P2064,01/11/2023,3,completed
O504377,C101148,P2166,02/25/2023,3,completed
O504378,C100715,P2081,05/28/2023,2,completed
O504379,C101132,P2278,06/19/2023,5,returned
O504380,C101083,P2218,08/17/2023,2,completed
O504381,C100330,P2244,03/19/2023,5,completed
O504382,C100643,P2278,06/01/2023,5,completed
O504383,C101049,P2116,08/25/2023,5,completed
O504384,C101098,P2046,05/29/2023,1,returned
O504385,C100542,P2244,05/11/2023,5,completed
O504386,C100854,P2203,07/01/2023,1,completed
O504387,C101457,P2072,07/10/2023,2,completed
O504388,C100352,P2292,09/12/2023,3,completed
O504389,C100826,P2165,04/24/2023,4,completed
O504390,C100081,P2034,07/09/2023,2,returned
O504391,C100846,P2165,03/08/2023,3,completed
O504392,C100808,P2005,11/03/2023,2,completed
O504393,C100003,P2019,11/11/2023,5,completed
O504394,C101238,P2247,11/18/2023,3,completed
O504395,C100102,P2182,11/15/2023,5,completed
O504396,C100504,P2147,08/10/2023,1,completed
O504397,C101278,P2085,09/11/2023,2,returned
O504398,C101499,P2109,01/31/2023,4,completed
O504399,C100917,P2004,02/02/2023,4,completed
O504400,C100156,P2128,07/15/2023,1,completed
O504401,C100338,P2042,01/10/2023,1,completed
O504402,C100870,P2299,04/20/2023,4,completed
O504403,C100563,P2072,02/19/2023,1,completed
O504404,C100267,P2094,03/18/2023,3,completed
O504405,C101106,P2269,04/15/2023,5,completed
O504406,C100360,P2108,11/09/2023,3,completed
O504407,C100852,P2196,03/29/2023,1,completed
O504408,C100377,P2019,01/08/2023,5,completed
O504409,C100440,P2051,01/25/2023,3,completed
O504410,C100302,P2028,03/05/2023,3,completed
O504411,C100585,P2184,03/14/2023,4,completed
O504412,C100732,P2040,03/20/2023,1,completed
O504413,C100078,P2171,03/16/2023,1,completed
O504414,C100299,P2170,05/30/2023,5,completed
O504415,C101276,P2260,07/02/2023,4,completed
O504416,C101479,P2078,02/11/2023,5,returned
O504417,C100394,P2268,12/03/2023,2,cancelled
O504418,C101093,P2129,07/09/2023,2,completed
O504419,C101088,P2277,01/06/2023,2,completed
O504420,C100658,P2146,09/13/2023,2,completed
O504421,C100204,P2002,09/30/2023,2,completed
O504422,C100963,P2293,12/28/2023,5,completed
O504423,C100045,P2061,03/23/2023,5,returned
O504424,C100426,P2106,12/25/2023,3,completed
O504425,C100445,P2231,09/09/2023,5,completed
O504426,C100520,P2189,09/09/2023,1,completed
O504427,C100764,P2267,06/15/2023,2,completed
O504428,C100754,P2277,03/07/2023,2,completed
O504429,C101074,P2150,10/01/2023,1,completed
O504430,C100639,P2007,10/15/2023,5,completed
O504431,C101167,P2231,04/02/2023,1,completed
O504432,C100156,P2017,02/10/2023,4,completed
O504433,C101475,P2184,07/15/2023,3,completed
O504434,C100715,P2291,07/12/2023,5,cancelled
O504435,C100086,P2206,04/30/2023,2,cancelled
O504436,C101252,P2211,05/15/2023,5,completed
O504437,C101205,P2046,03/08/2023,3,returned
O504438,C100924,P2141,10/08/2023,3,completed
O504439,C100603,P2169,10/13/2023,4,completed
O504440,C100796,P2276,02/02/2023,4,returned
O504441,C100920,P2279,07/07/2023,3,returned
O504442,C100648,P2003,09/14/2023,3,cancelled
O504443,C100910,P2072,05/11/2023,5,cancelled
O504444,C100480,P2166,02/27/2023,4,completed
O504445,C101214,P2273,03/24/2023,1,completed
O504446,C100861,P2104,11/25/2023,4,completed
O504447,C100994,P2040,12/10/2023,2,completed
O504448,C100673,P2103,08/15/2023,2,returned
O504449,C100145,P2218,02/07/2023,3,completed
O504450,C100918,P2067,11/09/2023,3,completed
O504451,C100879,P2117,03/23/2023,5,completed
O504452,C100571,P2257,01/25/2023,2,completed
O504453,C100610,P2076,10/23/2023,3,completed
O504454,C100537,P2010,12/10/2023,4,completed
O504455,C100258,P2044,11/21/2023,3,cancelled
O504456,C101247,P2063,12/14/2023,1,completed
O504457,C101388,P2047,08/19/2023,5,completed
O504458,C100009,P2274,03/22/2023,5,completed
O504459,C100667,P2129,02/04/2023,2,completed
O504460,C100934,P2257,07/03/2023,2,completed
O504461,C100363,P2123,09/09/2023,4,completed
O504462,C101436,P2299,03/02/2023,2,cancelled
O504463,C101318,P2050,01/03/2023,4,completed
O504464,C100148,P2129,06/08/2023,5,cancelled
O504465,C100620,P2180,09/03/2023,1,completed
O504466,C100733,P2139,07/16/2023,1,completed
O504467,C100604,P2151,10/19/2023,4,completed
O504468,C100627,P2029,01/08/2023,3,cancelled
O504469,C100544,P2198,12/18/2023,1,completed
O504470,C100062,P2294,05/23/2023,3,completed
O504471,C101191,P2168,07/29/2023,1,completed
O504472,C100759,P2071,11/22/2023,2,completed
O504473,C101119,P2234,03/16/2023,5,completed
O504474,C101424,P2133,03/28/2023,4,completed
O504475,C100288,P2112,02/26/2023,3,completed
O504476,C100245,P2175,05/01/2023,5,returned
O504477,C100445,P2206,06/27/2023,1,returned
O504478,C100946,P2182,11/04/2023,3,completed
O504479,C100238,P2233,09/25/2023,1,completed
O504480,C100377,P2135,12/30/2023,3,completed
O504481,C100961,P2108,02/01/2023,3,cancelled
O504482,C100534,P2181,02/24/2023,4,completed
O504483,C100038,P2228,08/12/2023,4,completed
O504484,C100034,P2285,09/21/2023,4,completed
O504485,C100781,P2180,12/08/2023,2,completed
O504486,C100512,P2001,09/16/2023,1,completed
O504487,C100813,P2083,04/18/2023,4,cancelled
O504488,C100477,P2015,09/09/2023,5,completed
O504489,C101048,P2182,02/23/2023,1,completed
O504490,C100475,P2107,01/06/2023,2,completed
O504491,C100582,P2107,08/30/2023,2,completed
O504492,C100274,P2185,10/13/2023,5,completed
O504493,C100516,P2133,03/12/2023,4,completed
O504494,C100324,P2171,11/17/2023,3,completed
O504495,C101487,P2037,07/01/2023,2,completed
O504496,C101422,P2073,12/03/2023,3,returned
O504497,C101028,P2178,02/03/2023,2,completed
O504498,C100784,P2287,11/30/2023,5,completed
O504499,C101470,P2172,07/10/2023,1,cancelled
O504500,C100679,P2013,04/02/2023,2,returned
O504501,C100342,P2256,11/07/2023,3,cancelled
O504502,C100370,P9999,10/20/2023,5,completed
O504503,C100731,P2211,01/18/2023,5,completed
O504504,C100561,P2174,04/19/2023,4,completed
O504505,C100478,P2202,05/26/2023,4,completed
O504506,C100286,P2079,03/15/2023,5,returned
O504507,C101366,P2267,08/09/2023,1,completed
O504508,C100614,P2146,09/28/2023,4,completed
O504509,C101275,P2045,01/31/2023,5,completed
O504510,C101281,P2103,04/10/2023,3,returned
O504511,C100777,P2209,02/04/2023,4,returned
O504512,C100101,P2133,07/06/2023,2,completed
O504513,C100393,P2085,06/28/2023,4,completed
O504514,C100481,P2198,10/20/2023,2,cancelled
O504515,C100006,P2290,12/21/2023,1,completed
O504516,C101093,P2119,09/10/2023,2,completed
O504517,C100833,P2006,05/11/2023,3,completed
O504518,C100741,P2028,07/29/2023,4,completed
O504519,C100557,P2179,03/13/2023,4,completed
O504520,C100387,P2025,03/13/2023,4,cancelled
O504521,C100827,P2026,04/13/2023,3,completed
O504522,C100403,P2169,11/25/2023,5,completed
O504523,C100113,P2223,06/06/2023,4,completed
O504524,C101214,P2274,09/18/2023,1,completed
O504525,C100403,P2048,02/27/2023,5,returned
O504526,C100313,P2226,06/01/2023,2,completed
O504527,C100689,P2124,02/20/2023,5,cancelled
O504528,C100419,P2053,05/23/2023,3,completed
O504529,C100486,P2213,08/31/2023,2,completed
O504530,C100059,P2143,01/08/2023,1,completed
O504531,C100485,P2173,07/01/2023,4,completed
O504532,C101472,P2002,02/02/2023,5,completed
O504533,C100335,P2131,02/25/2023,4,completed
O504534,C101378,P2252,02/22/2023,1,completed
O504535,C100788,P2011,04/20/2023,2,completed
O504536,C100245,P2017,03/26/2023,3,completed
O504537,C101278,P2022,11/08/2023,5,completed
O504538,C100022,P2124,05/02/2023,4,completed
O504539,C101382,P2143,07/09/2023,5,cancelled
O504540,C101224,P2277,12/29/2023,1,completed
O504541,C101370,P2134,10/10/2023,3,completed
O504542,C101144,P2161,12/17/2023,5,completed
O504543,C101111,P2244,09/13/2023,4,completed
O504544,C101364,P2215,05/12/2023,5,completed
O504545,C100628,P2274,12/30/2023,5,completed
O504546,C100330,P2170,03/26/2023,3,completed
O504547,C100153,P2256,03/26/2023,2,completed
O504548,C101444,P2264,11/30/2023,5,completed
O504549,C100427,P2006,02/17/2023,4,completed
O504550,C101321,P2280,10/11/2023,2,completed
O504551,C100265,P2144,02/11/2023,5,cancelled
O504552,C100171,P2276,05/22/2023,1,completed
O504553,C100044,P2017,04/14/2023,4,completed
O504554,C101313,P2173,12/07/2023,4,completed
O504555,C100660,P2147,01/25/2023,3,cancelled
O504556,C100291,P2109,09/23/2023,2,completed
O504557,C101197,P2088,03/19/2023,2,completed
O504558,C101265,P2024,11/14/2023,3,completed
O504559,C101358,P2138,06/19/2023,4,completed
O504560,C100532,P2207,12/28/2023,1,completed
O504561,C101273,P2259,08/13/2023,2,completed
O504562,C100532,P2276,01/17/2023,3,completed
O504563,C100251,P2006,04/04/2023,1,completed
O504564,C100732,P2295,10/06/2023,3,completed
O504565,C100144,P2135,12/27/2023,4,completed
O504566,C100501,P2187,01/14/2023,4,completed
O504567,C101452,P2028,09/13/2023,2,completed
O504568,C100430,P2037,10/26/2023,3,completed
O504569,C101164,P2241,06/29/2023,2,completed
O504570,C101422,P2184,10/13/2023,3,completed
O504571,C100288,P2256,03/12/2023,5,completed
O504572,C100892,P2265,06/26/2023,5,completed
O504573,C100116,P2287,11/10/2023,2,completed
O504574,C100725,P2251,08/22/2023,2,completed
O504575,C100757,P2002,09/21/2023,5,completed
O504576,C100887,P2263,08/13/2023,1,completed
O504577,C100586,P2213,08/23/2023,3,completed
O504578,C100730,P2181,10/08/2023,5,returned
O504579,C100152,P2189,09/20/2023,3,completed
O504580,C100518,P2066,07/15/2023,4,completed
O504581,C100095,P2147,05/17/2023,5,completed
O504582,C100841,P2010,02/24/2023,5,completed
O504583,C100022,P2268,08/26/2023,1,completed
O504584,C100152,P2151,09/09/2023,3,returned
O504585,C100565,P2117,06/14/2023,3,cancelled
O504586,C100299,P2263,10/27/2023,1,completed
O504587,C100580,P2130,11/06/2023,1,completed
O504588,C100231,P2183,06/13/2023,4,completed
O504589,C100096,P2061,02/28/2023,5,completed
O504590,C101248,P2299,03/10/2023,2,completed
O504591,C100563,P2211,05/24/2023,2,cancelled
O504592,C100742,P2248,02/07/2023,4,completed
O504593,C100127,P2245,10/06/2023,5,returned
O504594,C100106,P2256,02/01/2023,4,cancelled
O504595,C100121,P2101,08/04/2023,5,completed
O504596,C100002,P2114,09/11/2023,1,completed
O504597,C100934,P2002,10/04/2023,2,completed
O504598,C101288,P2186,10/21/2023,5,completed
O504599,C100782,P2272,11/10/2023,2,completed
O504600,C100030,P2003,06/20/2023,5,completed
O504601,C101021,P2277,11/10/2023,3,completed
O504602,C100632,P2224,10/09/2023,2,cancelled
O504603,C100891,P2069,12/12/2023,3,completed
O504604,C100243,P2019,06/05/2023,1,completed
O504605,C100344,P2084,11/23/2023,4,completed
O504606,C101279,P2126,12/15/2023,5,returned
O504607,C100474,P2192,10/08/2023,4,completed
O504608,C100174,P2017,02/24/2023,3,completed
O504609,C100560,P2239,10/28/2023,1,completed
O504610,C100380,P2289,09/11/2023,5,completed
O504611,C100890,P2083,01/27/2023,2,completed
O504612,C100646,P2118,06/21/2023,3,completed
O504613,C100811,P2251,11/09/2023,2,completed
O504614,C100085,P2112,03/06/2023,3,returned
O504615,C100840,P2147,07/15/2023,3,completed
O504616,C100472,P2065,02/10/2023,5,returned
O504617,C100441,P2038,02/12/2023,2,completed
O504618,C100328,P2125,09/11/2023,3,completed
O504619,C100693,P2130,12/19/2023,3,completed
O504620,C101206,P2146,07/31/2023,4,completed
O504621,C100245,P2022,02/18/2023,5,completed
O504622,C100205,P2186,06/19/2023,2,completed
O504623,C100990,P2299,06/04/2023,4,completed
O504624,C101460,P2115,03/30/2023,1,completed
O504625,C100629,P2006,05/12/2023,2,completed
O504626,C101453,P2207,07/01/2023,2,returned
O504627,C101386,P2089,04/27/2023,4,returned
O504628,C100179,P2019,03/04/2023,1,completed
O504629,C100712,P2080,01/08/2023,4,completed
O504630,C101425,P2024,11/08/2023,3,completed
O504631,C100200,P2015,12/20/2023,4,completed
O504632,C101051,P2020,10/04/2023,1,completed
O504633,C101221,P2092,12/08/2023,3,returned
O504634,C101083,P2073,03/14/2023,5,completed
O504635,C100164,P2255,03/04/2023,2,completed
O504636,C100935,P2280,11/08/2023,3,completed
O504637,C100122,P2218,08/08/2023,5,completed
O504638,C101423,P2227,11/16/2023,3,completed
O504639,C100819,P2292,10/11/2023,5,completed
O504640,C101207,P2037,05/05/2023,2,completed
O504641,C100565,P2029,02/13/2023,3,completed
O504642,C100937,P2104,02/10/2023,3,completed
O504643,C100180,P2077,07/11/2023,2,completed
O504644,C100513,P2179,02/11/2023,4,completed
O504645,C100252,P2268,03/01/2023,2,returned
O504646,C100321,P2186,11/13/2023,2,completed
O504647,C100342,P2192,04/10/2023,5,returned
O504648,C101481,P2178,05/17/2023,5,completed
O504649,C100982,P2098,12/18/2023,5,completed
O504650,C101096,P2068,12/30/2023,5,returned
O504651,C101117,P2018,04/22/2023,1,completed
O504652,C101238,P2218,10/18/2023,2,completed
O504653,C100163,P2165,11/09/2023,3,completed
O504654,C100493,P2104,04/09/2023,1,completed
O504655,C101117,P2215,08/02/2023,1,completed
O504656,C101117,P2127,02/10/2023,4,cancelled
O504657,C100753,P2209,08/11/2023,5,completed
O504658,C101032,P2105,04/15/2023,2,completed
O504659,C101358,P2046,11/22/2023,2,completed
O504660,C100865,P2255,06/29/2023,3,completed
O504661,C101039,P2095,03/16/2023,3,completed
O504662,C100714,P2088,08/12/2023,2,completed
O504663,C100494,P2229,06/26/2023,2,completed
O504664,C100486,P2012,05/04/2023,4,completed
O504665,C100991,P2049,10/19/2023,2,completed
O504666,C100018,P2151,07/26/2023,4,completed
O504667,C101282,P2152,02/09/2023,4,returned
O504668,C101018,P2138,09/29/2023,2,completed
O504669,C101201,P2203,08/07/2023,1,completed
O504670,C101458,P2264,02/20/2023,5,cancelled
O504671,C101301,P2222,08/07/2023,1,completed
O504672,C101195,P2287,02/26/2023,4,completed
O504673,C101422,P2295,05/06/2023,4,completed
O504674,C101022,P2150,06/07/2023,1,returned
O504675,C101133,P2282,11/05/2023,2,completed
O504676,C100652,P2063,12/19/2023,2,completed
O504677,C100122,P2135,08/21/2023,5,completed
O504678,C100499,P2068,04/05/2023,2,completed
O504679,C101138,P2004,03/26/2023,3,completed
O504680,C101486,P2254,03/11/2023,2,returned
O504681,C101324,P2178,01/31/2023,4,returned
O504682,C100126,P2291,06/20/2023,1,returned
O504683,C101049,P2240,08/15/2023,3,returned
O504684,C100183,P2273,10/10/2023,4,completed
O504685,C100593,P2165,06/24/2023,1,completed
O504686,C101360,P2067,12/30/2023,5,completed
O504687,C100499,P2272,07/26/2023,2,completed
O504688,C100003,P2296,11/25/2023,2,completed
O504689,C100371,P2005,09/16/2023,5,completed
O504690,C100160,P2070,08/16/2023,1,completed
O504691,C100829,P2161,08/29/2023,4,completed
O504692,C101220,P2051,11/08/2023,1,completed
O504693,C101282,P2230,06/22/2023,1,completed
O504694,C101120,P2200,07/21/2023,2,completed
O504695,C101377,P2215,08/26/2023,2,completed
O504696,C100956,P2280,06/14/2023,3,completed
O504697,C101177,P2092,08/04/2023,5,completed
O504698,C100756,P2165,07/09/2023,5,completed
O504699,C100005,P2192,09/01/2023,3,returned
O504700,C101453,P2193,05/25/2023,5,completed
O504701,C101296,P2237,04/29/2023,1,returned
O504702,C100971,P2288,07/02/2023,2,returned
O504703,C100047,P2297,11/12/2023,1,completed
O504704,C100505,P2073,06/04/2023,4,cancelled
O504705,C100986,P2019,08/28/2023,3,completed
O504706,C100659,P2184,03/05/2023,2,completed
O504707,C100344,P2004,08/04/2023,2,completed
O504708,C100585,P2080,09/10/2023,1,completed
O504709,C100943,P2182,09/22/2023,5,completed
O504710,C101253,P2198,12/24/2023,2,completed
O504711,C101377,P2050,02/19/2023,5,completed
O504712,C101260,P9999,06/26/2023,2,completed
O504713,C100161,P2131,11/30/2023,5,completed
O504714,C101019,P2127,09/23/2023,2,cancelled
O504715,C100966,P2283,12/08/2023,5,returned
O504716,C100798,P2125,06/14/2023,4,completed
O504717,C100551,P2097,09/15/2023,4,completed
O504718,C100092,P2085,10/28/2023,3,returned
O504719,C101044,P2254,02/02/2023,2,completed
O504720,C100886,P2281,10/05/2023,3,completed
O504721,C100371,P2082,01/27/2023,3,returned
O504722,C101366,P2099,11/29/2023,4,completed
O504723,C100683,P2086,02/27/2023,1,completed
O504724,C100011,P2162,02/02/2023,2,completed
O504725,C100285,P2280,04/15/2023,1,completed
O504726,C100805,P2215,02/06/2023,5,returned
O504727,C100130,P2193,01/20/2023,2,completed
O504728,C100647,P2082,07/10/2023,1,completed
O504729,C101080,P2256,01/29/2023,3,completed
O504730,C101443,P2295,05/26/2023,5,completed
O504731,C100952,P2264,10/02/2023,2,completed
O504732,C100685,P2155,02/01/2023,1,completed
O504733,C100853,P2005,05/05/2023,5,returned
O504734,C101486,P2054,02/19/2023,4,completed
O504735,C100785,P2266,04/30/2023,4,completed
O504736,C100882,P2100,08/18/2023,4,completed
O504737,C101465,P2195,12/10/2023,2,cancelled
O504738,C101492,P2074,10/21/2023,3,completed
O504739,C100645,P2197,05/13/2023,2,completed
O504740,C100249,P2179,04/15/2023,3,completed
O504741,C100947,P2064,07/07/2023,4,completed
O504742,C101493,P2050,05/05/2023,2,completed
O504743,C100291,P2150,03/29/2023,5,completed
O504744,C100360,P2280,01/29/2023,3,completed
O504745,C100833,P2117,05/22/2023,5,completed
O504746,C101173,P2080,07/17/2023,5,cancelled
O504747,C100540,P2236,05/15/2023,2,cancelled
O504748,C100355,P2282,12/12/2023,5,completed
O504749,C100792,P2255,07/06/2023,4,completed
O504750,C100059,P2209,05/08/2023,3,completed
O504751,C101498,P2184,10/15/2023,3,completed
O504752,C101440,P2246,11/18/2023,4,completed
O504753,C100755,P2283,01/20/2023,4,completed
O504754,C100381,P2127,06/06/2023,2,completed
O504755,C100643,P2045,12/08/2023,4,completed
O504756,C100820,P2108,03/25/2023,5,completed
O504757,C100425,P2121,06/03/2023,4,completed
O504758,C100824,P2213,05/21/2023,1,completed
O504759,C100251,P2188,04/06/2023,3,completed
O504760,C100103,P2080,01/03/2023,4,completed
O504761,C101162,P2046,07/29/2023,5,completed
O504762,C100054,P2074,03/28/2023,5,completed
O504763,C100804,P2231,05/04/2023,4,completed
O504764,C100574,P2040,04/08/2023,2,completed
O504765,C100729,P2101,04/18/2023,2,completed
O504766,C100445,P2288,02/23/2023,4,completed
O504767,C100825,P2026,01/12/2023,1,completed
O504768,C100064,P2237,07/01/2023,1,completed
O504769,C100173,P2062,01/05/2023,1,cancelled
O504770,C100182,P2164,07/02/2023,4,completed
O504771,C101046,P2037,03/26/2023,2,completed
O504772,C100551,P2177,09/22/2023,1,completed
O504773,C100831,P2125,05/02/2023,5,completed
O504774,C101490,P2134,09/17/2023,2,cancelled
O504775,C101036,P2084,04/27/2023,3,completed
O504776,C100033,P2217,12/05/2023,1,completed
O504777,C100402,P2072,12/22/2023,2,completed
O504778,C100562,P2121,09/05/2023,5,completed
O504779,C100671,P2130,09/30/2023,4,completed
O504780,C100854,P2203,07/09/2023,3,completed
O504781,C100988,P2192,05/18/2023,1,completed
O504782,C101406,P2295,07/17/2023,5,completed
O504783,C100150,P2271,09/08/2023,3,completed
O504784,C101298,P2024,11/27/2023,2,completed
O504785,C101489,P2104,05/12/2023,4,completed
O504786,C100028,P2143,01/29/2023,4,returned
O504787,C100424,P2043,06/14/2023,3,cancelled
O504788,C100632,P2151,11/19/2023,5,completed
O504789,C100101,P2259,03/29/2023,2,completed
O504790,C100743,P2253,06/08/2023,3,cancelled
O504791,C100217,P9999,01/22/2023,5,completed
O504792,C100490,P2130,10/20/2023,3,completed
O504793,C100576,P2279,03/22/2023,5,completed
O504794,C100910,P2138,02/25/2023,5,completed
O504795,C100031,P2051,02/17/2023,1,returned
O504796,C100836,P2141,12/05/2023,4,completed
O504797,C100508,P2089,05/01/2023,5,completed
O504798,C101103,P2159,11/26/2023,4,completed
O504799,C100377,P2162,12/21/2023,5,completed
O504800,C100978,P2111,10/04/2023,4,completed
O504801,C100318,P2105,04/21/2023,5,completed
O504802,C100053,P2272,08/01/2023,3,completed
O504803,C100823,P2230,08/13/2023,3,returned
O504804,C100745,P2174,05/04/2023,5,completed
O504805,C101195,P2082,12/26/2023,4,completed
O504806,C100081,P2217,01/16/2023,3,completed
O504807,C100543,P2054,12/26/2023,4,returned
O504808,C100011,P2211,04/08/2023,4,completed
O504809,C101247,P2264,08/23/2023,1,completed
O504810,C100250,P2034,05/18/2023,1,completed
O504811,C101201,P2255,10/24/2023,3,completed
O504812,C101147,P2056,04/19/2023,2,returned
O504813,C100395,P2273,02/15/2023,4,completed
O504814,C100786,P2219,11/05/2023,2,completed
O504815,C100477,P2012,12/09/2023,2,completed
O504816,C101120,P2089,08/26/2023,1,completed
O504817,C101176,P2044,01/07/2023,2,completed
O504818,C100658,P2061,06/02/2023,3,completed
O504819,C101404,P2050,12/13/2023,5,completed
O504820,C101393,P2187,12/22/2023,3,completed
O504821,C100939,P2154,06/29/2023,1,completed
O504822,C101086,P2140,06/14/2023,5,completed
O504823,C101172,P2013,04/05/2023,5,completed
O504824,C101051,P2219,04/15/2023,4,completed
O504825,C100611,P2132,08/01/2023,1,completed
O504826,C100061,P2165,11/28/2023,5,completed
O504827,C100185,P2179,05/09/2023,5,completed
O504828,C101288,P2221,10/18/2023,1,completed
O504829,C100345,P2013,12/15/2023,3,cancelled
O504830,C100635,P2283,04/13/2023,4,completed
O504831,C100265,P2003,06/16/2023,1,completed
O504832,C100666,P2212,12/24/2023,5,completed
O504833,C100028,P2036,05/21/2023,1,completed
O504834,C100077,P2098,05/05/2023,5,returned
O504835,C100440,P2196,09/11/2023,3,completed
O504836,C100520,P2153,12/29/2023,5,completed
O504837,C100225,P2233,01/05/2023,1,completed
O504838,C101111,P2102,08/11/2023,2,completed
O504839,C100009,P2237,04/26/2023,4,completed
O504840,C100267,P2235,08/06/2023,3,completed
O504841,C101308,P2158,09/11/2023,2,cancelled
O504842,C101175,P2054,10/31/2023,3,completed
O504843,C100167,P2194,07/01/2023,3,completed
O504844,C101339,P2155,03/28/2023,4,completed
O504845,C100262,P2064,02/15/2023,1,completed
O504846,C100049,P2069,06/19/2023,2,completed
O504847,C100678,P2227,06/02/2023,4,completed
O504848,C101483,P2298,01/16/2023,3,completed
O504849,C100242,P2089,08/29/2023,5,completed
O504850,C101393,P2046,04/22/2023,4,cancelled
O504851,C100303,P2010,10/08/2023,1,completed
O504852,C100589,P2061,04/06/2023,3,completed
O504853,C100630,P2229,06/16/2023,5,completed
O504854,C101104,P2118,12/11/2023,1,completed
O504855,C100197,P2282,01/05/2023,4,completed
O504856,C100130,P2145,01/08/2023,5,completed
O504857,C100546,P2086,07/12/2023,5,completed
O504858,C100168,P2192,01/15/2023,3,completed
O504859,C100241,P2021,04/16/2023,3,cancelled
O504860,C101385,P2206,06/08/2023,4,returned
O504861,C100731,P2040,04/18/2023,3,returned
O504862,C101342,P2107,02/18/2023,4,completed
O504863,C100602,P2052,02/13/2023,5,completed
O504864,C100946,P2279,08/10/2023,4,returned
O504865,C100483,P2133,08/19/2023,1,completed
O504866,C100583,P2163,01/31/2023,5,completed
O504867,C100876,P2167,10/02/2023,3,returned
O504868,C100708,P2161,05/05/2023,5,completed
O504869,C100680,P2218,01/25/2023,1,completed
O504870,C100534,P2260,11/04/2023,4,completed
O504871,C100476,P2210,05/05/2023,5,cancelled
O504872,C100909,P2001,11/26/2023,3,completed
O504873,C100118,P2004,10/14/2023,5,completed
O504874,C100241,P2282,11/13/2023,5,completed
O504875,C100201,P2042,06/27/2023,2,cancelled
O504876,C100895,P2138,12/19/2023,1,returned
O504877,C101303,P2083,08/04/2023,3,completed
O504878,C100577,P2038,09/28/2023,5,completed
O504879,C100869,P2055,04/26/2023,1,completed
O504880,C100472,P2257,12/20/2023,4,completed
O504881,C101038,P2009,12/13/2023,2,completed
O504882,C101135,P2037,10/06/2023,1,completed
O504883,C101460,P2278,07/08/2023,2,completed
O504884,C100538,P2129,06/04/2023,3,returned
O504885,C101132,P2181,12/04/2023,5,completed
O504886,C100593,P2092,06/14/2023,5,returned
O504887,C100180,P2298,11/23/2023,5,completed
O504888,C100051,P2089,06/17/2023,3,returned
O504889,C101246,P2111,10/29/2023,2,completed
O504890,C100629,P2057,01/18/2023,2,completed
O504891,C100202,P2076,04/13/2023,4,completed
O504892,C101175,P2133,03/18/2023,5,completed
O504893,C100421,P2104,08/13/2023,5,cancelled
O504894,C100696,P2183,05/13/2023,4,completed
O504895,C100617,P2202,06/06/2023,4,completed
O504896,C100012,P2216,02/14/2023,3,completed
O504897,C100982,P2149,09/10/2023,4,completed
O504898,C101361,P2172,12/31/2023,5,completed
O504899,C100889,P2213,01/16/2023,3,completed
O504900,C101182,P2250,11/17/2023,2,completed
O504901,C100092,P2021,11/05/2023,4,completed
O504902,C101395,P2176,08/02/2023,3,completed
O504903,C101176,P2192,06/03/2023,4,completed
O504904,C100376,P2244,09/17/2023,5,completed
O504905,C101121,P2001,06/20/2023,4,completed
O504906,C100231,P2263,10/22/2023,3,cancelled
O504907,C100881,P2233,04/21/2023,3,completed
O504908,C101295,P2176,06/22/2023,4,completed
O504909,C101491,P2149,09/30/2023,3,completed
O504910,C100797,P2011,06/30/2023,2,completed
O504911,C101235,P2042,09/20/2023,1,completed
O504912,C100790,P2248,01/10/2023,1,completed
O504913,C101234,P2155,05/11/2023,2,completed
O504914,C101265,P2279,04/23/2023,1,completed
O504915,C100639,P2176,05/11/2023,2,completed
O504916,C100104,P2191,07/15/2023,5,completed
O504917,C100118,P2036,01/15/2023,2,cancelled
O504918,C100895,P2121,02/26/2023,3,cancelled
O504919,C101340,P2257,06/26/2023,3,completed
O504920,C100340,P2154,08/05/2023,1,completed
O504921,C101431,P2108,06/03/2023,4,completed
O504922,C100116,P2229,04/07/2023,1,completed
O504923,C100881,P2023,01/31/2023,5,returned
O504924,C100232,P2282,06/10/2023,1,completed
O504925,C100642,P2189,10/31/2023,2,completed
O504926,C100078,P2132,06/21/2023,5,completed
O504927,C100982,P2206,08/26/2023,1,completed
O504928,C100056,P2198,12/26/2023,3,returned
O504929,C100809,P2025,04/07/2023,3,completed
O504930,C100166,P2060,05/17/2023,5,completed
O504931,C101019,P2209,08/21/2023,3,completed
O504932,C101283,P2090,04/06/2023,3,returned
O504933,C101405,P2061,10/18/2023,5,returned
O504934,C101307,P2146,06/21/2023,3,completed
O504935,C100822,P2113,09/04/2023,2,completed
O504936,C100454,P2103,11/07/2023,4,returned
O504937,C100143,P2266,11/03/2023,1,completed
O504938,C100920,P2056,11/12/2023,1,returned
O504939,C100411,P2272,04/02/2023,1,completed
O504940,C100466,P2059,11/21/2023,3,completed
O504941,C100695,P2115,10/19/2023,2,completed
O504942,C100378,P2105,08/07/2023,4,completed
O504943,C101236,P2188,05/05/2023,3,completed
O504944,C100787,P2291,11/13/2023,2,completed
O504945,C100697,P2167,06/09/2023,5,cancelled
O504946,C101225,P2202,04/08/2023,1,cancelled
O504947,C100268,P2221,01/24/2023,1,completed
O504948,C101005,P2250,02/19/2023,3,completed
O504949,C100109,P2118,02/22/2023,2,completed
O504950,C101202,P2239,03/26/2023,1,completed
O504951,C100392,P2256,02/14/2023,4,completed
O504952,C100638,P2059,12/07/2023,1,returned
O504953,C100708,P2271,01/08/2023,4,completed
O504954,C100650,P2083,12/23/2023,4,completed
O504955,C101484,P2268,03/28/2023,1,completed
O504956,C100274,P2157,11/19/2023,2,completed
O504957,C100901,P2123,07/01/2023,1,completed
O504958,C100468,P2231,05/04/2023,4,completed
O504959,C100674,P2136,09/19/2023,1,completed
O504960,C100970,P2178,03/15/2023,5,cancelled
O504961,C100376,P2270,06/06/2023,2,completed
O504962,C100159,P2158,02/05/2023,3,completed
O504963,C100420,P2050,03/23/2023,4,completed
O504964,C100112,P2026,09/30/2023,1,completed
O504965,C100738,P2195,12/18/2023,5,returned
O504966,C101367,P2232,10/16/2023,5,completed
O504967,C101409,P2181,05/26/2023,4,completed
O504968,C101251,P2021,07/16/2023,3,completed
O504969,C100864,P2124,08/19/2023,5,completed
O504970,C101429,P2153,03/14/2023,5,completed
O504971,C100115,P2013,06/27/2023,2,returned
O504972,C100833,P2244,08/05/2023,5,completed
O504973,C100376,P2253,08/29/2023,4,completed
O504974,C100667,P2069,10/31/2023,2,completed
O504975,C100393,P2279,10/25/2023,4,completed
O504976,C101261,P2066,07/18/2023,1,completed
O504977,C100620,P2153,07/25/2023,1,completed
O504978,C100725,P2157,09/07/2023,5,completed
O504979,C101100,P2233,11/14/2023,2,completed
O504980,C100475,P2078,11/11/2023,4,completed
O504981,C100947,P2225,11/07/2023,1,completed
O504982,C100774,P2273,07/11/2023,2,cancelled
O504983,C100334,P2098,07/06/2023,5,returned
O504984,C100854,P2076,11/16/2023,5,completed
O504985,C100256,P2213,05/10/2023,3,completed
O504986,C100350,P2264,08/17/2023,3,completed
O504987,C100583,P2139,05/15/2023,1,completed
O504988,C100584,P2131,01/06/2023,1,completed
O504989,C100761,P2256,08/29/2023,1,completed
O504990,C100983,P2296,05/13/2023,4,cancelled
O504991,C100049,P2190,01/26/2023,1,completed
O504992,C100575,P2297,09/26/2023,3,completed
O504993,C100393,P2256,03/03/2023,4,completed
O504994,C100821,P2237,02/28/2023,2,completed
O504995,C100712,P2047,11/29/2023,1,completed
O504996,C101397,P2143,11/05/2023,1,cancelled
O504997,C101192,P2035,03/25/2023,3,completed
O504998,C100649,P2046,07/21/2023,2,completed
O504999,C100392,P2167,05/12/2023,4,completed
O505000,C100294,P2252,04/02/2023,2,completed
O505001,C101137,P2187,05/25/2023,1,completed
O505002,C101375,P2145,05/15/2023,2,completed
O505003,C100580,P2034,03/21/2023,3,completed
O505004,C100985,P2225,03/05/2023,5,completed
O505005,C100267,P2297,05/18/2023,5,completed
O505006,C101490,P2183,11/29/2023,1,completed
O505007,C101049,P2088,01/08/2023,2,completed
O505008,C101462,P2298,09/13/2023,5,completed
O505009,C101384,P2117,03/08/2023,3,completed
O505010,C101140,P2169,03/04/2023,5,completed
O505011,C100375,P2273,05/18/2023,5,cancelled
O505012,C100071,P2236,08/07/2023,4,completed
O505013,C101137,P2056,01/06/2023,1,completed
O505014,C101079,P2029,02/26/2023,3,completed
O505015,C101391,P2169,11/28/2023,3,completed
O505016,C100368,P2114,04/21/2023,5,completed
O505017,C100933,P2019,07/02/2023,5,completed
O505018,C100573,P2018,07/08/2023,1,completed
O505019,C100610,P2152,10/12/2023,5,completed
O505020,C101258,P2284,11/18/2023,2,completed
O505021,C100313,P2191,02/18/2023,4,completed
O505022,C101231,P2267,01/28/2023,3,completed
O505023,C100303,P2220,08/11/2023,5,cancelled
O505024,C100814,P2005,08/31/2023,4,completed
O505025,C100256,P2187,07/03/2023,3,completed
O505026,C100479,P2170,07/17/2023,1,completed
O505027,C100101,P2099,03/11/2023,2,completed
O505028,C101426,P2033,06/06/2023,5,completed
O505029,C100328,P2053,11/17/2023,1,cancelled
O505030,C101372,P2290,09/21/2023,1,completed
O505031,C101107,P2223,05/21/2023,2,completed
O505032,C100726,P2156,05/30/2023,3,completed
O505033,C100972,P2281,01/16/2023,2,returned
O505034,C100516,P2193,08/14/2023,1,completed
O505035,C100517,P9999,01/27/2023,5,cancelled
O505036,C101055,P9999,09/02/2023,2,completed
O505037,C101384,P2032,03/13/2023,5,completed
O505038,C100205,P2163,12/08/2023,5,completed
O505039,C101368,P2061,09/14/2023,1,completed
O505040,C100330,P2066,02/12/2023,2,completed
O505041,C100396,P2255,04/30/2023,4,returned
O505042,C100616,P2286,12/03/2023,3,completed
O505043,C100210,P2166,07/07/2023,3,completed
O505044,C100134,P2142,09/10/2023,1,completed
O505045,C100973,P2004,07/31/2023,3,returned
O505046,C100793,P2292,04/11/2023,2,completed
O505047,C100532,P2149,09/27/2023,4,completed
O505048,C101025,P2118,08/30/2023,5,completed
O505049,C101311,P2233,02/17/2023,3,completed
O505050,C100240,P2110,11/11/2023,5,completed
O505051,C100680,P2069,03/13/2023,2,cancelled
O505052,C101140,P2111,02/13/2023,1,completed
O505053,C100379,P2219,12/06/2023,3,completed
O505054,C100786,P2061,02/06/2023,2,completed
O505055,C100583,P2072,06/02/2023,1,completed
O505056,C100521,P2116,04/05/2023,5,completed
O505057,C100825,P2052,05/22/2023,4,completed
O505058,C100000,P2240,05/05/2023,5,completed
O505059,C100823,P2165,08/17/2023,4,completed
O505060,C101415,P2299,11/05/2023,1,completed
O505061,C100648,P2057,12/26/2023,3,completed
O505062,C100528,P2199,07/31/2023,4,completed
O505063,C101328,P2221,05/03/2023,4,returned
O505064,C100110,P2168,09/02/2023,2,completed
O505065,C100234,P2196,10/25/2023,1,completed
O505066,C100723,P2038,12/15/2023,5,completed
O505067,C100444,P2109,06/13/2023,5,cancelled
O505068,C100493,P2028,02/07/2023,5,completed
O505069,C100518,P2173,04/14/2023,2,completed
O505070,C100196,P2263,01/04/2023,3,completed
O505071,C101267,P2215,12/21/2023,1,cancelled
O505072,C100411,P2276,10/28/2023,2,completed
O505073,C101461,P2120,04/29/2023,3,completed
O505074,C100528,P2211,11/05/2023,3,completed
O505075,C101398,P2081,08/30/2023,3,completed
O505076,C100839,P2163,07/28/2023,2,completed
O505077,C100063,P2243,02/01/2023,4,completed
O505078,C101033,P2162,06/21/2023,1,returned
O505079,C100475,P2288,09/19/2023,1,completed
O505080,C100915,P2128,11/09/2023,3,completed
O505081,C100252,P2009,03/24/2023,1,completed
O505082,C100331,P2167,05/16/2023,4,completed
O505083,C101372,P2258,06/17/2023,3,completed
O505084,C101036,P2165,09/22/2023,4,completed
O505085,C101246,P2251,10/26/2023,5,completed
O505086,C100198,P2264,11/28/2023,3,completed
O505087,C100379,P2289,06/24/2023,1,completed
O505088,C100005,P2068,03/04/2023,5,completed
O505089,C101113,P2047,06/01/2023,2,returned
O505090,C100453,P2157,11/08/2023,3,completed
O505091,C100549,P2069,10/24/2023,1,completed
O505092,C101333,P2058,05/05/2023,1,completed
O505093,C100442,P2045,11/24/2023,2,returned
O505094,C101044,P2197,10/07/2023,1,completed
O505095,C100961,P2082,09/27/2023,5,returned
O505096,C100227,P2115,10/28/2023,3,completed
O505097,C100492,P2130,10/03/2023,1,cancelled
O505098,C101054,P2283,08/19/2023,1,completed
O505099,C101036,P2219,10/27/2023,3,completed
O505100,C100242,P2152,07/01/2023,2,completed
O505101,C101179,P2251,08/16/2023,4,completed
O505102,C100057,P2297,09/01/2023,2,returned
O505103,C100368,P2241,08/09/2023,4,completed
O505104,C100828,P2133,05/07/2023,5,completed
O505105,C100321,P2183,12/18/2023,5,completed
O505106,C100411,P2171,09/11/2023,2,completed
O505107,C100963,P2150,02/13/2023,1,completed
O505108,C100511,P2176,09/15/2023,3,completed
O505109,C100315,P2054,09/07/2023,5,completed
O505110,C101479,P2029,06/26/2023,1,completed
O505111,C100816,P2295,09/02/2023,4,cancelled
O505112,C100802,P2226,10/25/2023,3,cancelled
O505113,C100476,P2123,08/28/2023,3,cancelled
O505114,C101095,P2169,05/18/2023,1,completed
O505115,C100507,P2089,01/23/2023,5,cancelled
O505116,C100532,P2152,05/20/2023,3,returned
O505117,C100394,P2084,07/17/2023,1,completed
O505118,C100139,P2136,07/19/2023,1,completed
O505119,C100831,P2201,10/06/2023,4,completed
O505120,C100000,P2147,05/06/2023,2,completed
O505121,C100522,P2188,10/12/2023,4,completed
O505122,C100074,P2135,10/04/2023,1,completed
O505123,C100316,P2126,08/21/2023,3,completed
O505124,C100152,P2058,09/15/2023,2,completed
O505125,C101307,P2151,03/30/2023,3,returned
O505126,C100498,P2105,11/05/2023,5,completed
O505127,C100863,P9999,05/08/2023,5,completed
O505128,C100609,P2255,07/31/2023,2,cancelled
O505129,C100573,P2283,12/20/2023,3,completed
O505130,C100352,P2026,08/28/2023,5,completed
O505131,C101037,P2042,10/30/2023,4,completed
O505132,C100086,P2058,04/06/2023,2,completed
O505133,C100601,P2035,04/14/2023,2,completed
O505134,C100389,P2035,12/31/2023,5,cancelled
O505135,C100367,P2083,07/11/2023,5,completed
O505136,C100353,P2063,04/03/2023,4,completed
O505137,C100143,P2275,02/07/2023,3,cancelled
O505138,C100719,P2231,05/02/2023,3,completed
O505139,C101174,P2241,01/08/2023,5,returned
O505140,C100933,P2135,12/13/2023,1,returned
O505141,C100950,P2061,09/14/2023,3,completed
O505142,C100016,P2280,02/15/2023,5,completed
O505143,C100901,P2191,11/24/2023,3,completed
O505144,C100165,P2050,12/27/2023,5,completed
O505145,C101169,P2056,12/01/2023,4,completed
O505146,C100781,P2239,11/03/2023,2,completed
O505147,C100981,P2148,07/08/2023,5,completed
O505148,C101465,P2054,04/23/2023,2,completed
O505149,C100013,P2243,09/17/2023,2,completed
O505150,C100782,P2251,04/06/2023,3,completed
O505151,C101287,P2099,04/10/2023,1,completed
O505152,C101435,P2101,02/04/2023,4,completed
O505153,C100951,P2126,01/06/2023,1,completed
O505154,C100195,P2084,08/11/2023,2,completed
O505155,C101391,P2043,04/20/2023,3,completed
O505156,C101305,P2256,09/13/2023,4,completed
O505157,C101392,P2268,01/05/2023,3,completed
O505158,C100478,P2164,07/24/2023,5,completed
O505159,C100994,P2203,02/22/2023,3,cancelled
O505160,C100013,P2155,05/22/2023,3,completed
O505161,C101436,P2003,06/05/2023,3,completed
O505162,C100736,P2108,02/06/2023,3,returned
O505163,C100465,P2093,09/18/2023,3,completed
O505164,C100358,P2040,11/07/2023,5,completed
O505165,C100952,P2115,12/17/2023,3,completed
O505166,C100555,P2143,07/20/2023,1,completed
O505167,C100050,P2158,11/20/2023,1,returned
O505168,C101260,P2236,03/16/2023,5,completed
O505169,C101141,P2187,02/13/2023,3,completed
O505170,C101043,P2276,07/31/2023,1,completed
O505171,C100971,P2124,04/03/2023,3,cancelled
O505172,C100451,P2230,04/09/2023,1,completed
O505173,C101210,P2149,02/25/2023,2,completed
O505174,C100682,P2291,12/08/2023,3,returned
O505175,C100914,P2116,07/16/2023,2,completed
O505176,C101023,P2107,08/01/2023,2,completed
O505177,C101141,P2163,05/25/2023,3,completed
O505178,C100666,P2120,04/22/2023,3,completed
O505179,C100847,P2287,09/04/2023,2,completed
O505180,C100106,P2165,05/24/2023,4,completed
O505181,C101119,P2254,12/25/2023,1,completed
O505182,C100930,P2252,10/10/2023,2,completed
O505183,C100207,P2179,09/30/2023,3,returned
O505184,C100741,P2000,05/13/2023,5,completed
O505185,C100102,P2117,08/04/2023,2,completed
O505186,C100993,P2212,12/29/2023,1,completed
O505187,C100171,P2263,04/22/2023,1,completed
O505188,C100638,P2164,03/24/2023,2,completed
O505189,C101017,P2294,01/01/2023,4,completed
O505190,C100067,P2129,05/31/2023,1,completed
O505191,C101249,P2174,11/07/2023,4,completed
O505192,C100661,P2221,04/24/2023,2,completed
O505193,C100396,P2294,06/30/2023,2,completed
O505194,C101072,P2051,07/23/2023,3,returned
O505195,C100609,P2254,11/13/2023,2,completed
O505196,C100728,P2203,09/03/2023,3,completed
O505197,C101331,P2053,08/14/2023,4,completed
O505198,C100377,P2192,05/11/2023,3,completed
O505199,C101496,P2270,07/07/2023,2,returned
O505200,C100482,P2281,02/02/2023,1,completed
O505201,C100678,P2131,12/22/2023,1,completed
O505202,C101467,P2147,11/04/2023,3,completed
O505203,C101224,P2010,08/06/2023,2,completed
O505204,C101019,P2200,06/20/2023,1,returned
O505205,C100027,P2093,06/06/2023,2,completed
O505206,C100631,P2061,10/26/2023,2,cancelled
O505207,C101196,P2051,03/08/2023,2,completed
O505208,C100258,P2186,02/16/2023,2,completed
O505209,C101438,P2280,02/08/2023,4,completed
O505210,C100141,P2163,04/19/2023,4,completed
O505211,C101408,P2288,06/05/2023,2,cancelled
O505212,C101254,P2287,08/21/2023,4,completed
O505213,C100288,P2020,06/17/2023,2,completed
O505214,C101055,P2250,05/25/2023,5,completed
O505215,C101161,P2005,11/11/2023,3,returned
O505216,C100186,P2239,12/23/2023,1,cancelled
O505217,C100841,P2150,11/04/2023,1,completed
O505218,C100508,P2106,08/11/2023,1,completed
O505219,C100382,P2284,11/02/2023,1,completed
O505220,C100425,P2076,12/12/2023,5,completed
O505221,C100161,P2153,07/19/2023,5,completed
O505222,C100723,P2282,03/15/2023,5,cancelled
O505223,C100407,P2070,07/10/2023,3,cancelled
O505224,C100266,P2002,10/10/2023,3,cancelled
O505225,C100218,P2262,08/10/2023,3,completed
O505226,C100641,P2216,11/22/2023,4,completed
O505227,C101487,P9999,01/14/2023,4,cancelled
O505228,C101370,P2018,08/21/2023,3,completed
O505229,C101136,P2165,01/25/2023,2,cancelled
O505230,C100390,P2019,05/01/2023,4,completed
O505231,C100097,P2230,04/19/2023,4,completed
O505232,C101144,P2112,01/27/2023,4,returned
O505233,C100838,P2083,08/09/2023,3,completed
O505234,C101289,P2285,04/13/2023,2,returned
O505235,C100693,P2112,06/25/2023,1,completed
O505236,C101209,P2045,04/23/2023,2,completed
O505237,C100263,P2253,12/06/2023,4,completed
O505238,C100073,P2013,05/21/2023,3,completed
O505239,C100954,P2064,12/05/2023,5,completed
O505240,C100009,P2146,07/31/2023,3,completed
O505241,C100054,P2005,02/27/2023,3,completed
O505242,C100958,P9999,12/12/2023,2,completed
O505243,C100856,P2285,10/13/2023,1,completed
O505244,C100688,P2217,06/03/2023,1,cancelled
O505245,C100684,P2255,05/12/2023,4,completed
O505246,C101175,P2198,06/04/2023,1,returned
O505247,C101048,P2217,12/08/2023,5,completed
O505248,C100820,P2087,02/06/2023,2,completed
O505249,C101055,P2104,07/31/2023,2,returned
O505250,C100346,P2197,09/14/2023,4,completed
O505251,C100559,P2279,02/17/2023,3,cancelled
O505252,C101459,P2270,06/17/2023,2,completed
O505253,C100430,P2254,11/07/2023,4,completed
O505254,C100525,P2125,06/25/2023,3,completed
O505255,C100316,P2254,08/14/2023,1,cancelled
O505256,C100759,P2174,04/19/2023,2,completed
O505257,C100185,P2015,01/01/2023,5,completed
O505258,C100577,P2137,11/28/2023,1,cancelled
O505259,C100904,P2279,08/25/2023,1,completed
O505260,C100548,P2052,08/05/2023,5,completed
O505261,C100837,P2166,09/24/2023,5,completed
O505262,C100045,P2248,04/08/2023,2,cancelled
O505263,C101381,P2126,06/16/2023,4,completed
O505264,C101155,P2135,01/16/2023,5,completed
O505265,C100094,P2248,08/09/2023,5,completed
O505266,C100826,P2215,08/09/2023,3,completed
O505267,C101299,P2282,08/05/2023,5,completed
O505268,C100896,P2117,10/10/2023,5,completed
O505269,C100275,P2290,05/02/2023,1,completed
O505270,C100905,P2025,10/27/2023,5,completed
O505271,C101395,P2233,11/27/2023,2,completed
O505272,C100907,P2010,11/27/2023,4,completed
O505273,C101326,P2177,07/04/2023,2,completed
O505274,C100763,P2249,05/22/2023,2,completed
O505275,C100699,P2101,05/19/2023,5,completed
O505276,C100488,P2256,05/21/2023,3,completed
O505277,C101435,P2251,09/19/2023,2,completed
O505278,C100900,P2227,02/09/2023,1,completed
O505279,C100821,P2260,10/12/2023,2,completed
O505280,C100600,P2039,09/29/2023,1,completed
O505281,C100754,P2219,01/05/2023,3,completed
O505282,C100696,P2039,05/15/2023,5,completed
O505283,C100598,P2233,12/10/2023,3,completed
O505284,C100334,P2213,05/04/2023,5,completed
O505285,C100988,P2200,04/17/2023,3,completed
O505286,C100342,P2057,05/08/2023,5,completed
O505287,C101365,P2217,01/04/2023,1,completed
O505288,C100573,P2049,08/27/2023,3,completed
O505289,C100103,P2086,03/14/2023,2,cancelled
O505290,C100044,P2208,03/08/2023,4,completed
O505291,C100475,P2299,09/27/2023,3,cancelled
O505292,C100075,P2110,04/27/2023,1,completed
O505293,C100264,P2296,11/22/2023,5,completed
O505294,C100790,P2068,06/26/2023,5,completed
O505295,C100273,P2253,05/25/2023,5,returned
O505296,C100245,P2231,06/04/2023,2,completed
O505297,C101340,P2163,05/25/2023,3,completed
O505298,C101336,P2210,02/23/2023,5,completed
O505299,C100752,P2263,04/04/2023,1,completed
O505300,C100036,P2047,09/28/2023,3,completed
O505301,C100091,P2113,02/20/2023,1,completed
O505302,C100297,P2194,02/18/2023,4,completed
O505303,C100293,P2088,11/30/2023,3,completed
O505304,C101038,P2194,07/04/2023,2,completed
O505305,C100927,P2266,09/06/2023,5,completed
O505306,C101383,P2112,05/25/2023,5,completed
O505307,C100975,P2146,05/26/2023,3,completed
O505308,C100959,P2170,10/09/2023,5,cancelled
O505309,C101050,P2011,04/14/2023,2,completed
O505310,C101324,P2204,04/27/2023,4,returned
O505311,C100276,P9999,12/20/2023,1,completed
O505312,C101213,P2062,10/18/2023,4,completed
O505313,C100418,P2131,09/07/2023,2,completed
O505314,C101017,P2227,03/03/2023,3,completed
O505315,C101043,P2127,10/15/2023,4,completed
O505316,C100795,P2071,03/10/2023,3,completed
O505317,C101227,P2190,08/15/2023,2,cancelled
O505318,C100705,P2105,12/24/2023,1,completed
O505319,C101358,P2238,07/09/2023,5,completed
O505320,C100338,P2251,09/27/2023,4,completed
O505321,C100337,P2198,05/12/2023,3,completed
O505322,C100823,P2014,06/23/2023,5,completed
O505323,C100433,P2179,05/17/2023,1,completed
O505324,C101277,P2287,02/25/2023,5,completed
O505325,C100321,P2046,09/22/2023,5,completed
O505326,C100827,P2144,10/24/2023,5,completed
O505327,C101255,P2222,03/27/2023,5,completed
O505328,C100448,P2002,04/28/2023,2,completed
O505329,C100156,P2195,01/22/2023,2,completed
O505330,C101414,P2288,02/25/2023,4,returned
O505331,C100635,P2209,06/29/2023,2,completed
O505332,C101168,P2269,03/13/2023,1,cancelled
O505333,C101457,P2144,09/06/2023,1,completed
O505334,C101463,P2253,09/23/2023,2,completed
O505335,C100247,P2278,07/05/2023,5,completed
O505336,C101245,P2117,04/08/2023,4,returned
O505337,C100308,P2161,09/16/2023,3,completed
O505338,C101403,P2132,05/13/2023,3,completed
O505339,C100991,P2167,12/22/2023,1,completed
O505340,C100621,P2133,10/01/2023,5,completed
O505341,C101196,P2072,12/03/2023,2,completed
O505342,C100166,P2210,10/12/2023,4,returned
O505343,C101347,P2294,09/27/2023,2,completed
O505344,C100980,P2029,03/11/2023,1,completed
O505345,C100464,P2221,10/01/2023,2,cancelled
O505346,C101237,P2182,12/06/2023,3,completed
O505347,C100324,P2054,04/02/2023,2,completed
O505348,C100090,P2142,07/21/2023,5,completed
O505349,C100748,P2268,07/29/2023,2,completed
O505350,C100257,P2070,07/06/2023,4,completed
O505351,C100498,P2166,06/16/2023,1,completed
O505352,C100327,P2085,09/03/2023,3,completed
O505353,C101050,P2025,07/29/2023,1,completed
O505354,C100146,P2045,09/24/2023,2,completed
O505355,C100618,P2272,10/25/2023,1,completed
O505356,C101265,P2041,09/04/2023,3,completed
O505357,C101471,P2248,02/21/2023,5,completed
O505358,C101490,P2280,07/18/2023,1,completed
O505359,C100333,P2135,07/26/2023,1,completed
O505360,C100138,P2056,04/07/2023,3,completed
O505361,C100529,P2140,05/02/2023,5,returned
O505362,C101345,P2103,08/13/2023,4,completed
O505363,C100532,P2022,05/01/2023,5,returned
O505364,C101254,P2061,06/02/2023,2,completed
O505365,C101218,P2234,12/10/2023,3,completed
O505366,C101393,P2052,02/12/2023,4,completed
O505367,C101236,P2247,02/13/2023,3,completed
O505368,C101244,P9999,07/31/2023,4,completed
O505369,C100436,P2251,09/09/2023,5,completed
O505370,C100899,P2093,04/10/2023,2,completed
O505371,C100884,P2238,08/11/2023,2,completed
O505372,C100763,P2251,06/04/2023,1,completed
O505373,C101427,P2054,03/02/2023,4,completed
O505374,C100548,P2179,10/04/2023,1,completed
O505375,C100968,P2228,02/04/2023,4,cancelled
O505376,C100084,P2086,03/26/2023,2,returned
O505377,C100739,P2270,04/12/2023,2,completed
O505378,C100921,P2153,11/16/2023,1,completed
O505379,C100708,P2173,07/03/2023,1,completed
O505380,C101314,P2208,12/03/2023,1,returned
O505381,C100780,P2109,06/08/2023,5,returned
O505382,C100371,P2193,05/24/2023,1,completed
O505383,C100342,P2264,05/27/2023,2,completed
O505384,C100566,P2241,03/19/2023,4,completed
O505385,C100557,P2024,06/13/2023,1,returned
O505386,C100466,P2293,04/22/2023,2,completed
O505387,C100625,P2133,11/06/2023,5,completed
O505388,C101046,P2126,07/12/2023,5,completed
O505389,C100700,P2088,03/28/2023,4,completed
O505390,C100716,P2142,05/11/2023,2,completed
O505391,C101222,P2061,12/10/2023,4,completed
O505392,C101179,P2200,04/26/2023,4,completed
O505393,C100192,P2266,03/15/2023,2,completed
O505394,C101186,P2129,11/09/2023,4,completed
O505395,C101280,P2179,10/14/2023,3,completed
O505396,C101408,P2051,06/17/2023,2,completed
O505397,C101155,P2072,07/05/2023,1,completed
O505398,C100906,P2001,03/21/2023,3,completed
O505399,C100909,P2116,05/28/2023,4,returned
O505400,C100807,P2198,11/22/2023,2,completed
O505401,C100914,P2196,03/10/2023,1,returned
O505402,C101330,P2237,07/08/2023,4,completed
O505403,C101136,P2230,09/05/2023,2,completed
O505404,C100704,P2003,09/17/2023,1,completed
O505405,C100787,P2014,05/11/2023,2,completed
O505406,C101270,P2121,05/19/2023,3,completed
O505407,C101407,P2257,10/11/2023,2,completed
O505408,C100567,P2275,10/18/2023,5,completed
O505409,C100342,P2075,12/30/2023,2,completed
O505410,C100528,P2022,12/13/2023,5,completed
O505411,C100708,P2061,05/16/2023,2,cancelled
O505412,C100932,P2004,06/21/2023,4,completed
O505413,C100371,P2123,11/01/2023,1,completed
O505414,C101122,P2060,07/23/2023,5,returned
O505415,C101428,P2177,11/13/2023,5,completed
O505416,C100821,P2027,03/08/2023,1,completed
O505417,C101419,P2155,03/08/2023,2,completed
O505418,C100505,P2070,02/19/2023,1,completed
O505419,C101094,P2191,05/13/2023,1,completed
O505420,C100454,P2279,02/14/2023,5,returned
O505421,C100077,P2053,06/06/2023,2,completed
O505422,C101258,P2082,09/29/2023,1,completed
O505423,C100819,P2011,01/24/2023,5,completed
O505424,C100514,P2177,12/22/2023,3,completed
O505425,C100937,P2299,03/29/2023,5,completed
O505426,C101280,P2120,02/10/2023,1,completed
O505427,C100615,P2165,10/23/2023,2,returned
O505428,C100154,P2121,04/13/2023,1,completed
O505429,C100663,P2052,11/19/2023,2,returned
O505430,C100655,P2161,07/26/2023,2,completed
O505431,C100460,P2281,01/09/2023,5,completed
O505432,C100302,P2297,07/18/2023,4,completed
O505433,C100979,P2159,09/25/2023,4,completed
O505434,C100902,P2168,03/11/2023,3,completed
O505435,C100329,P2024,07/16/2023,5,completed
O505436,C100350,P2232,08/15/2023,5,returned
O505437,C100052,P2067,04/25/2023,4,completed
O505438,C100174,P2205,05/28/2023,5,completed
O505439,C100437,P2233,11/30/2023,2,completed
O505440,C101463,P2052,03/22/2023,3,completed
O505441,C100717,P2041,09/16/2023,1,completed
O505442,C100864,P2235,08/15/2023,2,completed
O505443,C100918,P2186,11/07/2023,5,returned
O505444,C100520,P2118,08/22/2023,1,completed
O505445,C100945,P2095,12/20/2023,5,completed
O505446,C100237,P2222,09/07/2023,4,completed
O505447,C100774,P2293,10/28/2023,5,cancelled
O505448,C100559,P2077,08/01/2023,4,completed
O505449,C100168,P2054,08/19/2023,2,completed
O505450,C100412,P2184,05/16/2023,5,cancelled
O505451,C101496,P2094,11/05/2023,4,completed
O505452,C101079,P2281,01/21/2023,4,cancelled
O505453,C101127,P2042,07/23/2023,5,completed
O505454,C101135,P2257,10/23/2023,5,completed
O505455,C100574,P2238,08/01/2023,3,completed
O505456,C101041,P2238,11/14/2023,2,completed
O505457,C101280,P2031,11/10/2023,2,completed
O505458,C100184,P2282,05/30/2023,1,completed
O505459,C101129,P2157,04/22/2023,3,completed
O505460,C100225,P2090,04/10/2023,4,returned
O505461,C100406,P2029,08/27/2023,3,returned
O505462,C101224,P2081,03/25/2023,4,completed
O505463,C100179,P2261,07/19/2023,1,completed
O505464,C100320,P2243,06/19/2023,3,returned
O505465,C100060,P2197,04/14/2023,1,completed
O505466,C100879,P2110,10/09/2023,4,completed
O505467,C100242,P2051,10/07/2023,1,completed
O505468,C101419,P2137,08/05/2023,3,cancelled
O505469,C101413,P2002,08/25/2023,3,completed
O505470,C100703,P2045,12/13/2023,4,completed
O505471,C100308,P2190,11/26/2023,4,completed
O505472,C100491,P2195,11/28/2023,5,completed
O505473,C100372,P2135,02/07/2023,3,completed
O505474,C100477,P2158,03/12/2023,5,completed
O505475,C101302,P2250,05/20/2023,2,completed
O505476,C101380,P2061,06/24/2023,3,completed
O505477,C100233,P2036,08/12/2023,4,completed
O505478,C100031,P2254,04/27/2023,3,completed
O505479,C100507,P2011,12/06/2023,1,completed
O505480,C100646,P2137,07/31/2023,4,completed
O505481,C101249,P2167,04/25/2023,2,returned
O505482,C101164,P2083,08/08/2023,2,returned
O505483,C100170,P2213,01/18/2023,1,completed
O505484,C100289,P2210,02/08/2023,5,completed
O505485,C100570,P2040,04/13/2023,3,completed
O505486,C100370,P2296,06/07/2023,1,completed
O505487,C100754,P2176,02/17/2023,3,completed
O505488,C100983,P2093,02/17/2023,2,completed
O505489,C101213,P2144,03/08/2023,4,completed
O505490,C100505,P2228,01/08/2023,5,returned
O505491,C100965,P2093,03/22/2023,3,completed
O505492,C100930,P2103,09/12/2023,4,completed
O505493,C100590,P2238,04/07/2023,5,completed
O505494,C100120,P2003,02/24/2023,1,completed
O505495,C101009,P2258,06/04/2023,5,completed
O505496,C100457,P2268,03/30/2023,5,completed
O505497,C100526,P2221,08/16/2023,2,completed
O505498,C101386,P2220,03/10/2023,2,completed
O505499,C101311,P2190,02/12/2023,4,completed
O505500,C100898,P2171,11/25/2023,4,completed
O505501,C100428,P2125,05/08/2023,3,cancelled
O505502,C101129,P2280,09/01/2023,5,completed
O505503,C100215,P2283,07/11/2023,4,completed
O505504,C101226,P2000,07/09/2023,4,completed
O505505,C100985,P2092,07/14/2023,3,completed
O505506,C101238,P2142,07/15/2023,5,completed
O505507,C100812,P2136,07/27/2023,4,completed
O505508,C100106,P2230,03/30/2023,3,completed
O505509,C101300,P2011,02/06/2023,4,completed
O505510,C100558,P2224,03/03/2023,3,completed
O505511,C100801,P2093,09/30/2023,5,cancelled
O505512,C101077,P2053,07/24/2023,2,completed
O505513,C101118,P2079,02/18/2023,2,cancelled
O505514,C100848,P2155,10/31/2023,5,completed
O505515,C100435,P2286,09/15/2023,2,completed
O505516,C100838,P2085,08/11/2023,5,completed
O505517,C100083,P2233,07/14/2023,2,returned
O505518,C101327,P2027,04/13/2023,2,completed
O505519,C100952,P2192,01/07/2023,3,completed
O505520,C100915,P2078,07/28/2023,3,completed
O505521,C100088,P2232,05/25/2023,3,completed
O505522,C100682,P2136,09/02/2023,1,completed
O505523,C100218,P2068,05/29/2023,4,completed
O505524,C101358,P2151,09/24/2023,5,completed
O505525,C100680,P2008,06/25/2023,4,completed
O505526,C101078,P2180,03/06/2023,3,completed
O505527,C100850,P2143,05/27/2023,5,cancelled
O505528,C101407,P2035,02/14/2023,5,completed
O505529,C100882,P2206,03/27/2023,5,completed
O505530,C100046,P2276,12/22/2023,4,completed
O505531,C100498,P2110,06/25/2023,5,completed
O505532,C100259,P2254,03/07/2023,1,completed
O505533,C101058,P2019,03/05/2023,2,completed
O505534,C100020,P2112,03/22/2023,1,completed
O505535,C100621,P2295,03/01/2023,3,completed
O505536,C100016,P2199,12/15/2023,5,returned
O505537,C101130,P2192,04/11/2023,5,completed
O505538,C100749,P2219,01/11/2023,5,completed
O505539,C100790,P2025,03/27/2023,3,completed
O505540,C100529,P2234,02/22/2023,1,completed
O505541,C101179,P2179,10/22/2023,1,completed
O505542,C100415,P2036,09/07/2023,4,completed
O505543,C100847,P2175,04/08/2023,5,completed
O505544,C101074,P2010,06/10/2023,2,completed
O505545,C100680,P2149,10/13/2023,3,completed
O505546,C101299,P2201,05/27/2023,3,completed
O505547,C101271,P2141,04/13/2023,1,completed
O505548,C101467,P2012,09/02/2023,1,returned
O505549,C101058,P2093,02/27/2023,5,completed
O505550,C100798,P2050,12/14/2023,1,completed
O505551,C101437,P2277,07/21/2023,5,completed
O505552,C101494,P2203,12/08/2023,1,returned
O505553,C100683,P2006,12/17/2023,4,completed
O505554,C100481,P2107,09/18/2023,1,completed
O505555,C100204,P2239,03/25/2023,2,completed
O505556,C100203,P2118,03/06/2023,5,completed
O505557,C100611,P2062,10/02/2023,4,completed
O505558,C101059,P2115,09/28/2023,1,completed
O505559,C100389,P2103,04/30/2023,2,completed
O505560,C100092,P2280,09/17/2023,1,completed
O505561,C100301,P2059,01/03/2023,3,completed
O505562,C100945,P2215,11/24/2023,1,completed
O505563,C101262,P2221,06/27/2023,3,completed
O505564,C100022,P2189,06/14/2023,2,returned
O505565,C100322,P2143,11/15/2023,3,completed
O505566,C100336,P2210,09/19/2023,4,completed
O505567,C100238,P2232,07/22/2023,5,completed
O505568,C100174,P2031,09/06/2023,2,completed
O505569,C100693,P2034,11/12/2023,3,completed
O505570,C101205,P2091,05/02/2023,5,completed
O505571,C101258,P2213,05/23/2023,1,completed
O505572,C100597,P2030,06/08/2023,3,completed
O505573,C101255,P2281,10/25/2023,2,completed
O505574,C101190,P2149,12/20/2023,3,cancelled
O505575,C100300,P2052,12/20/2023,5,completed
O505576,C101301,P2057,11/18/2023,4,completed
O505577,C101006,P2100,03/02/2023,3,completed
O505578,C100491,P2168,07/17/2023,4,returned
O505579,C100555,P2006,02/09/2023,1,completed
O505580,C101319,P2212,10/26/2023,2,completed
O505581,C100105,P2297,02/17/2023,2,completed
O505582,C100626,P2039,01/25/2023,4,completed
O505583,C101205,P2274,08/10/2023,1,completed
O505584,C100077,P2224,08/16/2023,5,cancelled
O505585,C101413,P2226,01/17/2023,2,completed
O505586,C101297,P2299,04/10/2023,1,completed
O505587,C100014,P2177,01/31/2023,2,completed
O505588,C100509,P2070,11/26/2023,3,completed
O505589,C100586,P2186,01/16/2023,2,completed
O505590,C101319,P2229,01/28/2023,3,completed
O505591,C100291,P2057,12/10/2023,2,completed
O505592,C100109,P2182,10/13/2023,4,completed
O505593,C101341,P2261,12/18/2023,4,completed
O505594,C100247,P2177,07/30/2023,1,completed
O505595,C100504,P2100,10/26/2023,5,completed
O505596,C100212,P2241,02/13/2023,1,completed
O505597,C101432,P2146,08/28/2023,2,completed
O505598,C101497,P2234,11/25/2023,1,completed
O505599,C100243,P2250,04/06/2023,2,completed
O505600,C100629,P2097,10/08/2023,3,completed
O505601,C100911,P2209,07/21/2023,2,completed
O505602,C100135,P2134,05/13/2023,5,completed
O505603,C100466,P2148,05/26/2023,2,completed
O505604,C100570,P2264,06/26/2023,2,completed
O505605,C100547,P2091,10/11/2023,4,completed
O505606,C100117,P2260,03/30/2023,5,completed
O505607,C101188,P2134,03/16/2023,4,completed
O505608,C100670,P2108,09/13/2023,5,completed
O505609,C101004,P2052,04/21/2023,3,returned
O505610,C100605,P2180,02/03/2023,1,completed
O505611,C100245,P2293,03/28/2023,4,completed
O505612,C101293,P2079,03/18/2023,3,completed
O505613,C101123,P2174,05/08/2023,4,completed
O505614,C100819,P2100,07/05/2023,3,completed
O505615,C101270,P2258,04/05/2023,3,completed
O505616,C100003,P2010,12/23/2023,2,completed
O505617,C100680,P2145,11/01/2023,4,completed
O505618,C101044,P2168,05/09/2023,2,completed
O505619,C101453,P2208,11/30/2023,1,cancelled
O505620,C101035,P2087,01/13/2023,3,completed
O505621,C101098,P2281,12/02/2023,4,completed
O505622,C100068,P2293,11/08/2023,1,cancelled
O505623,C100358,P2151,08/25/2023,5,completed
O505624,C100260,P2158,12/22/2023,5,completed
O505625,C100398,P2103,03/29/2023,5,completed
O505626,C100529,P2177,11/15/2023,5,returned
O505627,C100477,P2067,09/30/2023,5,completed
O505628,C101076,P2180,07/29/2023,1,completed
O505629,C100335,P2037,06/10/2023,5,returned
O505630,C100157,P2214,08/28/2023,5,completed
O505631,C100912,P2168,06/15/2023,4,completed
O505632,C100975,P2282,06/12/2023,2,completed
O505633,C100320,P2106,02/19/2023,1,completed
O505634,C100507,P2274,08/30/2023,2,completed
O505635,C100786,P2244,04/16/2023,3,completed
O505636,C100382,P2072,08/09/2023,4,returned
O505637,C100784,P2238,08/15/2023,1,returned
O505638,C100193,P2052,08/26/2023,2,completed
O505639,C100604,P2086,04/01/2023,4,completed
O505640,C100692,P2282,10/17/2023,4,cancelled
O505641,C100460,P2017,09/25/2023,2,completed
O505642,C100610,P2129,12/27/2023,1,completed
O505643,C100773,P2034,07/03/2023,3,completed
O505644,C100361,P2187,12/29/2023,2,completed
O505645,C100708,P2288,03/15/2023,4,completed
O505646,C101230,P2159,05/11/2023,4,completed
O505647,C101220,P2104,04/16/2023,2,completed
O505648,C100345,P2005,03/03/2023,5,completed
O505649,C101279,P2054,01/05/2023,3,completed
O505650,C100704,P2233,12/22/2023,3,completed
O505651,C100350,P2296,07/08/2023,4,completed
O505652,C100836,P2245,02/20/2023,3,completed
O505653,C100801,P2285,03/04/2023,4,completed
O505654,C101276,P2218,06/08/2023,1,completed
O505655,C100590,P2293,05/05/2023,5,completed
O505656,C100909,P2204,03/29/2023,2,completed
O505657,C100183,P2095,02/18/2023,5,completed
O505658,C101474,P2211,07/29/2023,5,completed
O505659,C101314,P2206,11/11/2023,2,returned
O505660,C101376,P2033,07/27/2023,2,completed
O505661,C100167,P2119,06/23/2023,5,completed
O505662,C101281,P2128,12/28/2023,2,returned
O505663,C101223,P2024,10/20/2023,2,completed
O505664,C100518,P2051,11/04/2023,1,completed
O505665,C100228,P2011,05/24/2023,3,completed
O505666,C100528,P2220,09/24/2023,3,completed
O505667,C100772,P2211,07/06/2023,4,completed
O505668,C101132,P2257,03/09/2023,5,completed
O505669,C100358,P2007,03/09/2023,2,completed
O505670,C101036,P2002,03/09/2023,3,returned
O505671,C101248,P2150,03/24/2023,5,completed
O505672,C101456,P2153,09/29/2023,2,completed
O505673,C100458,P2223,03/12/2023,5,completed
O505674,C101468,P2157,08/15/2023,3,completed
O505675,C100558,P2146,04/09/2023,3,completed
O505676,C100235,P2200,07/02/2023,3,returned
O505677,C101220,P2045,08/30/2023,3,completed
O505678,C100097,P2096,07/09/2023,3,completed
O505679,C101205,P2215,07/08/2023,1,completed
O505680,C100580,P2264,05/23/2023,2,completed
O505681,C100344,P2215,04/26/2023,3,completed
O505682,C100698,P2072,06/20/2023,3,cancelled
O505683,C101285,P2187,01/28/2023,2,completed
O505684,C100766,P2259,11/05/2023,2,completed
O505685,C100891,P2131,03/07/2023,3,completed
O505686,C100951,P2242,10/02/2023,2,returned
O505687,C100385,P2109,07/26/2023,4,completed
O505688,C100999,P2169,06/03/2023,2,completed
O505689,C101077,P2265,04/03/2023,2,completed
O505690,C100381,P2141,12/29/2023,2,returned
O505691,C100262,P2204,06/23/2023,4,cancelled
O505692,C100064,P2159,01/18/2023,4,completed
O505693,C100163,P2075,03/02/2023,4,completed
O505694,C100777,P2105,07/24/2023,1,completed
O505695,C101029,P2147,04/10/2023,1,completed
O505696,C100829,P2150,07/17/2023,3,completed
O505697,C100653,P2090,02/07/2023,4,completed
O505698,C100947,P2021,06/25/2023,1,returned
O505699,C100242,P2003,06/04/2023,3,completed
O505700,C101384,P2265,06/12/2023,5,completed
O505701,C100521,P2230,12/02/2023,1,completed
O505702,C100295,P2105,07/15/2023,5,completed
O505703,C101097,P2086,10/11/2023,1,completed
O505704,C100139,P2176,06/05/2023,1,returned
O505705,C100843,P2023,02/23/2023,1,completed
O505706,C101305,P2201,09/10/2023,2,completed
O505707,C101454,P2105,11/04/2023,4,completed
O505708,C101422,P2025,12/19/2023,1,completed
O505709,C100653,P2131,01/07/2023,2,completed
O505710,C100563,P2288,08/19/2023,1,completed
O505711,C100304,P2168,12/24/2023,3,completed
O505712,C100980,P2068,09/28/2023,1,completed
O505713,C101212,P2220,07/13/2023,2,completed
O505714,C100797,P2088,06/04/2023,1,completed
O505715,C100519,P2196,05/14/2023,2,completed
O505716,C100875,P2249,10/20/2023,5,completed
O505717,C100162,P2014,03/28/2023,3,completed
O505718,C100542,P2183,11/08/2023,5,completed
O505719,C101380,P2189,10/12/2023,5,completed
O505720,C101341,P2082,06/10/2023,1,completed
O505721,C101415,P2078,11/19/2023,1,completed
O505722,C100536,P2015,09/17/2023,4,completed
O505723,C101451,P2240,05/22/2023,3,completed
O505724,C100278,P2141,10/10/2023,5,completed
O505725,C100236,P2148,11/25/2023,2,completed
O505726,C101221,P2222,01/16/2023,5,completed
O505727,C100396,P2049,02/04/2023,3,completed
O505728,C100516,P2114,04/19/2023,2,completed
O505729,C100571,P2207,06/21/2023,2,completed
O505730,C100179,P2282,05/27/2023,4,completed
O505731,C100911,P2177,03/18/2023,4,completed
O505732,C101254,P2071,09/08/2023,4,completed
O505733,C100491,P2171,11/06/2023,3,completed
O505734,C101006,P2004,06/21/2023,2,completed
O505735,C101353,P2108,11/17/2023,2,completed
O505736,C100062,P2090,07/24/2023,2,returned
O505737,C100670,P2251,07/14/2023,4,completed
O505738,C101475,P2250,08/05/2023,2,returned
O505739,C101418,P2218,07/19/2023,1,cancelled
O505740,C101286,P2076,05/06/2023,2,completed
O505741,C100057,P2140,02/19/2023,5,completed
O505742,C100052,P2212,04/23/2023,5,cancelled
O505743,C100369,P2280,02/17/2023,1,completed
O505744,C101324,P2068,02/14/2023,1,completed
O505745,C101319,P2108,12/26/2023,5,completed
O505746,C100768,P2066,06/03/2023,4,completed
O505747,C100628,P2105,12/26/2023,3,completed
O505748,C100295,P2021,05/25/2023,3,completed
O505749,C100113,P2216,09/03/2023,2,completed
O505750,C100495,P2058,10/07/2023,2,cancelled
O505751,C100671,P2256,01/25/2023,1,cancelled
O505752,C100376,P2068,09/09/2023,1,completed
O505753,C101476,P2224,09/19/2023,4,completed
O505754,C100699,P2034,06/23/2023,5,completed
O505755,C100606,P2000,08/20/2023,4,completed
O505756,C101286,P2234,08/20/2023,5,completed
O505757,C100240,P2032,05/15/2023,5,completed
O505758,C100949,P2093,08/27/2023,5,completed
O505759,C101470,P2186,06/30/2023,4,completed
O505760,C100320,P2287,10/28/2023,4,completed
O505761,C101250,P2286,05/14/2023,1,completed
O505762,C101242,P2135,06/14/2023,5,returned
O505763,C100643,P2270,07/24/2023,2,returned
O505764,C101234,P2247,01/17/2023,5,completed
O505765,C100900,P2017,08/07/2023,1,completed
O505766,C100182,P2201,03/08/2023,4,completed
O505767,C101237,P2021,06/15/2023,2,completed
O505768,C101170,P2273,03/08/2023,1,completed
O505769,C100036,P2011,12/17/2023,1,completed
O505770,C100933,P2221,07/18/2023,3,completed
O505771,C100927,P2226,11/30/2023,2,completed
O505772,C101479,P2034,02/14/2023,2,completed
O505773,C100211,P2082,08/27/2023,3,completed
O505774,C101125,P2093,09/05/2023,1,completed
O505775,C100631,P2181,08/24/2023,4,completed
O505776,C100737,P2262,10/23/2023,2,completed
O505777,C101470,P2072,01/06/2023,2,completed
O505778,C101398,P2119,07/02/2023,3,completed
O505779,C101313,P2264,09/09/2023,4,completed
O505780,C100605,P2043,02/01/2023,4,completed
O505781,C100996,P2121,11/30/2023,3,completed
O505782,C101127,P2231,08/24/2023,2,cancelled
O505783,C100035,P2039,11/19/2023,2,completed
O505784,C100207,P2044,04/11/2023,5,completed
O505785,C101296,P2288,03/01/2023,2,returned
O505786,C100039,P2111,08/22/2023,5,completed
O505787,C101290,P2220,06/16/2023,3,completed
O505788,C100213,P2232,07/10/2023,3,completed
O505789,C101480,P2234,10/08/2023,1,completed
O505790,C101407,P2228,04/10/2023,1,completed
O505791,C100556,P2156,05/08/2023,5,returned
O505792,C100077,P2206,08/01/2023,2,completed
O505793,C101135,P2161,08/24/2023,2,completed
O505794,C101175,P2245,12/27/2023,4,completed
O505795,C101397,P2107,11/22/2023,2,completed
O505796,C100720,P2250,06/18/2023,2,completed
O505797,C101356,P2094,03/21/2023,5,completed
O505798,C100088,P2184,12/11/2023,2,completed
O505799,C100449,P2265,09/13/2023,1,cancelled
O505800,C100004,P2010,05/18/2023,1,completed
O505801,C100676,P2071,07/28/2023,4,completed
O505802,C101465,P2235,02/11/2023,2,completed
O505803,C100719,P2285,02/07/2023,1,completed
O505804,C100751,P2110,06/30/2023,1,completed
O505805,C101114,P2180,10/21/2023,2,completed
O505806,C100331,P2132,03/09/2023,1,completed
O505807,C100344,P2174,06/16/2023,5,completed
O505808,C100007,P2015,04/23/2023,3,completed
O505809,C100328,P2064,10/02/2023,2,cancelled
O505810,C101097,P2029,10/10/2023,4,completed
O505811,C100463,P2006,11/02/2023,3,completed
O505812,C101106,P2045,10/19/2023,1,completed
O505813,C100641,P2042,12/17/2023,2,cancelled
O505814,C100663,P2007,11/26/2023,3,completed
O505815,C100683,P2262,09/23/2023,5,completed
O505816,C100941,P2046,03/07/2023,1,returned
O505817,C101217,P2298,09/15/2023,5,completed
O505818,C100703,P2085,11/13/2023,2,cancelled
O505819,C101253,P2152,08/09/2023,5,cancelled
O505820,C101041,P2205,02/19/2023,5,completed
O505821,C100759,P2006,01/08/2023,4,completed
O505822,C100231,P2129,04/13/2023,4,returned
O505823,C101145,P2162,04/16/2023,2,completed
O505824,C100296,P2162,03/25/2023,5,completed
O505825,C101356,P2204,06/11/2023,5,completed
O505826,C100727,P2139,12/20/2023,4,completed
O505827,C100607,P2073,01/22/2023,1,cancelled
O505828,C100119,P2291,03/16/2023,3,completed
O505829,C100207,P2095,05/07/2023,1,completed
O505830,C100783,P2293,12/08/2023,3,completed
O505831,C100185,P2007,06/05/2023,5,cancelled
O505832,C101122,P2287,06/17/2023,2,completed
O505833,C100713,P2207,01/30/2023,3,completed
O505834,C101011,P2007,09/19/2023,4,completed
O505835,C100691,P2105,09/09/2023,4,returned
O505836,C101103,P2045,07/03/2023,3,completed
O505837,C100921,P2258,04/25/2023,4,completed
O505838,C100789,P2072,02/10/2023,4,cancelled
O505839,C101325,P2229,06/28/2023,4,completed
O505840,C100595,P2068,07/19/2023,3,cancelled
O505841,C101275,P2017,03/28/2023,3,completed
O505842,C100112,P2064,04/09/2023,2,completed
O505843,C100563,P2036,12/13/2023,2,returned
O505844,C100843,P2219,08/04/2023,1,completed
O505845,C101377,P2096,11/28/2023,1,completed
O505846,C101026,P2186,04/17/2023,5,completed
O505847,C100361,P2055,10/08/2023,2,returned
O505848,C100638,P2050,12/04/2023,1,completed
O505849,C101160,P2298,12/13/2023,1,completed
O505850,C100959,P2000,11/29/2023,4,cancelled
O505851,C100745,P2139,09/29/2023,3,completed
O505852,C100788,P2056,11/07/2023,5,returned
O505853,C100581,P2149,07/10/2023,5,completed
O505854,C100791,P2296,06/02/2023,1,completed
O505855,C100507,P2022,06/23/2023,3,completed
O505856,C101254,P2025,05/28/2023,1,cancelled
O505857,C100271,P2257,12/25/2023,4,completed
O505858,C100148,P2271,09/07/2023,5,completed
O505859,C100061,P2243,01/29/2023,5,completed
O505860,C101276,P2081,06/29/2023,3,completed
O505861,C100713,P2153,11/08/2023,3,completed
O505862,C101052,P2041,07/22/2023,4,returned
O505863,C101303,P2029,11/25/2023,3,completed
O505864,C100537,P2257,09/22/2023,1,completed
O505865,C100457,P2130,03/28/2023,5,cancelled
O505866,C100641,P2008,08/15/2023,2,completed
O505867,C101488,P2166,11/21/2023,5,completed
O505868,C101296,P2006,06/25/2023,5,completed
O505869,C100750,P2018,07/03/2023,5,completed
O505870,C101268,P2101,07/19/2023,2,completed
O505871,C100775,P2248,01/29/2023,4,completed
O505872,C101097,P2005,10/26/2023,1,completed
O505873,C100594,P2272,04/07/2023,2,completed
O505874,C101270,P2142,04/22/2023,1,completed
O505875,C101439,P2072,02/04/2023,3,completed
O505876,C101479,P2198,08/14/2023,5,completed
O505877,C100031,P2103,01/16/2023,4,completed
O505878,C101471,P2173,06/30/2023,3,completed
O505879,C100138,P2148,05/01/2023,4,completed
O505880,C100536,P2245,05/30/2023,5,completed
O505881,C101363,P2197,10/22/2023,4,completed
O505882,C100396,P2251,08/16/2023,2,completed
O505883,C101097,P2254,11/08/2023,5,cancelled
O505884,C101099,P2065,03/26/2023,5,cancelled
O505885,C101105,P2163,02/08/2023,4,completed
O505886,C101464,P2245,10/28/2023,4,completed
O505887,C100341,P2196,01/06/2023,3,completed
O505888,C100834,P2065,11/13/2023,3,completed
O505889,C101364,P2046,01/02/2023,5,completed
O505890,C100970,P2184,10/21/2023,1,completed
O505891,C101414,P2013,01/25/2023,2,completed
O505892,C100289,P2212,04/15/2023,3,completed
O505893,C100967,P2147,07/01/2023,1,completed
O505894,C101013,P2027,10/05/2023,5,completed
O505895,C100438,P2268,08/10/2023,4,cancelled
O505896,C100411,P2251,11/28/2023,1,completed
O505897,C100703,P2279,08/19/2023,1,completed
O505898,C101086,P2047,09/21/2023,5,returned
O505899,C100847,P2048,07/06/2023,3,completed
O505900,C100954,P2240,06/20/2023,3,returned
O505901,C100565,P2107,04/29/2023,3,completed
O505902,C101389,P2110,07/28/2023,2,completed
O505903,C100518,P2177,04/27/2023,5,completed
O505904,C101361,P2206,02/06/2023,5,completed
O505905,C100982,P2007,02/16/2023,4,completed
O505906,C101301,P2073,02/08/2023,2,completed
O505907,C100672,P2036,04/04/2023,2,completed
O505908,C100983,P2078,02/20/2023,5,returned
O505909,C100998,P2095,09/12/2023,1,completed
O505910,C100655,P2274,05/12/2023,5,returned
O505911,C100461,P2126,04/25/2023,5,completed
O505912,C100592,P2197,03/02/2023,4,completed
O505913,C100878,P2075,11/12/2023,1,completed
O505914,C101439,P2210,05/20/2023,1,completed
O505915,C100109,P2026,10/07/2023,2,cancelled
O505916,C101429,P2116,01/26/2023,5,returned
O505917,C100168,P2001,07/16/2023,5,completed
O505918,C101089,P2196,09/30/2023,3,completed
O505919,C100417,P2128,03/25/2023,3,completed
O505920,C100637,P2189,01/07/2023,1,completed
O505921,C100773,P2079,03/25/2023,5,completed
O505922,C100816,P2098,08/16/2023,2,completed
O505923,C101162,P2127,01/13/2023,2,completed
O505924,C100653,P2164,09/12/2023,2,completed
O505925,C100198,P2130,07/16/2023,5,completed
O505926,C101382,P2285,04/30/2023,1,completed
O505927,C100442,P2243,03/22/2023,2,completed
O505928,C101456,P2282,02/17/2023,3,completed
O505929,C100638,P2214,01/10/2023,4,completed
O505930,C101152,P2050,05/28/2023,3,completed
O505931,C100883,P2265,12/13/2023,5,completed
O505932,C101034,P2014,11/09/2023,1,completed
O505933,C101334,P2053,01/21/2023,2,completed
O505934,C100066,P2157,11/18/2023,5,completed
O505935,C100296,P2217,07/26/2023,4,completed
O505936,C101031,P2298,12/04/2023,4,completed
O505937,C100689,P2272,11/18/2023,5,completed
O505938,C100689,P2201,11/06/2023,5,completed
O505939,C101409,P2297,11/20/2023,3,completed
O505940,C101156,P2052,08/01/2023,1,completed
O505941,C101242,P2002,10/06/2023,4,returned
O505942,C100649,P2033,06/18/2023,4,completed
O505943,C100105,P2158,08/18/2023,1,completed
O505944,C100611,P2219,06/04/2023,4,completed
O505945,C100304,P2026,01/24/2023,1,completed
O505946,C101068,P2128,12/09/2023,1,completed
O505947,C100614,P2031,10/02/2023,4,completed
O505948,C100587,P2048,11/13/2023,2,completed
O505949,C100321,P2248,05/23/2023,3,completed
O505950,C100936,P2274,08/17/2023,5,completed
O505951,C100106,P2069,11/06/2023,1,completed
O505952,C100101,P2042,03/06/2023,5,completed
O505953,C100102,P2295,08/28/2023,5,cancelled
O505954,C100967,P2015,05/08/2023,3,cancelled
O505955,C100417,P2048,08/28/2023,2,returned
O505956,C100101,P2152,05/29/2023,2,completed
O505957,C100912,P2155,09/19/2023,3,completed
O505958,C100301,P2274,10/09/2023,5,completed
O505959,C100018,P2127,04/19/2023,1,completed
O505960,C101014,P2169,09/16/2023,5,completed
O505961,C101005,P2260,03/28/2023,4,returned
O505962,C100055,P2164,05/06/2023,3,cancelled
O505963,C100461,P2265,06/23/2023,4,completed
O505964,C100500,P2267,03/29/2023,1,completed
O505965,C100795,P2015,04/24/2023,2,completed
O505966,C101072,P2099,01/28/2023,1,completed
O505967,C100668,P2294,07/22/2023,4,completed
O505968,C100112,P2034,12/14/2023,3,completed
O505969,C100740,P2001,05/25/2023,3,completed
O505970,C100532,P2134,05/24/2023,5,completed
O505971,C101362,P2174,08/16/2023,5,cancelled
O505972,C101238,P2059,07/23/2023,1,completed
O505973,C101251,P2169,06/22/2023,1,completed
O505974,C101297,P2086,03/17/2023,2,returned
O505975,C100237,P2072,06/26/2023,3,completed
O505976,C100412,P2007,03/06/2023,3,completed
O505977,C101270,P2204,02/13/2023,4,completed
O505978,C100285,P2289,04/14/2023,2,completed
O505979,C101444,P2086,07/23/2023,2,completed
O505980,C100677,P2069,08/06/2023,5,completed
O505981,C100472,P2122,07/04/2023,5,completed
O505982,C100189,P2080,09/02/2023,5,cancelled
O505983,C101283,P2045,11/10/2023,4,completed
O505984,C100667,P2092,06/03/2023,4,returned
O505985,C101188,P2020,05/22/2023,2,completed
O505986,C100422,P2248,07/25/2023,5,returned
O505987,C100827,P2299,02/19/2023,4,returned
O505988,C100072,P2077,11/20/2023,4,completed
O505989,C101001,P2232,05/07/2023,1,completed
O505990,C100196,P2253,05/10/2023,1,completed
O505991,C100181,P2008,11/01/2023,4,completed
O505992,C100651,P2202,06/14/2023,3,completed
O505993,C100058,P2071,02/28/2023,4,completed
O505994,C100759,P2208,10/05/2023,4,completed
O505995,C101354,P2280,08/01/2023,1,completed
O505996,C100869,P2095,02/11/2023,5,completed
O505997,C101234,P2033,08/18/2023,5,completed
O505998,C100152,P2250,02/27/2023,5,completed
O505999,C101215,P2009,10/31/2023,2,completed
O506000,C100215,P2064,01/18/2023,1,completed
O506001,C100513,P2138,04/26/2023,3,cancelled
O506002,C100150,P2152,12/12/2023,5,completed
O506003,C100977,P2062,11/20/2023,2,completed
O506004,C100453,P2061,08/02/2023,2,completed
O506005,C100180,P2055,09/05/2023,4,completed
O506006,C100435,P2032,08/23/2023,1,completed
O506007,C100566,P2170,09/24/2023,5,completed
O506008,C100175,P2180,01/05/2023,5,returned
O506009,C100121,P2214,10/28/2023,1,completed
O506010,C100523,P2190,01/19/2023,4,completed
O506011,C100460,P2065,02/03/2023,4,completed
O506012,C100498,P2009,05/08/2023,4,completed
O506013,C100143,P2230,09/04/2023,5,completed
O506014,C100638,P2027,11/26/2023,2,completed
O506015,C101086,P2057,11/05/2023,4,completed
O506016,C100664,P2023,07/08/2023,5,completed
O506017,C100888,P2027,07/17/2023,2,completed
O506018,C100909,P2192,02/22/2023,3,completed
O506019,C100337,P2082,02/25/2023,4,completed
O506020,C100396,P2291,04/05/2023,5,completed
O506021,C100197,P2184,10/16/2023,2,completed
O506022,C100174,P2226,07/22/2023,3,completed
O506023,C100068,P2049,06/04/2023,2,completed
O506024,C101108,P2075,04/24/2023,3,completed
O506025,C100774,P2085,01/09/2023,1,cancelled
O506026,C100835,P2117,11/01/2023,2,completed
O506027,C100213,P2115,04/25/2023,1,completed
O506028,C100126,P2078,06/30/2023,5,completed
O506029,C100614,P2256,03/28/2023,1,completed
O506030,C101261,P2068,02/12/2023,2,completed
O506031,C100823,P2278,12/13/2023,5,completed
O506032,C100680,P2043,01/26/2023,2,returned
O506033,C100722,P2233,12/19/2023,5,completed
O506034,C100551,P2098,10/03/2023,2,completed
O506035,C101060,P2238,08/11/2023,5,completed
O506036,C101361,P2006,03/19/2023,1,completed
O506037,C100425,P2005,04/24/2023,2,completed
O506038,C100042,P2299,01/19/2023,3,returned
O506039,C100369,P2112,09/09/2023,4,completed
O506040,C101488,P2045,02/21/2023,1,completed
O506041,C100933,P2048,09/12/2023,2,completed
O506042,C101007,P2168,10/07/2023,2,completed
O506043,C101192,P2048,06/22/2023,5,completed
O506044,C100994,P2285,12/14/2023,5,completed
O506045,C101047,P2184,03/31/2023,1,completed
O506046,C101275,P2052,05/14/2023,3,completed
O506047,C100684,P2298,01/12/2023,2,returned
O506048,C100978,P2027,06/02/2023,2,completed
O506049,C100743,P2141,07/12/2023,1,completed
O506050,C100361,P2012,09/03/2023,1,cancelled
O506051,C101454,P2120,03/01/2023,1,completed
O506052,C100810,P2057,01/06/2023,4,completed
O506053,C100017,P2298,07/25/2023,2,completed
O506054,C101337,P2246,11/08/2023,1,completed
O506055,C100524,P2130,07/21/2023,4,completed
O506056,C100337,P2106,12/22/2023,4,completed
O506057,C100460,P2014,10/12/2023,1,completed
O506058,C101402,P2039,03/30/2023,3,completed
O506059,C100408,P2017,02/01/2023,2,returned
O506060,C100735,P2054,03/12/2023,2,completed
O506061,C100434,P2172,11/09/2023,5,cancelled
O506062,C100879,P2067,04/09/2023,3,completed
O506063,C100309,P2061,11/03/2023,3,completed
O506064,C100773,P2044,02/19/2023,3,returned
O506065,C100840,P2145,12/11/2023,4,completed
O506066,C100899,P2104,10/17/2023,1,cancelled
O506067,C100000,P2009,09/11/2023,3,completed
O506068,C101335,P2210,05/22/2023,3,completed
O506069,C100898,P2092,02/18/2023,5,completed
O506070,C100367,P2296,10/31/2023,1,completed
O506071,C101380,P2249,10/06/2023,5,completed
O506072,C101219,P2031,04/06/2023,2,completed
O506073,C100219,P2066,12/09/2023,5,completed
O506074,C100119,P2068,07/28/2023,3,completed
O506075,C100955,P2076,04/06/2023,2,completed
O506076,C100706,P2261,07/07/2023,2,completed
O506077,C100383,P2075,03/30/2023,3,cancelled
O506078,C101261,P2047,09/22/2023,2,completed
O506079,C101104,P2131,05/10/2023,4,completed
O506080,C100390,P2012,08/15/2023,4,completed
O506081,C100448,P2121,04/14/2023,5,completed
O506082,C100565,P2244,10/10/2023,5,completed
O506083,C100856,P2084,09/05/2023,2,completed
O506084,C100152,P2181,10/27/2023,3,completed
O506085,C101361,P2221,02/19/2023,4,completed
O506086,C100034,P2075,08/01/2023,3,completed
O506087,C101433,P2091,08/23/2023,3,completed
O506088,C100651,P2079,10/23/2023,3,returned
O506089,C101461,P2205,05/16/2023,2,returned
O506090,C100190,P2231,09/10/2023,1,returned
O506091,C100550,P2028,08/21/2023,5,completed
O506092,C100425,P2036,07/23/2023,4,completed
O506093,C100870,P2178,06/18/2023,1,cancelled
O506094,C100121,P2162,10/21/2023,3,completed
O506095,C100953,P2098,06/24/2023,1,completed
O506096,C100527,P2282,06/12/2023,1,completed
O506097,C100229,P2282,10/03/2023,2,completed
O506098,C101013,P2055,09/14/2023,2,cancelled
O506099,C100008,P2003,04/16/2023,4,completed
O506100,C100541,P2051,12/31/2023,2,completed
O506101,C101032,P2203,05/21/2023,2,returned
O506102,C101145,P2050,03/08/2023,4,completed
O506103,C100796,P2217,07/28/2023,2,completed
O506104,C101259,P2110,02/11/2023,3,completed
O506105,C101385,P2045,01/20/2023,3,returned
O506106,C100096,P2004,09/25/2023,3,completed
O506107,C100925,P2262,11/19/2023,2,completed
O506108,C101473,P2118,04/20/2023,2,completed
O506109,C100248,P2208,07/28/2023,2,completed
O506110,C101215,P2187,02/25/2023,4,returned
O506111,C100320,P2206,10/02/2023,3,completed
O506112,C100316,P2050,04/05/2023,5,completed
O506113,C101210,P2204,09/22/2023,2,completed
O506114,C100665,P2071,07/30/2023,2,completed
O506115,C100644,P2254,06/10/2023,5,completed
O506116,C100191,P2221,07/28/2023,2,completed
O506117,C101459,P2215,01/29/2023,2,completed
O506118,C100807,P2172,05/17/2023,1,completed
O506119,C101483,P2034,04/07/2023,1,completed
O506120,C101197,P2037,03/27/2023,2,completed
O506121,C100108,P2242,08/07/2023,5,completed
O506122,C100964,P2110,01/16/2023,4,completed
O506123,C100751,P2182,06/16/2023,3,completed
O506124,C101473,P2123,10/05/2023,2,completed
O506125,C100577,P2276,03/07/2023,2,cancelled
O506126,C100765,P2070,03/18/2023,1,completed
O506127,C100042,P2171,12/16/2023,5,returned
O506128,C101402,P2154,09/26/2023,4,completed
O506129,C101153,P2146,11/25/2023,3,completed
O506130,C101135,P2117,07/09/2023,5,cancelled
O506131,C100284,P2062,12/17/2023,3,returned
O506132,C101281,P2171,06/02/2023,4,completed
O506133,C100959,P2042,08/23/2023,3,cancelled
O506134,C101123,P2230,11/18/2023,2,completed
O506135,C100294,P2152,12/30/2023,1,completed
O506136,C100211,P2260,11/25/2023,4,completed
O506137,C100183,P2076,11/17/2023,1,completed
O506138,C101389,P2224,05/16/2023,5,cancelled
O506139,C101281,P2110,04/01/2023,1,completed
O506140,C100703,P2283,04/19/2023,5,completed
O506141,C100038,P2080,09/10/2023,5,completed
O506142,C100423,P2077,11/05/2023,5,completed
O506143,C100178,P2295,05/06/2023,5,completed
O506144,C100499,P2235,08/29/2023,2,completed
O506145,C100577,P2138,01/10/2023,2,completed
O506146,C100340,P2243,09/02/2023,5,completed
O506147,C100723,P2292,06/02/2023,4,completed
O506148,C100629,P2299,03/07/2023,3,completed
O506149,C101101,P2002,11/16/2023,5,completed
O506150,C100052,P2059,04/27/2023,2,returned
O506151,C101218,P2000,09/05/2023,2,completed
O506152,C100306,P2226,04/10/2023,3,cancelled
O506153,C100970,P2138,06/14/2023,5,completed
O506154,C101154,P2132,03/04/2023,1,completed
O506155,C100332,P2174,05/30/2023,3,completed
O506156,C100891,P2036,02/17/2023,1,completed
O506157,C100019,P2270,04/03/2023,2,completed
O506158,C101391,P2009,11/14/2023,3,completed
O506159,C100087,P2159,08/09/2023,3,completed
O506160,C101245,P2294,04/21/2023,4,completed
O506161,C101055,P2267,12/19/2023,4,completed
O506162,C101273,P2016,02/28/2023,5,completed
O506163,C101475,P2241,06/19/2023,4,completed
O506164,C100109,P2141,06/01/2023,4,returned
O506165,C100607,P2201,01/25/2023,2,completed
O506166,C101329,P2052,11/03/2023,5,completed
O506167,C100784,P2042,06/08/2023,4,completed
O506168,C100784,P2249,04/12/2023,4,completed
O506169,C100709,P2163,11/12/2023,1,returned
O506170,C100416,P2209,07/31/2023,3,cancelled
O506171,C100155,P2005,02/08/2023,3,cancelled
O506172,C100563,P2176,12/15/2023,5,returned
O506173,C100386,P2208,12/17/2023,5,completed
O506174,C100310,P2139,08/05/2023,3,completed
O506175,C101337,P2119,11/04/2023,3,completed
O506176,C101371,P2023,02/02/2023,3,completed
O506177,C100335,P2268,04/13/2023,4,completed
O506178,C100876,P2232,05/13/2023,5,completed
O506179,C101471,P2211,02/05/2023,3,completed
O506180,C100254,P2020,11/16/2023,3,completed
O506181,C100839,P2055,03/29/2023,5,completed
O506182,C100091,P2185,05/24/2023,4,completed
O506183,C100669,P2039,06/13/2023,4,completed
O506184,C101099,P2110,12/27/2023,1,completed
O506185,C100894,P2249,04/26/2023,1,cancelled
O506186,C100707,P2037,09/09/2023,2,completed
O506187,C100705,P2104,09/06/2023,3,completed
O506188,C100635,P2070,10/05/2023,3,returned
O506189,C100077,P2289,02/26/2023,1,completed
O506190,C100524,P2053,09/25/2023,5,completed
O506191,C100881,P2131,04/06/2023,1,completed
O506192,C100584,P2279,07/04/2023,5,completed
O506193,C100493,P2067,10/18/2023,5,completed
O506194,C100836,P2252,12/28/2023,4,completed
O506195,C100922,P2153,05/13/2023,4,completed
O506196,C101032,P2072,11/10/2023,4,completed
O506197,C100245,P2056,01/20/2023,1,completed
O506198,C100164,P2199,03/28/2023,5,completed
O506199,C101230,P2150,09/17/2023,5,cancelled
O506200,C100612,P2054,11/22/2023,4,returned
O506201,C101322,P2156,04/28/2023,2,returned
O506202,C100366,P2271,08/20/2023,3,completed
O506203,C101211,P2192,04/15/2023,5,completed
O506204,C101293,P2137,07/11/2023,4,completed
O506205,C100007,P2199,05/27/2023,5,completed
O506206,C100829,P2089,03/16/2023,3,completed
O506207,C101470,P2291,10/27/2023,4,completed
O506208,C100491,P2060,04/15/2023,1,completed
O506209,C101228,P2214,11/17/2023,2,returned
O506210,C100373,P2204,01/16/2023,4,completed
O506211,C100551,P2053,10/24/2023,5,cancelled
O506212,C100331,P2004,01/05/2023,3,returned
O506213,C100145,P2255,08/28/2023,4,completed
O506214,C101052,P2081,04/01/2023,5,completed
O506215,C100160,P2274,02/03/2023,3,cancelled
O506216,C100716,P2035,05/24/2023,1,completed
O506217,C100698,P2028,11/29/2023,2,completed
O506218,C101265,P2148,07/07/2023,4,completed
O506219,C100649,P2189,03/15/2023,3,completed
O506220,C100347,P2001,06/24/2023,3,completed
O506221,C100930,P2011,06/22/2023,1,completed
O506222,C101103,P2238,02/28/2023,4,completed
O506223,C100634,P2032,12/17/2023,3,completed
O506224,C100233,P2288,05/23/2023,3,returned
O506225,C100468,P2197,02/24/2023,4,completed
O506226,C100151,P2119,03/19/2023,1,completed
O506227,C100056,P2243,12/18/2023,4,returned
O506228,C100024,P2219,02/14/2023,1,completed
O506229,C100121,P2255,08/15/2023,1,cancelled
O506230,C100513,P2112,03/15/2023,3,returned
O506231,C100460,P2289,06/04/2023,3,completed
O506232,C101007,P2070,04/23/2023,5,returned
O506233,C100846,P2005,01/08/2023,4,completed
O506234,C100382,P2094,04/23/2023,1,completed
O506235,C100952,P2149,06/29/2023,3,completed
O506236,C100407,P2116,08/19/2023,1,completed
O506237,C100400,P2103,12/16/2023,5,completed
O506238,C100887,P2257,07/21/2023,5,completed
O506239,C100281,P2088,05/02/2023,1,completed
O506240,C100067,P2195,06/15/2023,2,completed
O506241,C101233,P2018,06/24/2023,1,completed
O506242,C100795,P2198,02/04/2023,1,completed
O506243,C100309,P2056,07/15/2023,1,completed
O506244,C100634,P2115,10/24/2023,4,completed
O506245,C101188,P2201,09/22/2023,1,returned
O506246,C101338,P2194,01/16/2023,1,completed
O506247,C101007,P2255,03/22/2023,2,completed
O506248,C101016,P2265,05/24/2023,2,cancelled
O506249,C100796,P2264,01/15/2023,3,returned
O506250,C100148,P2277,04/12/2023,1,completed
O506251,C100987,P2247,12/14/2023,4,returned
O506252,C100204,P2019,10/20/2023,3,completed
O506253,C100766,P2098,10/02/2023,2,completed
O506254,C100866,P2088,07/16/2023,3,returned
O506255,C100049,P2056,07/08/2023,3,completed
O506256,C100153,P2171,10/06/2023,5,completed
O506257,C100051,P2085,03/16/2023,5,completed
O506258,C101036,P2009,01/16/2023,2,completed
O506259,C101045,P2273,07/26/2023,5,completed
O506260,C100090,P2293,03/21/2023,4,completed
O506261,C100470,P2270,07/11/2023,1,completed
O506262,C101087,P2242,09/08/2023,5,returned
O506263,C101031,P2238,02/15/2023,4,completed
O506264,C100061,P2129,01/28/2023,3,completed
O506265,C100407,P2070,06/02/2023,5,completed
O506266,C100407,P2147,07/10/2023,2,completed
O506267,C100861,P2245,02/19/2023,1,completed
O506268,C101079,P2100,10/22/2023,2,completed
O506269,C101405,P2086,04/26/2023,5,completed
O506270,C100291,P2032,08/12/2023,2,completed
O506271,C100386,P2034,03/08/2023,5,completed
O506272,C101370,P2196,11/28/2023,5,completed
O506273,C100385,P2141,05/21/2023,2,completed
O506274,C100949,P2266,02/08/2023,2,completed
O506275,C100521,P2035,04/12/2023,1,completed
O506276,C100206,P2087,06/24/2023,4,returned
O506277,C100685,P2282,10/29/2023,3,completed
O506278,C101094,P2246,09/29/2023,5,completed
O506279,C101351,P2130,04/18/2023,2,completed
O506280,C100926,P2281,06/16/2023,5,completed
O506281,C100657,P2194,08/13/2023,3,completed
O506282,C100572,P2235,03/02/2023,3,completed
O506283,C100994,P2286,12/14/2023,3,returned
O506284,C101079,P2239,06/23/2023,2,completed
O506285,C100445,P2069,11/20/2023,2,completed
O506286,C101239,P2296,01/03/2023,4,completed
O506287,C101243,P2049,06/20/2023,5,completed
O506288,C100243,P2011,12/30/2023,2,completed
O506289,C101058,P2026,05/15/2023,1,completed
O506290,C100003,P2189,09/29/2023,5,completed
O506291,C100025,P2208,08/02/2023,1,completed
O506292,C101350,P2143,05/16/2023,2,completed
O506293,C100646,P2199,09/08/2023,4,completed
O506294,C100993,P2059,08/20/2023,2,completed
O506295,C101456,P2279,10/14/2023,2,completed
O506296,C100806,P2000,01/29/2023,3,completed
O506297,C101413,P2290,02/20/2023,2,completed
O506298,C101165,P2241,03/10/2023,4,completed
O506299,C100535,P2194,04/27/2023,2,completed
O506300,C100718,P2079,02/02/2023,5,completed
O506301,C100927,P2282,06/04/2023,5,completed
O506302,C100780,P2102,01/05/2023,5,completed
O506303,C101280,P2042,03/03/2023,5,completed
O506304,C101141,P2019,05/10/2023,3,completed
O506305,C101431,P2218,06/28/2023,2,returned
O506306,C101405,P2228,12/28/2023,3,completed
O506307,C100705,P2190,10/22/2023,5,completed
O506308,C100109,P2078,06/11/2023,5,returned
O506309,C101139,P2227,09/15/2023,5,completed
O506310,C100309,P2020,02/03/2023,3,completed
O506311,C101405,P2255,03/21/2023,2,completed
O506312,C100793,P2253,02/21/2023,4,completed
O506313,C100557,P2182,03/05/2023,1,cancelled
O506314,C101396,P2291,05/16/2023,4,cancelled
O506315,C100273,P2083,06/22/2023,4,completed
O506316,C101353,P2154,05/27/2023,2,completed
O506317,C100916,P2239,04/12/2023,3,completed
O506318,C101489,P2120,09/01/2023,5,completed
O506319,C101393,P2040,01/29/2023,3,completed
O506320,C100656,P2185,12/05/2023,4,completed
O506321,C101304,P2132,12/06/2023,1,completed
O506322,C100191,P2020,10/26/2023,3,completed
O506323,C100393,P2188,03/09/2023,3,cancelled
O506324,C100425,P2273,08/29/2023,4,completed
O506325,C101034,P2281,05/15/2023,5,completed
O506326,C100814,P2081,10/30/2023,5,completed
O506327,C100195,P2219,07/21/2023,3,completed
O506328,C100753,P2273,02/25/2023,3,completed
O506329,C101076,P2138,01/01/2023,2,completed
O506330,C100436,P2185,06/17/2023,4,completed
O506331,C101356,P2148,06/08/2023,5,completed
O506332,C101491,P2071,03/31/2023,5,returned
O506333,C100507,P2154,02/26/2023,5,completed
O506334,C101091,P2085,03/23/2023,5,completed
O506335,C100338,P2290,04/23/2023,2,completed
O506336,C101154,P2297,02/06/2023,4,cancelled
O506337,C101169,P2155,08/13/2023,4,completed
O506338,C100424,P2069,08/26/2023,4,completed
O506339,C100353,P2190,10/14/2023,3,returned
O506340,C100104,P2040,01/16/2023,3,completed
O506341,C100084,P2085,03/09/2023,5,completed
O506342,C101472,P2030,08/01/2023,1,completed
O506343,C101243,P2193,11/30/2023,5,completed
O506344,C100382,P2245,04/12/2023,3,completed
O506345,C101017,P2196,03/13/2023,3,completed
O506346,C100108,P2072,04/19/2023,1,cancelled
O506347,C101403,P2256,10/03/2023,4,completed
O506348,C100821,P2100,03/23/2023,5,cancelled
O506349,C101044,P2178,09/20/2023,1,completed
O506350,C100940,P2294,04/15/2023,2,returned
O506351,C100693,P2069,06/22/2023,4,completed
O506352,C101351,P2288,06/10/2023,3,completed
O506353,C100226,P2210,08/31/2023,2,cancelled
O506354,C100376,P2165,05/31/2023,4,completed
O506355,C100907,P2159,05/27/2023,4,completed
O506356,C100111,P2171,02/02/2023,2,completed
O506357,C100837,P2148,03/26/2023,2,completed
O506358,C100834,P2010,03/11/2023,2,completed
O506359,C100153,P2104,07/22/2023,3,returned
O506360,C100457,P2094,05/18/2023,2,completed
O506361,C101275,P2016,12/13/2023,2,returned
O506362,C100824,P2064,03/04/2023,3,completed
O506363,C100015,P2075,05/25/2023,5,completed
O506364,C100489,P2096,10/08/2023,2,completed
O506365,C100446,P2272,03/13/2023,4,completed
O506366,C100537,P2181,01/16/2023,1,returned
O506367,C101452,P2107,08/14/2023,3,completed
O506368,C101394,P2244,04/08/2023,5,returned
O506369,C101338,P2040,03/13/2023,4,cancelled
O506370,C100082,P2230,08/19/2023,3,completed
O506371,C100044,P2066,05/15/2023,2,cancelled
O506372,C100630,P2267,05/10/2023,2,returned
O506373,C100401,P2073,03/20/2023,1,returned
O506374,C100117,P2099,05/22/2023,5,completed
O506375,C101482,P2149,12/13/2023,4,completed
O506376,C101114,P2293,07/29/2023,1,completed
O506377,C100692,P2236,03/21/2023,1,completed
O506378,C101183,P2124,04/08/2023,1,completed
O506379,C100139,P2272,08/20/2023,5,completed
O506380,C101153,P2086,08/16/2023,5,completed
O506381,C100150,P2256,10/14/2023,2,completed
O506382,C101104,P2122,12/01/2023,1,returned
O506383,C101155,P2174,04/20/2023,3,completed
O506384,C101404,P2263,11/04/2023,2,completed
O506385,C100568,P2050,10/23/2023,2,completed
O506386,C100088,P2186,12/11/2023,3,completed
O506387,C100253,P2238,03/17/2023,5,returned
O506388,C101191,P2115,09/09/2023,1,completed
O506389,C100644,P2045,12/24/2023,1,completed
O506390,C100918,P2225,08/24/2023,4,cancelled
O506391,C100176,P2187,03/10/2023,3,completed
O506392,C100085,P2099,03/01/2023,5,completed
O506393,C100222,P9999,12/18/2023,5,completed
O506394,C100841,P2030,07/31/2023,1,completed
O506395,C101185,P2282,11/01/2023,4,completed
O506396,C100584,P2071,11/13/2023,1,completed
O506397,C101440,P2116,03/23/2023,4,completed
O506398,C101049,P2259,06/29/2023,2,completed
O506399,C101402,P2134,02/01/2023,5,completed
O506400,C100478,P2195,02/24/2023,3,completed
O506401,C100815,P2238,06/05/2023,3,completed
O506402,C101346,P2216,10/07/2023,1,completed
O506403,C101328,P2197,08/14/2023,2,completed
O506404,C101462,P2054,08/16/2023,4,cancelled
O506405,C100964,P2174,12/20/2023,2,returned
O506406,C101112,P2244,03/13/2023,2,completed
O506407,C100515,P2144,01/25/2023,2,completed
O506408,C100040,P2201,03/27/2023,3,completed
O506409,C100333,P2253,05/17/2023,1,completed
O506410,C101072,P2246,05/14/2023,4,completed
O506411,C100277,P2070,10/08/2023,5,returned
O506412,C100919,P2119,03/21/2023,1,cancelled
O506413,C100506,P2205,08/25/2023,3,completed
O506414,C101477,P2197,02/21/2023,1,completed
O506415,C100032,P2061,03/01/2023,4,completed
O506416,C100569,P2020,02/25/2023,2,returned
O506417,C100368,P2146,09/26/2023,2,completed
O506418,C100896,P2185,10/15/2023,4,completed
O506419,C100555,P2083,01/30/2023,3,completed
O506420,C100800,P2167,08/20/2023,1,completed
O506421,C100104,P2287,12/04/2023,1,completed
O506422,C101213,P2238,12/27/2023,4,completed
O506423,C100233,P2226,08/12/2023,2,returned
O506424,C100339,P2128,09/27/2023,2,completed
O506425,C101102,P2124,02/14/2023,3,completed
O506426,C100849,P2191,01/29/2023,1,completed
O506427,C101048,P2288,03/20/2023,3,completed
O506428,C101193,P2177,08/07/2023,4,completed
O506429,C100516,P2271,09/26/2023,5,returned
O506430,C100574,P2271,06/15/2023,1,completed
O506431,C101116,P2205,10/21/2023,1,completed
O506432,C101286,P2051,11/23/2023,3,completed
O506433,C100590,P2027,09/28/2023,4,completed
O506434,C101265,P2295,07/19/2023,1,completed
O506435,C100208,P2294,11/18/2023,5,completed
O506436,C100985,P2000,01/11/2023,4,completed
O506437,C101496,P2202,07/15/2023,4,completed
O506438,C100976,P2268,03/25/2023,4,completed
O506439,C100430,P2206,03/20/2023,2,completed
O506440,C101230,P2153,07/14/2023,1,completed
O506441,C100749,P2069,05/29/2023,1,completed
O506442,C101245,P2195,01/15/2023,4,completed
O506443,C101483,P2045,05/10/2023,2,completed
O506444,C101315,P2033,01/18/2023,3,completed
O506445,C100340,P2265,01/21/2023,2,completed
O506446,C100668,P2068,02/27/2023,5,completed
O506447,C100877,P2138,01/11/2023,2,completed
O506448,C101277,P2292,04/25/2023,3,completed
O506449,C100769,P2273,05/30/2023,2,completed
O506450,C100628,P2156,05/25/2023,3,completed
O506451,C100751,P2195,09/15/2023,4,completed
O506452,C100466,P2035,08/03/2023,3,returned
O506453,C101215,P2019,01/06/2023,5,completed
O506454,C101214,P2089,05/11/2023,2,completed
O506455,C100297,P2291,01/02/2023,4,completed
O506456,C100815,P2061,01/24/2023,4,returned
O506457,C100574,P2296,06/15/2023,4,completed
O506458,C100740,P2142,03/25/2023,4,completed
O506459,C100320,P2222,10/12/2023,3,completed
O506460,C101048,P2227,10/09/2023,3,completed
O506461,C100088,P2291,11/23/2023,4,completed
O506462,C100358,P2116,12/25/2023,4,completed
O506463,C100876,P2046,07/26/2023,2,returned
O506464,C100335,P2064,03/15/2023,5,completed
O506465,C101178,P2218,12/26/2023,3,completed
O506466,C101436,P2150,09/07/2023,5,completed
O506467,C100670,P2125,01/02/2023,4,returned
O506468,C101216,P2261,09/26/2023,2,returned
O506469,C100880,P2072,10/15/2023,5,cancelled
O506470,C100099,P2026,06/25/2023,5,completed
O506471,C100936,P2214,04/08/2023,1,completed
O506472,C101213,P2067,03/31/2023,4,completed
O506473,C100753,P2174,08/26/2023,2,completed
O506474,C100425,P2051,08/23/2023,4,completed
O506475,C101115,P2244,10/30/2023,2,completed
O506476,C100425,P2032,06/02/2023,5,completed
O506477,C100913,P2213,04/20/2023,5,completed
O506478,C100645,P2197,01/19/2023,4,completed
O506479,C101465,P2054,05/15/2023,3,completed
O506480,C100718,P2136,03/01/2023,1,completed
O506481,C100802,P2155,11/11/2023,4,completed
O506482,C101471,P2270,11/25/2023,5,completed
O506483,C100698,P2260,07/21/2023,1,completed
O506484,C101308,P2096,09/18/2023,3,completed
O506485,C101134,P2177,08/27/2023,1,completed
O506486,C101121,P2202,03/07/2023,1,completed
O506487,C100560,P2208,08/14/2023,5,completed
O506488,C100311,P2086,09/17/2023,5,cancelled
O506489,C101246,P2232,04/11/2023,3,returned
O506490,C100139,P2212,10/31/2023,5,completed
O506491,C100239,P2239,08/29/2023,2,completed
O506492,C100439,P2226,09/18/2023,1,completed
O506493,C100926,P2247,12/10/2023,3,completed
O506494,C100006,P2253,11/09/2023,2,completed
O506495,C100495,P2293,03/29/2023,3,completed
O506496,C100439,P2044,10/30/2023,3,completed
O506497,C100447,P2025,12/21/2023,2,completed
O506498,C100421,P2123,05/21/2023,3,completed
O506499,C100393,P2182,11/14/2023,4,cancelled
O506500,C100584,P2252,09/21/2023,4,completed
O506501,C100398,P2269,06/08/2023,4,completed
O506502,C100095,P2123,09/17/2023,3,completed
O506503,C100541,P2167,12/22/2023,2,completed
O506504,C100720,P2035,12/19/2023,2,completed
O506505,C101021,P2061,12/05/2023,3,completed
O506506,C100003,P2090,10/15/2023,4,completed
O506507,C101209,P2165,06/30/2023,1,completed
O506508,C100220,P2216,11/08/2023,1,completed
O506509,C100005,P2175,01/19/2023,2,completed
O506510,C100255,P2247,11/09/2023,5,completed
O506511,C100226,P2098,01/24/2023,2,completed
O506512,C100802,P2126,05/04/2023,3,completed
O506513,C100648,P2273,03/09/2023,5,completed
O506514,C101083,P2095,06/09/2023,2,cancelled
O506515,C101437,P2166,10/23/2023,3,completed
O506516,C100105,P2284,08/05/2023,3,completed
O506517,C100477,P2033,08/17/2023,5,completed
O506518,C101418,P2180,01/30/2023,2,completed
O506519,C100617,P2025,03/30/2023,2,completed
O506520,C100537,P2114,05/14/2023,4,cancelled
O506521,C101180,P2089,04/30/2023,2,cancelled
O506522,C100458,P2070,12/11/2023,4,returned
O506523,C100613,P2194,01/13/2023,5,returned
O506524,C100454,P2223,06/10/2023,4,completed
O506525,C100131,P2121,07/18/2023,4,completed
O506526,C100344,P2274,03/26/2023,4,returned
O506527,C101457,P2113,12/09/2023,5,cancelled
O506528,C100868,P2065,08/26/2023,4,completed
O506529,C100865,P2188,09/09/2023,5,returned
O506530,C100437,P2190,08/05/2023,5,completed
O506531,C100536,P2049,08/02/2023,4,completed
O506532,C100688,P2178,07/06/2023,4,completed
O506533,C100564,P2113,09/10/2023,2,completed
O506534,C100075,P2027,01/27/2023,5,completed
O506535,C100078,P2183,08/03/2023,4,completed
O506536,C100081,P2178,11/23/2023,5,cancelled
O506537,C100357,P2070,07/18/2023,4,completed
O506538,C100111,P2100,10/22/2023,3,cancelled
O506539,C101162,P2274,02/20/2023,4,completed
O506540,C100183,P2241,03/07/2023,3,completed
O506541,C100545,P2117,11/22/2023,4,returned
O506542,C100232,P2114,12/08/2023,1,completed
O506543,C100098,P2065,02/06/2023,4,completed
O506544,C100396,P2285,03/16/2023,2,completed
O506545,C101444,P2202,08/30/2023,4,completed
O506546,C100075,P2007,02/11/2023,1,completed
O506547,C100524,P2026,01/05/2023,2,cancelled
O506548,C101403,P2137,03/03/2023,5,completed
O506549,C101267,P2239,03/05/2023,3,completed
O506550,C100375,P2163,09/04/2023,5,completed
O506551,C101460,P2214,12/04/2023,3,completed
O506552,C100673,P2260,05/07/2023,5,completed
O506553,C101222,P2155,09/05/2023,1,completed
O506554,C100514,P2163,06/18/2023,5,cancelled
O506555,C100886,P2250,03/15/2023,1,completed
O506556,C100206,P2143,09/06/2023,5,completed
O506557,C100101,P2284,04/10/2023,2,completed
O506558,C100231,P2195,09/12/2023,3,returned
O506559,C100091,P2105,09/18/2023,2,cancelled
O506560,C100026,P2169,09/15/2023,1,completed
O506561,C100294,P2280,09/13/2023,1,completed
O506562,C100362,P2045,01/16/2023,1,completed
O506563,C101494,P2240,12/15/2023,2,completed
O506564,C100761,P2280,12/03/2023,5,completed
O506565,C100554,P2116,11/12/2023,2,completed
O506566,C100187,P2018,04/26/2023,1,cancelled
O506567,C100562,P2258,05/13/2023,2,completed
O506568,C101055,P2071,07/09/2023,3,completed
O506569,C100656,P2187,07/09/2023,3,completed
O506570,C100416,P2151,09/15/2023,5,completed
O506571,C100183,P2194,01/31/2023,3,completed
O506572,C101173,P2068,04/16/2023,4,completed
O506573,C100535,P2116,05/08/2023,4,completed
O506574,C100191,P2195,11/05/2023,2,completed
O506575,C100635,P2009,08/16/2023,4,completed
O506576,C100615,P2188,04/15/2023,3,completed
O506577,C101032,P2155,06/03/2023,5,completed
O506578,C100661,P2213,04/21/2023,5,completed
O506579,C100789,P2272,11/20/2023,4,completed
O506580,C100783,P2238,11/05/2023,1,completed
O506581,C101180,P2038,04/30/2023,2,completed
O506582,C100052,P2070,03/31/2023,4,completed
O506583,C100309,P2292,03/09/2023,4,completed
O506584,C101204,P2050,08/14/2023,2,completed
O506585,C100428,P2154,05/28/2023,5,completed
O506586,C100654,P2074,08/04/2023,5,completed
O506587,C101345,P2030,08/26/2023,3,cancelled
O506588,C100296,P2166,01/03/2023,2,completed
O506589,C100216,P2252,09/12/2023,5,completed
O506590,C100771,P2188,11/12/2023,3,completed
O506591,C100199,P2250,06/06/2023,1,cancelled
O506592,C100409,P2083,10/26/2023,1,cancelled
O506593,C101171,P2124,11/29/2023,3,cancelled
O506594,C100299,P2257,01/01/2023,4,completed
O506595,C101037,P2255,03/26/2023,4,completed
O506596,C100717,P2112,04/14/2023,4,cancelled
O506597,C100349,P2047,07/25/2023,1,completed
O506598,C100328,P2247,02/09/2023,5,completed
O506599,C101047,P2083,12/12/2023,4,returned
O506600,C100389,P2085,12/13/2023,5,completed
O506601,C101325,P2204,08/01/2023,4,returned
O506602,C101398,P2255,04/02/2023,2,completed
O506603,C101085,P2269,01/06/2023,2,completed
O506604,C100877,P2093,06/14/2023,5,cancelled
O506605,C100260,P2250,01/28/2023,3,completed
O506606,C101040,P2174,04/24/2023,4,completed
O506607,C100580,P2033,11/19/2023,2,completed
O506608,C100741,P2198,09/20/2023,3,completed
O506609,C101156,P2018,12/23/2023,2,completed
O506610,C100928,P2033,12/06/2023,5,completed
O506611,C100842,P2083,06/04/2023,3,completed
O506612,C100917,P2243,09/06/2023,4,cancelled
O506613,C100974,P2233,03/28/2023,2,returned
O506614,C100885,P2122,09/22/2023,2,cancelled
O506615,C100535,P2132,02/08/2023,4,completed
O506616,C100168,P2206,01/21/2023,1,completed
O506617,C100377,P2165,06/08/2023,4,completed
O506618,C100375,P2070,11/22/2023,3,completed
O506619,C101474,P2166,02/21/2023,4,returned
O506620,C100603,P2154,09/23/2023,4,completed
O506621,C100118,P2185,12/22/2023,1,completed
O506622,C101136,P2284,01/18/2023,3,completed
O506623,C100703,P2035,10/25/2023,1,completed
O506624,C100166,P2061,05/26/2023,1,cancelled
O506625,C101013,P2114,06/13/2023,5,completed
O506626,C100866,P2024,06/22/2023,1,cancelled
O506627,C100907,P2086,01/08/2023,1,completed
O506628,C100748,P2249,04/05/2023,3,completed
O506629,C100720,P2214,07/18/2023,3,completed
O506630,C101111,P2233,04/11/2023,3,completed
O506631,C101453,P2276,09/16/2023,2,completed
O506632,C101445,P2169,09/09/2023,3,completed
O506633,C101099,P2147,07/24/2023,1,completed
O506634,C100360,P2066,04/09/2023,3,cancelled
O506635,C101353,P2267,05/12/2023,4,completed
O506636,C100023,P2042,02/10/2023,2,completed
O506637,C100296,P2196,01/22/2023,4,completed
O506638,C100845,P2068,07/19/2023,3,completed
O506639,C101084,P2224,10/10/2023,4,returned
O506640,C100423,P2153,12/08/2023,3,completed
O506641,C100551,P2011,09/26/2023,5,completed
O506642,C100050,P2268,02/12/2023,3,completed
O506643,C100988,P2287,07/03/2023,5,completed
O506644,C101490,P2005,08/05/2023,3,completed
O506645,C101135,P2114,02/03/2023,5,completed
O506646,C100379,P2239,08/01/2023,2,completed
O506647,C100749,P2293,02/20/2023,4,completed
O506648,C100150,P2028,11/22/2023,3,cancelled
O506649,C100808,P2254,05/03/2023,2,completed
O506650,C100822,P2274,12/12/2023,1,returned
O506651,C100164,P2122,12/23/2023,5,returned
O506652,C100256,P2214,10/31/2023,5,completed
O506653,C100786,P2112,09/02/2023,1,completed
O506654,C100006,P2268,02/14/2023,3,completed
O506655,C101229,P2008,04/30/2023,2,completed
O506656,C100483,P2129,05/04/2023,1,completed
O506657,C100836,P2175,12/10/2023,5,completed
O506658,C100422,P2123,04/16/2023,2,completed
O506659,C100403,P2186,04/09/2023,4,completed
O506660,C100249,P2072,06/04/2023,2,completed
O506661,C100184,P2111,02/02/2023,2,completed
O506662,C100725,P2197,05/08/2023,5,completed
O506663,C100698,P2214,07/21/2023,5,completed
O506664,C100236,P2225,02/17/2023,5,completed
O506665,C100045,P2190,08/04/2023,5,completed
O506666,C100961,P2020,06/17/2023,5,completed
O506667,C100391,P2281,07/08/2023,4,completed
O506668,C100426,P2251,03/01/2023,1,completed
O506669,C100093,P2015,10/13/2023,4,completed
O506670,C101356,P2039,09/19/2023,1,completed
O506671,C101191,P2013,01/26/2023,4,completed
O506672,C101034,P2086,12/16/2023,5,completed
O506673,C100803,P2026,12/11/2023,1,completed
O506674,C100790,P2015,08/17/2023,5,completed
O506675,C101407,P2233,08/12/2023,2,completed
O506676,C101010,P2184,07/15/2023,1,completed
O506677,C100305,P2107,11/02/2023,3,completed
O506678,C100803,P2184,04/15/2023,3,completed
O506679,C100368,P2173,10/04/2023,2,completed
O506680,C100089,P2160,08/02/2023,1,completed
O506681,C100600,P2171,02/16/2023,3,returned
O506682,C101234,P2204,01/13/2023,2,completed
O506683,C100768,P2138,03/14/2023,4,completed
O506684,C100616,P2199,11/25/2023,1,completed
O506685,C100760,P2172,07/03/2023,1,returned
O506686,C101017,P2201,01/07/2023,4,cancelled
O506687,C100170,P2176,12/29/2023,4,returned
O506688,C100897,P2283,06/24/2023,5,completed
O506689,C101413,P2295,03/30/2023,3,completed
O506690,C100441,P2232,11/30/2023,5,completed
O506691,C100951,P2280,09/21/2023,5,completed
O506692,C100640,P2170,01/04/2023,2,completed
O506693,C101217,P2097,10/05/2023,2,completed
O506694,C100224,P2178,11/13/2023,1,completed
O506695,C100338,P2275,05/19/2023,2,completed
O506696,C100389,P2068,03/06/2023,4,completed
O506697,C100291,P2078,02/28/2023,2,completed
O506698,C100491,P2224,12/01/2023,4,completed
O506699,C100618,P2208,03/21/2023,4,returned
O506700,C100441,P2051,05/05/2023,1,completed
O506701,C101338,P2190,11/09/2023,5,completed
O506702,C100317,P2212,01/30/2023,4,completed
O506703,C101482,P2158,07/31/2023,3,returned
O506704,C100920,P2067,04/30/2023,4,completed
O506705,C101468,P2076,11/18/2023,5,returned
O506706,C100013,P2191,06/15/2023,4,cancelled
O506707,C101421,P2058,06/20/2023,4,completed
O506708,C100814,P2182,11/06/2023,5,completed
O506709,C101000,P2181,11/02/2023,2,completed
O506710,C100777,P2140,03/17/2023,5,returned
O506711,C100429,P2084,05/07/2023,3,cancelled
O506712,C100445,P2212,06/20/2023,4,cancelled
O506713,C101150,P2017,02/15/2023,3,completed
O506714,C100633,P2057,01/07/2023,3,completed
O506715,C101096,P2292,12/05/2023,4,completed
O506716,C100374,P2268,08/12/2023,2,completed
O506717,C100348,P2103,07/27/2023,1,completed
O506718,C100325,P2199,03/28/2023,5,completed
O506719,C100574,P2279,10/04/2023,1,completed
O506720,C101485,P2264,02/20/2023,1,completed
O506721,C100799,P2027,11/10/2023,4,returned
O506722,C101036,P2060,05/13/2023,1,completed
O506723,C101364,P2103,06/16/2023,5,completed
O506724,C100562,P2240,10/14/2023,2,cancelled
O506725,C100678,P2184,05/01/2023,5,completed
O506726,C101277,P2167,03/25/2023,1,completed
O506727,C100079,P2007,07/28/2023,1,completed
O506728,C100571,P2186,12/02/2023,4,completed
O506729,C101110,P2084,09/22/2023,4,completed
O506730,C100256,P2058,06/08/2023,2,completed
O506731,C100706,P2048,05/05/2023,1,returned
O506732,C101150,P2095,06/10/2023,1,completed
O506733,C101041,P2244,03/14/2023,1,completed
O506734,C100778,P2017,12/28/2023,2,completed
O506735,C100142,P2230,10/17/2023,5,returned
O506736,C101402,P2154,01/01/2023,3,completed
O506737,C100224,P2182,02/28/2023,5,completed
O506738,C101168,P2288,11/11/2023,1,completed
O506739,C101279,P2142,06/17/2023,1,completed
O506740,C101136,P2258,07/08/2023,4,completed
O506741,C101309,P2037,09/15/2023,4,completed
O506742,C100654,P2153,10/23/2023,2,cancelled
O506743,C101032,P2061,11/04/2023,5,completed
O506744,C100516,P2247,08/05/2023,5,completed
O506745,C101498,P2280,10/28/2023,3,completed
O506746,C101483,P2015,10/25/2023,2,completed
O506747,C100123,P2065,05/21/2023,5,completed
O506748,C101031,P2173,09/10/2023,5,returned
O506749,C100357,P2283,04/23/2023,5,returned
O506750,C101277,P2117,04/26/2023,3,completed
O506751,C100954,P2076,10/09/2023,1,completed
O506752,C101092,P2048,05/22/2023,1,completed
O506753,C100290,P2120,05/25/2023,4,completed
O506754,C101417,P2046,03/15/2023,2,completed
O506755,C101050,P2119,01/14/2023,1,completed
O506756,C101437,P2129,12/26/2023,3,completed
O506757,C100795,P2250,05/16/2023,3,completed
O506758,C100318,P2155,09/05/2023,1,completed
O506759,C100815,P2289,06/07/2023,1,completed
O506760,C101303,P2180,11/24/2023,2,completed
O506761,C100333,P2162,04/08/2023,2,completed
O506762,C101029,P2220,07/08/2023,4,completed
O506763,C101236,P2065,07/20/2023,4,completed
O506764,C100971,P2011,09/26/2023,5,completed
O506765,C100433,P2042,05/18/2023,2,completed
O506766,C101047,P2038,05/19/2023,3,completed
O506767,C100805,P2117,04/25/2023,2,completed
O506768,C100364,P2096,02/27/2023,2,completed
O506769,C101148,P2136,02/27/2023,1,completed
O506770,C100580,P2180,11/25/2023,5,completed
O506771,C101448,P2237,10/15/2023,2,cancelled
O506772,C100896,P2087,06/15/2023,3,completed
O506773,C101494,P2185,03/25/2023,5,completed
O506774,C100379,P2135,09/14/2023,2,completed
O506775,C100428,P2237,10/25/2023,3,completed
O506776,C100036,P2110,07/21/2023,4,completed
O506777,C100748,P2223,07/21/2023,3,completed
O506778,C100453,P2054,02/24/2023,5,completed
O506779,C101310,P2111,06/10/2023,1,completed
O506780,C100131,P2159,12/02/2023,3,completed
O506781,C100087,P2098,03/11/2023,4,completed
O506782,C100461,P2040,01/27/2023,3,cancelled
O506783,C100312,P2142,04/23/2023,5,cancelled
O506784,C100463,P2278,01/29/2023,2,completed
O506785,C100160,P2210,05/29/2023,3,completed
O506786,C100867,P2097,03/29/2023,4,completed
O506787,C101457,P2245,01/09/2023,1,completed
O506788,C101372,P2295,12/31/2023,1,completed
O506789,C101282,P2253,12/31/2023,4,completed
O506790,C100667,P2137,09/06/2023,3,completed
O506791,C101070,P2105,07/03/2023,3,completed
O506792,C100415,P2214,05/28/2023,3,completed
O506793,C100479,P2161,12/05/2023,5,completed
O506794,C101413,P2006,05/17/2023,3,completed
O506795,C100513,P2204,04/09/2023,1,completed
O506796,C100943,P2083,02/26/2023,5,completed
O506797,C100240,P2235,07/17/2023,5,completed
O506798,C100487,P2022,06/24/2023,1,completed
O506799,C100269,P2102,10/30/2023,2,cancelled
O506800,C100016,P2024,08/01/2023,1,completed
O506801,C100613,P2160,11/25/2023,3,completed
O506802,C101287,P2061,02/15/2023,5,cancelled
O506803,C100943,P2198,11/27/2023,5,completed
O506804,C100229,P2104,04/08/2023,1,returned
O506805,C100728,P2242,10/09/2023,2,completed
O506806,C101032,P2282,08/11/2023,2,completed
O506807,C101122,P2069,09/09/2023,5,completed
O506808,C101177,P2022,12/31/2023,1,completed
O506809,C100490,P2062,09/04/2023,2,completed
O506810,C100957,P2239,11/17/2023,3,completed
O506811,C100092,P2078,03/08/2023,1,completed
O506812,C100155,P2169,09/13/2023,5,completed
O506813,C101236,P2057,10/15/2023,5,completed
O506814,C100286,P2055,11/14/2023,4,completed
O506815,C100299,P2160,04/07/2023,3,completed
O506816,C100759,P2259,05/31/2023,4,completed
O506817,C100165,P2024,02/06/2023,1,completed
O506818,C101020,P2102,11/01/2023,5,completed
O506819,C100025,P2121,06/02/2023,2,completed
O506820,C100120,P2092,01/11/2023,3,completed
O506821,C101444,P2169,03/04/2023,5,completed
O506822,C100047,P2128,09/25/2023,4,completed
O506823,C101302,P2210,04/10/2023,2,completed
O506824,C100426,P2224,08/05/2023,5,completed
O506825,C100000,P2095,05/09/2023,2,completed
O506826,C101465,P2099,06/19/2023,4,completed
O506827,C101025,P2108,04/19/2023,2,completed
O506828,C100025,P2251,12/17/2023,1,returned
O506829,C100201,P2273,12/28/2023,2,completed
O506830,C101477,P2024,06/10/2023,2,returned
O506831,C101477,P2161,12/22/2023,4,completed
O506832,C100726,P2218,11/15/2023,4,returned
O506833,C101367,P2165,03/20/2023,3,completed
O506834,C100904,P2173,07/08/2023,3,completed
O506835,C100614,P2111,10/23/2023,3,completed
O506836,C101376,P2128,03/29/2023,4,completed
O506837,C100718,P2171,07/23/2023,4,completed
O506838,C101194,P2284,10/25/2023,1,completed
O506839,C101475,P2065,12/23/2023,2,completed
O506840,C100058,P2272,10/16/2023,5,completed
O506841,C100839,P2233,11/20/2023,2,completed
O506842,C100251,P2142,07/31/2023,4,cancelled
O506843,C100446,P2047,02/13/2023,4,completed
O506844,C101174,P2260,04/11/2023,1,completed
O506845,C101146,P2089,04/21/2023,1,completed
O506846,C100062,P2282,06/26/2023,2,completed
O506847,C101156,P2034,03/23/2023,5,completed
O506848,C100913,P2047,10/14/2023,4,completed
O506849,C100062,P2027,03/07/2023,4,completed
O506850,C101192,P2026,02/03/2023,1,completed
O506851,C100481,P2209,02/25/2023,3,completed
O506852,C101108,P2023,12/04/2023,4,completed
O506853,C101259,P2203,08/17/2023,5,completed
O506854,C100561,P2246,03/22/2023,5,completed
O506855,C100379,P2075,09/21/2023,5,cancelled
O506856,C100475,P2148,07/12/2023,2,completed
O506857,C100519,P2243,05/22/2023,1,completed
O506858,C101304,P2092,06/07/2023,1,completed
O506859,C100886,P2140,05/25/2023,4,completed
O506860,C101279,P2195,09/30/2023,2,completed
O506861,C101351,P2145,05/14/2023,4,cancelled
O506862,C101237,P2192,01/04/2023,2,completed
O506863,C100806,P2107,01/29/2023,2,completed
O506864,C100311,P2148,07/27/2023,3,completed
O506865,C100318,P2281,06/05/2023,4,completed
O506866,C100073,P2251,01/19/2023,5,completed
O506867,C100414,P2231,03/19/2023,4,completed
O506868,C100810,P2292,11/15/2023,1,returned
O506869,C100272,P2088,06/19/2023,1,returned
O506870,C100019,P2223,08/26/2023,3,completed
O506871,C100186,P2057,08/20/2023,3,completed
O506872,C101307,P2048,01/22/2023,1,completed
O506873,C100915,P2248,11/07/2023,3,completed
O506874,C101006,P2213,03/18/2023,4,completed
O506875,C101129,P2050,05/06/2023,2,completed
O506876,C100971,P2269,07/25/2023,2,cancelled
O506877,C100230,P2198,11/29/2023,3,completed
O506878,C101255,P2199,08/19/2023,2,completed
O506879,C100097,P2005,08/08/2023,3,completed
O506880,C100179,P2154,02/23/2023,5,completed
O506881,C100142,P2133,03/21/2023,3,cancelled
O506882,C101104,P2206,05/15/2023,5,completed
O506883,C100220,P2070,02/10/2023,4,completed
O506884,C101455,P2025,11/29/2023,4,cancelled
O506885,C101492,P2110,10/31/2023,1,completed
O506886,C101486,P2060,03/26/2023,3,completed
O506887,C100948,P2175,09/18/2023,4,returned
O506888,C100913,P2183,02/05/2023,5,returned
O506889,C101452,P2204,10/08/2023,2,completed
O506890,C100279,P2244,05/15/2023,3,completed
O506891,C100412,P2270,03/07/2023,1,completed
O506892,C100976,P2002,02/09/2023,1,completed
O506893,C101058,P2105,05/24/2023,4,completed
O506894,C101133,P2087,01/30/2023,5,completed
O506895,C100808,P2208,07/02/2023,4,completed
O506896,C100237,P2000,07/23/2023,5,completed
O506897,C100456,P2188,03/27/2023,2,cancelled
O506898,C100557,P2142,04/04/2023,2,returned
O506899,C101414,P2004,06/18/2023,1,completed
O506900,C100597,P2073,09/19/2023,5,completed
O506901,C100755,P2085,07/22/2023,1,completed
O506902,C100619,P2266,06/03/2023,2,completed
O506903,C100783,P2167,07/19/2023,2,completed
O506904,C100229,P2042,01/25/2023,1,completed
O506905,C101314,P2078,04/21/2023,4,cancelled
O506906,C101338,P2252,12/01/2023,1,completed
O506907,C100754,P2075,02/27/2023,2,completed
O506908,C100125,P2012,05/10/2023,1,completed
O506909,C100732,P2107,05/15/2023,1,completed
O506910,C100259,P2027,03/25/2023,2,completed
O506911,C101229,P2182,11/18/2023,2,cancelled
O506912,C101486,P2084,10/26/2023,5,cancelled
O506913,C101306,P2141,05/11/2023,1,completed
O506914,C100911,P2058,03/13/2023,3,completed
O506915,C101152,P2131,05/18/2023,1,completed
O506916,C100186,P2263,11/01/2023,1,completed
O506917,C100975,P2140,08/27/2023,2,completed
O506918,C100669,P2166,01/16/2023,4,returned
O506919,C101349,P2139,03/01/2023,4,returned
O506920,C101018,P2036,06/09/2023,4,returned
O506921,C100936,P2050,01/04/2023,1,completed
O506922,C100982,P2167,11/06/2023,1,completed
O506923,C100425,P2086,06/20/2023,1,completed
O506924,C100840,P2003,03/01/2023,3,cancelled
O506925,C100837,P2215,03/02/2023,5,completed
O506926,C100607,P2043,01/12/2023,2,completed
O506927,C100983,P2025,05/03/2023,4,completed
O506928,C100607,P2262,03/11/2023,1,completed
O506929,C100169,P2261,03/07/2023,4,completed
O506930,C100005,P2278,05/22/2023,3,returned
O506931,C100290,P2065,12/30/2023,5,completed
O506932,C100385,P2165,04/27/2023,2,completed
O506933,C101325,P2003,08/13/2023,1,completed
O506934,C100351,P2220,03/29/2023,5,completed
O506935,C100731,P2256,03/01/2023,3,completed
O506936,C100200,P2113,07/22/2023,2,completed
O506937,C100782,P2286,06/07/2023,1,completed
O506938,C100467,P2203,06/10/2023,2,returned
O506939,C100031,P2003,03/30/2023,2,completed
O506940,C100238,P2231,05/16/2023,2,completed
O506941,C101024,P2180,09/13/2023,1,completed
O506942,C101246,P2275,08/16/2023,4,completed
O506943,C100974,P2150,05/06/2023,5,completed
O506944,C101228,P2258,08/11/2023,3,completed
O506945,C100375,P2257,10/18/2023,3,completed
O506946,C100713,P2233,10/09/2023,4,completed
O506947,C101119,P2296,03/09/2023,1,completed
O506948,C100557,P2172,09/27/2023,5,completed
O506949,C100012,P2292,10/11/2023,5,completed
O506950,C101400,P2174,08/07/2023,3,cancelled
O506951,C100489,P2016,03/25/2023,4,completed
O506952,C101314,P2039,01/26/2023,3,completed
O506953,C100448,P2027,03/25/2023,5,completed
O506954,C100697,P2020,08/26/2023,4,completed
O506955,C101383,P2036,09/01/2023,4,cancelled
O506956,C100025,P2281,11/12/2023,3,completed
O506957,C100501,P2005,12/24/2023,4,completed
O506958,C100082,P2112,01/17/2023,1,completed
O506959,C100203,P2064,12/16/2023,2,completed
O506960,C100979,P2171,12/11/2023,3,completed
O506961,C100865,P2081,04/22/2023,1,returned
O506962,C100508,P2160,06/24/2023,3,completed
O506963,C100982,P2119,04/25/2023,3,completed
O506964,C101239,P2148,05/31/2023,1,returned
O506965,C101405,P2084,02/02/2023,4,completed
O506966,C100778,P2282,07/07/2023,3,completed
O506967,C101224,P2238,09/10/2023,3,completed
O506968,C101471,P2094,02/15/2023,1,returned
O506969,C100459,P2110,03/11/2023,5,completed
O506970,C100127,P2127,08/22/2023,4,completed
O506971,C100808,P2287,03/01/2023,1,returned
O506972,C101032,P2297,09/02/2023,2,completed
O506973,C101232,P2212,11/29/2023,1,completed
O506974,C100402,P2293,12/20/2023,1,cancelled
O506975,C100959,P2085,01/01/2023,5,completed
O506976,C101277,P2279,11/01/2023,1,completed
O506977,C100204,P2247,07/16/2023,3,cancelled
O506978,C101059,P2262,10/22/2023,3,completed
O506979,C100934,P2130,02/20/2023,2,completed
O506980,C101321,P2094,12/19/2023,4,completed
O506981,C100848,P2108,10/02/2023,5,completed
O506982,C100281,P2062,09/18/2023,5,returned
O506983,C101116,P2142,04/08/2023,5,completed
O506984,C100264,P2038,05/05/2023,4,completed
O506985,C100164,P2278,09/12/2023,5,completed
O506986,C100492,P2220,11/17/2023,1,completed
O506987,C100093,P2251,05/18/2023,3,returned
O506988,C100084,P2237,07/17/2023,5,returned
O506989,C100698,P2252,04/11/2023,5,cancelled
O506990,C101082,P2230,06/18/2023,4,completed
O506991,C101010,P2246,04/14/2023,2,completed
O506992,C101078,P2203,08/05/2023,4,returned
O506993,C100799,P2023,12/15/2023,5,completed
O506994,C100047,P2011,01/04/2023,1,completed
O506995,C101198,P2148,03/11/2023,3,completed
O506996,C100344,P2230,03/24/2023,3,returned
O506997,C100617,P2077,02/10/2023,1,completed
O506998,C100152,P2157,01/15/2023,2,returned
O506999,C100470,P2102,06/13/2023,4,completed
O507000,C101103,P2129,02/08/2023,2,completed
O507001,C101421,P2211,07/10/2023,4,completed
O507002,C100443,P2226,04/06/2023,5,cancelled
O507003,C101433,P2280,04/26/2023,3,completed
O507004,C100632,P2239,09/24/2023,3,completed
O507005,C101306,P9999,02/04/2023,1,completed
O507006,C100148,P2093,01/05/2023,3,completed
O507007,C100674,P2124,10/29/2023,1,completed
O507008,C101059,P2248,05/17/2023,2,completed
O507009,C101239,P2181,06/28/2023,3,completed
O507010,C101134,P2269,08/27/2023,1,returned
O507011,C100846,P2152,10/26/2023,4,completed
O507012,C101283,P2123,06/27/2023,4,returned
O507013,C100898,P2026,04/18/2023,5,cancelled
O507014,C101379,P2160,05/13/2023,2,completed
O507015,C101348,P2127,11/03/2023,3,completed
O507016,C101242,P2194,01/14/2023,1,returned
O507017,C100022,P2258,11/21/2023,1,completed
O507018,C101497,P2159,04/30/2023,4,completed
O507019,C100754,P2193,11/20/2023,3,completed
O507020,C101191,P2039,05/14/2023,2,cancelled
O507021,C100808,P2165,12/22/2023,5,completed
O507022,C100260,P2180,07/10/2023,4,completed
O507023,C100013,P2057,07/07/2023,4,completed
O507024,C101164,P2008,10/18/2023,5,completed
O507025,C101308,P2001,11/23/2023,3,completed
O507026,C100818,P2297,05/22/2023,5,completed
O507027,C101411,P2104,02/14/2023,4,completed
O507028,C100244,P2098,07/27/2023,2,completed
O507029,C100105,P2155,05/07/2023,4,completed
O507030,C101376,P2282,02/13/2023,3,completed
O507031,C101096,P2067,03/28/2023,1,completed
O507032,C100121,P2291,03/19/2023,3,completed
O507033,C101127,P2075,08/12/2023,2,completed
O507034,C100954,P2082,11/13/2023,5,completed
O507035,C100933,P2199,08/12/2023,1,completed
O507036,C100067,P2278,06/13/2023,1,completed
O507037,C101223,P2236,11/06/2023,2,completed
O507038,C101048,P2228,02/05/2023,3,completed
O507039,C100636,P2037,01/11/2023,1,completed
O507040,C100534,P2265,09/28/2023,1,completed
O507041,C100682,P2027,06/09/2023,4,cancelled
O507042,C101194,P2119,06/12/2023,4,completed
O507043,C100260,P2267,03/23/2023,5,completed
O507044,C100373,P2189,05/11/2023,3,completed
O507045,C100322,P2242,03/08/2023,1,completed
O507046,C101190,P2199,12/10/2023,1,completed
O507047,C101257,P2227,07/30/2023,1,completed
O507048,C100591,P2074,06/30/2023,1,completed
O507049,C100975,P2004,09/11/2023,4,completed
O507050,C101005,P2047,02/14/2023,3,returned
O507051,C101210,P2210,01/16/2023,4,completed
O507052,C100577,P2087,02/27/2023,5,returned
O507053,C100341,P2061,01/22/2023,5,completed
O507054,C101237,P2127,06/20/2023,2,cancelled
O507055,C100834,P2172,12/15/2023,2,completed
O507056,C101293,P2233,05/07/2023,3,completed
O507057,C100518,P2164,07/17/2023,4,completed
O507058,C100169,P2041,09/13/2023,4,completed
O507059,C101452,P2005,01/21/2023,5,completed
O507060,C101353,P2236,12/05/2023,3,completed
O507061,C100131,P2113,01/25/2023,3,completed
O507062,C100757,P2178,04/29/2023,2,completed
O507063,C100405,P2190,11/10/2023,5,completed
O507064,C100119,P2008,12/17/2023,5,completed
O507065,C100408,P2038,11/26/2023,2,returned
O507066,C101456,P2235,08/29/2023,5,completed
O507067,C100285,P2184,01/11/2023,2,completed
O507068,C101313,P2266,04/14/2023,3,completed
O507069,C101441,P2255,01/19/2023,4,returned
O507070,C101080,P2281,09/11/2023,4,completed
O507071,C100546,P2069,11/27/2023,2,completed
O507072,C100428,P2145,09/17/2023,1,completed
O507073,C101101,P2214,03/07/2023,1,returned
O507074,C101014,P2297,02/25/2023,2,returned
O507075,C100831,P2184,07/07/2023,4,completed
O507076,C100166,P2003,04/21/2023,4,completed
O507077,C100672,P2123,04/11/2023,1,completed
O507078,C100444,P2087,08/06/2023,1,completed
O507079,C100089,P2107,09/10/2023,3,completed
O507080,C101143,P2017,10/13/2023,3,completed
O507081,C100906,P2089,06/01/2023,3,completed
O507082,C100914,P2262,06/25/2023,2,returned
O507083,C100787,P2296,09/06/2023,1,completed
O507084,C100576,P2233,07/06/2023,3,completed
O507085,C100962,P2215,12/12/2023,2,completed
O507086,C100086,P2124,09/17/2023,5,completed
O507087,C100049,P2062,07/31/2023,4,returned
O507088,C100146,P2241,01/22/2023,1,completed
O507089,C101293,P2075,03/13/2023,2,completed
O507090,C100800,P2062,03/22/2023,1,completed
O507091,C100798,P2082,08/21/2023,5,completed
O507092,C100602,P2252,04/16/2023,1,completed
O507093,C100391,P2243,03/23/2023,1,completed
O507094,C101444,P2022,05/07/2023,3,completed
O507095,C101470,P2243,04/08/2023,1,completed
O507096,C100780,P2154,12/12/2023,4,completed
O507097,C101364,P2193,10/07/2023,2,completed
O507098,C101055,P2184,03/22/2023,2,completed
O507099,C100823,P2253,09/19/2023,3,completed
O507100,C101001,P2197,12/28/2023,1,completed
O507101,C100401,P2175,08/08/2023,1,cancelled
O507102,C100297,P2114,12/25/2023,5,completed
O507103,C100856,P2204,08/20/2023,5,completed
O507104,C101273,P2234,03/05/2023,2,completed
O507105,C100484,P2197,11/27/2023,4,completed
O507106,C100951,P2154,02/22/2023,3,completed
O507107,C101296,P2106,04/13/2023,1,completed
O507108,C101494,P2071,07/14/2023,3,completed
O507109,C100487,P2179,10/03/2023,2,completed
O507110,C100688,P2012,07/07/2023,5,completed
O507111,C100886,P2221,11/05/2023,3,completed
O507112,C100167,P2129,09/30/2023,2,completed
O507113,C101498,P2057,07/29/2023,5,completed
O507114,C101292,P2051,08/13/2023,2,completed
O507115,C100655,P2239,01/12/2023,4,completed
O507116,C100306,P2058,04/16/2023,5,completed
O507117,C100044,P2161,11/05/2023,3,completed
O507118,C101149,P2163,01/14/2023,3,returned
O507119,C101483,P2104,03/14/2023,1,completed
O507120,C101145,P2125,06/19/2023,1,completed
O507121,C100314,P2213,11/27/2023,5,cancelled
O507122,C101321,P9999,01/07/2023,5,completed
O507123,C100169,P2045,09/20/2023,4,returned
O507124,C100773,P2172,03/21/2023,3,completed
O507125,C100083,P2184,02/13/2023,1,completed
O507126,C100198,P2143,01/30/2023,5,completed
O507127,C100533,P2221,07/27/2023,3,completed
O507128,C100016,P2075,06/07/2023,3,returned
O507129,C100730,P2233,04/18/2023,2,completed
O507130,C101372,P2270,06/25/2023,3,completed
O507131,C100246,P2167,08/19/2023,3,completed
O507132,C100399,P2276,07/31/2023,2,returned
O507133,C101276,P2083,09/22/2023,1,completed
O507134,C100133,P2156,07/10/2023,3,completed
O507135,C101417,P2114,01/02/2023,2,completed
O507136,C100548,P2160,12/23/2023,5,completed
O507137,C100353,P2097,11/17/2023,3,completed
O507138,C100476,P2274,01/29/2023,1,completed
O507139,C100645,P2077,11/12/2023,1,completed
O507140,C100846,P2288,05/07/2023,1,completed
O507141,C100175,P2045,02/11/2023,1,completed
O507142,C100489,P2268,03/31/2023,4,completed
O507143,C101026,P2235,02/10/2023,4,completed
O507144,C100314,P2174,04/06/2023,5,completed
O507145,C100741,P2272,04/03/2023,4,completed
O507146,C100053,P2138,10/23/2023,4,completed
O507147,C100107,P2132,11/25/2023,1,completed
O507148,C100416,P2049,06/24/2023,2,completed
O507149,C100187,P2166,06/04/2023,4,completed
O507150,C100732,P2116,02/27/2023,1,completed
O507151,C100412,P2176,08/13/2023,5,completed
O507152,C100278,P2019,03/25/2023,5,completed
O507153,C100233,P2094,07/14/2023,5,completed
O507154,C101049,P2015,05/22/2023,1,completed
O507155,C100418,P2047,04/22/2023,1,completed
O507156,C101332,P2248,11/18/2023,3,completed
O507157,C101392,P2101,12/07/2023,2,completed
O507158,C100096,P2173,05/11/2023,2,returned
O507159,C100701,P2217,01/07/2023,3,completed
O507160,C101409,P2284,12/16/2023,3,completed
O507161,C100818,P2094,05/18/2023,1,completed
O507162,C100280,P2188,05/02/2023,2,completed
O507163,C101310,P2144,01/17/2023,2,completed
O507164,C100607,P2046,07/16/2023,4,completed
O507165,C100159,P2104,02/23/2023,2,completed
O507166,C100092,P2156,10/30/2023,2,completed
O507167,C100050,P2077,07/20/2023,5,completed
O507168,C101049,P2144,02/09/2023,3,completed
O507169,C100232,P2299,09/06/2023,4,completed
O507170,C101489,P2185,07/12/2023,5,cancelled
O507171,C101029,P2142,05/29/2023,5,completed
O507172,C100192,P2206,02/14/2023,1,returned
O507173,C101008,P2278,02/08/2023,3,cancelled
O507174,C100202,P2230,10/04/2023,5,completed
O507175,C100599,P2180,08/02/2023,1,completed
O507176,C100523,P2243,04/08/2023,4,returned
O507177,C101171,P2237,09/17/2023,2,completed
O507178,C101018,P2269,03/14/2023,2,completed
O507179,C100254,P2041,05/30/2023,1,completed
O507180,C100960,P2130,10/30/2023,4,completed
O507181,C101427,P2112,06/05/2023,1,completed
O507182,C100870,P2297,12/25/2023,1,returned
O507183,C100685,P2171,04/09/2023,5,completed
O507184,C100399,P2140,09/21/2023,3,cancelled
O507185,C100486,P2097,02/05/2023,4,completed
O507186,C100570,P2106,05/22/2023,4,completed
O507187,C101452,P2274,11/05/2023,1,completed
O507188,C100890,P2158,02/13/2023,2,completed
O507189,C100258,P2157,05/24/2023,3,completed
O507190,C100146,P2218,04/06/2023,4,completed
O507191,C101196,P2061,08/25/2023,4,completed
O507192,C100716,P2001,07/26/2023,4,returned
O507193,C101005,P2088,08/10/2023,3,completed
O507194,C100558,P2186,05/28/2023,2,completed
O507195,C101445,P2144,12/19/2023,1,completed
O507196,C100475,P2201,05/21/2023,3,completed
O507197,C100352,P2213,07/22/2023,4,completed
O507198,C100305,P2192,06/02/2023,2,returned
O507199,C100153,P2254,05/10/2023,4,completed
O507200,C100206,P2180,09/23/2023,3,completed
O507201,C100010,P2104,07/31/2023,5,completed
O507202,C100000,P2011,04/29/2023,3,completed
O507203,C100257,P2036,02/25/2023,2,completed
O507204,C100784,P2133,09/20/2023,5,cancelled
O507205,C100970,P2189,02/02/2023,4,completed
O507206,C101079,P2091,03/25/2023,5,completed
O507207,C101148,P2223,09/16/2023,5,returned
O507208,C100601,P2278,12/11/2023,5,completed
O507209,C101063,P2028,08/07/2023,1,completed
O507210,C100816,P2130,12/11/2023,2,completed
O507211,C100907,P2267,01/10/2023,3,completed
O507212,C100138,P2066,10/18/2023,2,completed
O507213,C101196,P2142,10/13/2023,1,completed
O507214,C100007,P2294,04/17/2023,3,completed
O507215,C100950,P2037,04/21/2023,3,completed
O507216,C100172,P2091,12/13/2023,3,completed
O507217,C101226,P2082,08/08/2023,5,completed
O507218,C101301,P2114,10/14/2023,4,cancelled
O507219,C100432,P2107,03/05/2023,3,completed
O507220,C100807,P2152,06/10/2023,2,completed
O507221,C101288,P2130,10/13/2023,4,completed
O507222,C101398,P2125,05/17/2023,3,completed
O507223,C101263,P2289,06/24/2023,3,completed
O507224,C100136,P2291,04/17/2023,5,completed
O507225,C100338,P2257,01/29/2023,1,completed
O507226,C100132,P2108,10/25/2023,1,returned
O507227,C100979,P2032,09/19/2023,1,completed
O507228,C101282,P2045,07/09/2023,3,completed
O507229,C101424,P2297,10/05/2023,5,completed
O507230,C100195,P2042,06/12/2023,3,completed
O507231,C100134,P2017,12/25/2023,5,completed
O507232,C100855,P2183,09/28/2023,2,completed
O507233,C100632,P2046,11/24/2023,5,completed
O507234,C101155,P2020,12/04/2023,5,completed
O507235,C100110,P2090,02/28/2023,2,completed
O507236,C101472,P2122,05/27/2023,2,completed
O507237,C100226,P2076,09/03/2023,5,completed
O507238,C101174,P2209,10/16/2023,4,completed
O507239,C100173,P2092,10/06/2023,5,completed
O507240,C101023,P2173,11/07/2023,2,completed
O507241,C100177,P2090,11/13/2023,5,completed
O507242,C100812,P2269,11/14/2023,3,completed
O507243,C100365,P2209,05/16/2023,1,completed
O507244,C100315,P2048,11/04/2023,1,completed
O507245,C100782,P2133,11/13/2023,1,completed
O507246,C100187,P2009,03/23/2023,5,completed
O507247,C100124,P2000,06/03/2023,2,completed
O507248,C100088,P2094,02/18/2023,1,completed
O507249,C100220,P2004,05/11/2023,5,completed
O507250,C101200,P2000,10/22/2023,5,cancelled
O507251,C101163,P2253,12/27/2023,3,cancelled
O507252,C101461,P2061,07/24/2023,2,completed
O507253,C101248,P2283,08/16/2023,2,returned
O507254,C100676,P2156,07/15/2023,1,completed
O507255,C101240,P2214,07/21/2023,4,completed
O507256,C100341,P2260,12/21/2023,5,completed
O507257,C100363,P2137,03/20/2023,4,completed
O507258,C100600,P2126,05/27/2023,5,completed
O507259,C100188,P2019,11/15/2023,2,completed
O507260,C101149,P2157,08/25/2023,5,completed
O507261,C101483,P2247,07/05/2023,3,completed
O507262,C100405,P2196,08/23/2023,3,returned
O507263,C100750,P2170,07/27/2023,3,completed
O507264,C100550,P2256,01/08/2023,4,completed
O507265,C101325,P2030,06/18/2023,2,completed
O507266,C100016,P2292,11/15/2023,5,completed
O507267,C100387,P2139,11/19/2023,5,completed
O507268,C100499,P2107,01/25/2023,3,completed
O507269,C100885,P2176,11/28/2023,4,completed
O507270,C100422,P9999,09/16/2023,3,completed
O507271,C101055,P2152,02/08/2023,5,returned
O507272,C100138,P2249,01/28/2023,4,returned
O507273,C100888,P2064,10/22/2023,3,completed
O507274,C100508,P2222,11/13/2023,4,completed
O507275,C101224,P2080,04/22/2023,4,completed
O507276,C101287,P2296,08/25/2023,5,completed
O507277,C100689,P2091,11/15/2023,2,cancelled
O507278,C101270,P2228,04/04/2023,1,completed
O507279,C101265,P2113,10/19/2023,5,completed
O507280,C100243,P2149,06/03/2023,4,cancelled
O507281,C100441,P2100,08/28/2023,3,completed
O507282,C100788,P2210,06/24/2023,3,completed
O507283,C100531,P2189,09/04/2023,4,completed
O507284,C100312,P2193,11/28/2023,5,cancelled
O507285,C100494,P2208,10/25/2023,3,completed
O507286,C100929,P2037,12/31/2023,3,completed
O507287,C100108,P2298,12/20/2023,3,completed
O507288,C100821,P2044,10/10/2023,5,completed
O507289,C101066,P2206,08/15/2023,4,completed
O507290,C100694,P2068,02/18/2023,2,completed
O507291,C101157,P2111,06/07/2023,4,completed
O507292,C101355,P2229,12/12/2023,3,completed
O507293,C101050,P2132,07/02/2023,1,completed
O507294,C100309,P2058,10/23/2023,3,completed
O507295,C101426,P2066,04/21/2023,2,completed
O507296,C101102,P2162,02/23/2023,1,completed
O507297,C100994,P2186,09/14/2023,2,returned
O507298,C100166,P2041,06/01/2023,1,returned
O507299,C100059,P2017,11/12/2023,5,completed
O507300,C100625,P2051,04/02/2023,2,completed
O507301,C100454,P2165,05/15/2023,2,returned
O507302,C100493,P2261,08/12/2023,4,completed
O507303,C100240,P2278,11/15/2023,2,completed
O507304,C101385,P2200,01/02/2023,2,cancelled
O507305,C100274,P2120,06/18/2023,1,returned
O507306,C101218,P2004,08/14/2023,3,completed
O507307,C100568,P2248,01/04/2023,1,completed
O507308,C100064,P2060,02/01/2023,3,completed
O507309,C101412,P2086,11/03/2023,5,returned
O507310,C100537,P2131,10/10/2023,3,completed
O507311,C101120,P2129,03/05/2023,3,completed
O507312,C100347,P2175,10/05/2023,3,completed
O507313,C100293,P2011,05/12/2023,3,completed
O507314,C101486,P2204,04/23/2023,3,completed
O507315,C100957,P2273,08/14/2023,5,completed
O507316,C100122,P2053,09/23/2023,1,returned
O507317,C100901,P2046,11/08/2023,4,returned
O507318,C100017,P2093,11/07/2023,1,completed
O507319,C100699,P2207,11/03/2023,5,returned
O507320,C100687,P2137,12/22/2023,1,completed
O507321,C101008,P2121,10/27/2023,5,completed
O507322,C100018,P2099,11/27/2023,1,completed
O507323,C100022,P2225,04/25/2023,4,completed
O507324,C100024,P2280,03/14/2023,5,completed
O507325,C100444,P2242,10/15/2023,2,completed
O507326,C100996,P2109,07/15/2023,2,completed
O507327,C100394,P2268,09/10/2023,4,completed
O507328,C100120,P2181,11/03/2023,1,cancelled
O507329,C101441,P2141,10/11/2023,2,cancelled
O507330,C100296,P2106,03/17/2023,1,cancelled
O507331,C100004,P2134,03/10/2023,2,returned
O507332,C100085,P2169,12/10/2023,4,completed
O507333,C101387,P2162,08/27/2023,5,completed
O507334,C101023,P2129,05/04/2023,4,completed
O507335,C100613,P2126,01/05/2023,2,completed
O507336,C101440,P2215,09/12/2023,3,completed
O507337,C101090,P2114,11/30/2023,4,completed
O507338,C100146,P2181,12/24/2023,3,completed
O507339,C100304,P2172,09/20/2023,3,completed
O507340,C100975,P2260,10/11/2023,5,completed
O507341,C100536,P2226,07/25/2023,5,completed
O507342,C100146,P2009,01/04/2023,5,completed
O507343,C101251,P2104,12/08/2023,4,completed
O507344,C100883,P2158,04/13/2023,5,returned
O507345,C101073,P2149,06/10/2023,3,completed
O507346,C100549,P2135,03/16/2023,1,cancelled
O507347,C100941,P2091,11/13/2023,4,completed
O507348,C101297,P2072,10/01/2023,2,completed
O507349,C101469,P2050,01/26/2023,2,completed
O507350,C101083,P2227,07/01/2023,4,completed
O507351,C100231,P2284,02/18/2023,3,completed
O507352,C100703,P2069,07/18/2023,2,completed
O507353,C100420,P2096,12/06/2023,4,completed
O507354,C100784,P2234,12/13/2023,4,returned
O507355,C100410,P2022,01/31/2023,2,completed
O507356,C100595,P2177,11/06/2023,2,completed
O507357,C100419,P2235,05/17/2023,4,returned
O507358,C101441,P2048,02/28/2023,5,completed
O507359,C100737,P2171,07/09/2023,1,completed
O507360,C100897,P2013,07/17/2023,4,returned
O507361,C101480,P2077,12/23/2023,4,completed
O507362,C101150,P2243,12/27/2023,3,completed
O507363,C100137,P2253,08/14/2023,3,completed
O507364,C101219,P2101,11/15/2023,5,completed
O507365,C101266,P2180,01/25/2023,5,completed
O507366,C101293,P2158,04/23/2023,3,returned
O507367,C100381,P2154,10/22/2023,4,cancelled
O507368,C100502,P2196,10/20/2023,2,completed
O507369,C101135,P2040,04/14/2023,3,completed
O507370,C101498,P2026,10/05/2023,2,returned
O507371,C101349,P2138,06/27/2023,2,completed
O507372,C100344,P2052,07/05/2023,4,cancelled
O507373,C101432,P2045,10/15/2023,5,completed
O507374,C101310,P2152,01/02/2023,3,completed
O507375,C100549,P2294,12/16/2023,3,completed
O507376,C100881,P2256,02/03/2023,2,completed
O507377,C100436,P2092,05/17/2023,3,cancelled
O507378,C101061,P2241,09/28/2023,1,completed
O507379,C101061,P2049,02/12/2023,3,completed
O507380,C101190,P2036,02/26/2023,5,completed
O507381,C100250,P2162,01/24/2023,4,completed
O507382,C100885,P2136,08/30/2023,3,completed
O507383,C100315,P2027,10/06/2023,1,completed
O507384,C101206,P2124,01/28/2023,5,completed
O507385,C100339,P2265,03/04/2023,4,cancelled
O507386,C101112,P2097,12/07/2023,5,completed
O507387,C101343,P2175,08/07/2023,1,completed
O507388,C101150,P2272,04/23/2023,3,completed
O507389,C100190,P2136,02/16/2023,2,completed
O507390,C100676,P2256,01/01/2023,2,cancelled
O507391,C101443,P2001,11/12/2023,3,completed
O507392,C100401,P2190,09/26/2023,5,completed
O507393,C100505,P2251,02/03/2023,4,completed
O507394,C100805,P2174,07/24/2023,5,completed
O507395,C101090,P2088,11/02/2023,1,completed
O507396,C100239,P2213,06/26/2023,2,returned
O507397,C101282,P2177,01/03/2023,5,completed
O507398,C100092,P2262,09/25/2023,5,completed
O507399,C101068,P2038,06/11/2023,4,returned
O507400,C100564,P2100,10/26/2023,4,completed
O507401,C101324,P2010,01/27/2023,5,completed
O507402,C100400,P2046,05/05/2023,3,completed
O507403,C100350,P2255,02/23/2023,1,completed
O507404,C100966,P2228,03/11/2023,5,completed
O507405,C100493,P2017,02/02/2023,5,completed
O507406,C100148,P2139,07/28/2023,2,completed
O507407,C100768,P2020,08/24/2023,2,completed
O507408,C101379,P2178,01/23/2023,1,completed
O507409,C100616,P2283,06/18/2023,5,completed
O507410,C101440,P2117,10/31/2023,5,completed
O507411,C101261,P2243,04/14/2023,3,completed
O507412,C101405,P2197,01/26/2023,3,completed
O507413,C100387,P2113,01/06/2023,5,returned
O507414,C100001,P2042,07/16/2023,3,returned
O507415,C100481,P2288,10/10/2023,2,completed
O507416,C101358,P2030,05/25/2023,2,returned
O507417,C100603,P2194,09/04/2023,4,returned
O507418,C100515,P2144,05/17/2023,4,completed
O507419,C101282,P2226,08/26/2023,1,completed
O507420,C100471,P2275,03/15/2023,2,cancelled
O507421,C101244,P2036,01/20/2023,3,returned
O507422,C101498,P2225,09/03/2023,4,completed
O507423,C100010,P2163,12/26/2023,5,completed
O507424,C100698,P2080,07/20/2023,1,completed
O507425,C101446,P2060,06/18/2023,5,completed
O507426,C100498,P2081,11/15/2023,3,completed
O507427,C101228,P2034,10/02/2023,5,returned
O507428,C100658,P2021,06/16/2023,3,completed
O507429,C101068,P2059,07/19/2023,1,completed
O507430,C100272,P2151,08/26/2023,3,completed
O507431,C100947,P2154,04/08/2023,1,completed
O507432,C100301,P2288,01/08/2023,5,cancelled
O507433,C100696,P2108,09/19/2023,4,completed
O507434,C101050,P2178,07/07/2023,1,completed
O507435,C100022,P2222,01/02/2023,1,returned
O507436,C101492,P2002,01/23/2023,4,returned
O507437,C100677,P2153,04/13/2023,2,completed
O507438,C101099,P2157,07/02/2023,3,completed
O507439,C100676,P2152,07/07/2023,1,completed
O507440,C100311,P2042,09/28/2023,4,completed
O507441,C100336,P2037,05/06/2023,3,completed
O507442,C100932,P2096,06/13/2023,1,completed
O507443,C100681,P2056,09/12/2023,5,completed
O507444,C100809,P2100,10/31/2023,1,completed
O507445,C101066,P2275,08/27/2023,1,cancelled
O507446,C100762,P2263,12/02/2023,5,completed
O507447,C100638,P2000,10/12/2023,5,returned
O507448,C101215,P2108,07/25/2023,4,completed
O507449,C101415,P2210,08/26/2023,1,completed
O507450,C100327,P2199,03/05/2023,1,completed
O507451,C101461,P2280,08/22/2023,3,completed
O507452,C100267,P2252,06/07/2023,1,completed
O507453,C100451,P2254,08/29/2023,2,returned
O507454,C100933,P2202,05/02/2023,4,completed
O507455,C100778,P2229,01/03/2023,1,completed
O507456,C101254,P2050,02/19/2023,2,completed
O507457,C100007,P2210,04/08/2023,1,completed
O507458,C101016,P2164,05/21/2023,2,completed
O507459,C100161,P2181,07/15/2023,2,completed
O507460,C101287,P2039,01/01/2023,4,returned
O507461,C100501,P2094,02/19/2023,1,completed
O507462,C100219,P2113,05/15/2023,3,returned
O507463,C100877,P2035,02/04/2023,3,completed
O507464,C101474,P2167,07/06/2023,2,completed
O507465,C100544,P2048,07/05/2023,1,cancelled
O507466,C100352,P2061,11/09/2023,3,completed
O507467,C101190,P2077,12/17/2023,1,completed
O507468,C100548,P2236,08/14/2023,3,completed
O507469,C101164,P2132,05/22/2023,1,completed
O507470,C100789,P2282,11/15/2023,2,completed
O507471,C100582,P2012,05/28/2023,3,completed
O507472,C100351,P2180,04/09/2023,3,completed
O507473,C100275,P2296,08/20/2023,1,completed
O507474,C100767,P2052,03/25/2023,3,completed
O507475,C101475,P2282,08/04/2023,3,completed
O507476,C100560,P2122,07/03/2023,3,completed
O507477,C100582,P2217,06/07/2023,4,completed
O507478,C101216,P2040,11/02/2023,2,completed
O507479,C100494,P2029,12/17/2023,5,completed
O507480,C100822,P2083,08/03/2023,4,completed
O507481,C101000,P2184,01/02/2023,4,completed
O507482,C100714,P2254,09/08/2023,5,completed
O507483,C100711,P2093,12/02/2023,5,returned
O507484,C100072,P2200,03/10/2023,3,completed
O507485,C100739,P2136,06/21/2023,2,cancelled
O507486,C101396,P2047,10/13/2023,2,completed
O507487,C100210,P2061,06/22/2023,5,completed
O507488,C100693,P2186,01/15/2023,5,returned
O507489,C100643,P2084,05/25/2023,3,cancelled
O507490,C100451,P2247,12/09/2023,2,returned
O507491,C100723,P2182,06/20/2023,5,completed
O507492,C100156,P2076,08/04/2023,1,completed
O507493,C101187,P2215,03/11/2023,5,completed
O507494,C100034,P2013,04/27/2023,3,completed
O507495,C101105,P2222,12/14/2023,2,completed
O507496,C101229,P2094,07/30/2023,1,completed
O507497,C100649,P2278,01/23/2023,5,completed
O507498,C100454,P2298,02/27/2023,5,completed
O507499,C100649,P2219,10/01/2023,4,cancelled
O507500,C100591,P2005,05/15/2023,3,completed
O507501,C101235,P2146,04/24/2023,1,completed
O507502,C100995,P2178,06/06/2023,2,completed
O507503,C100647,P2283,03/25/2023,1,completed
O507504,C100588,P2111,06/22/2023,5,completed
O507505,C101349,P2292,11/09/2023,1,completed
O507506,C100447,P2289,04/12/2023,4,completed
O507507,C100990,P2240,01/24/2023,3,completed
O507508,C101267,P2044,08/20/2023,2,completed
O507509,C100086,P2229,02/24/2023,2,cancelled
O507510,C101245,P2197,05/04/2023,4,returned
O507511,C101327,P2168,03/14/2023,5,completed
O507512,C101378,P2255,09/10/2023,4,completed
O507513,C100412,P2278,05/10/2023,3,completed
O507514,C100310,P2179,07/14/2023,1,completed
O507515,C101251,P2018,05/06/2023,5,cancelled
O507516,C100050,P2176,06/27/2023,4,completed
O507517,C100993,P2218,09/04/2023,3,completed
O507518,C100345,P2180,12/25/2023,1,completed
O507519,C101273,P2158,06/11/2023,5,completed
O507520,C100851,P2094,02/07/2023,4,completed
O507521,C101197,P2149,07/30/2023,3,completed
O507522,C101333,P2058,04/07/2023,1,completed
O507523,C100523,P2050,11/11/2023,5,returned
O507524,C100093,P2013,02/19/2023,4,completed
O507525,C100709,P2147,10/06/2023,1,completed
O507526,C100809,P2028,06/16/2023,5,completed
O507527,C101394,P2033,05/29/2023,3,completed
O507528,C101158,P2189,11/25/2023,1,completed
O507529,C101197,P2042,07/23/2023,5,completed
O507530,C101026,P2262,05/18/2023,4,completed
O507531,C100447,P2275,05/15/2023,3,completed
O507532,C100787,P2171,09/01/2023,2,completed
O507533,C100294,P2136,11/18/2023,5,completed
O507534,C101042,P2133,03/06/2023,4,completed
O507535,C101354,P2045,08/22/2023,4,completed
O507536,C101090,P2251,01/26/2023,1,completed
O507537,C100618,P2238,12/06/2023,1,completed
O507538,C100659,P2151,12/21/2023,1,returned
O507539,C100413,P2226,08/27/2023,5,completed
O507540,C101440,P2076,05/11/2023,5,completed
O507541,C100344,P2013,09/12/2023,2,completed
O507542,C100135,P2107,02/23/2023,4,completed
O507543,C100892,P2182,11/10/2023,4,completed
O507544,C100634,P2151,01/22/2023,4,completed
O507545,C100367,P2046,10/23/2023,2,returned
O507546,C100788,P2271,09/17/2023,2,completed
O507547,C100798,P2190,08/24/2023,4,completed
O507548,C100919,P2204,08/19/2023,4,returned
O507549,C100880,P2216,04/18/2023,1,completed
O507550,C100240,P2172,07/14/2023,1,cancelled
O507551,C100487,P2116,08/16/2023,5,completed
O507552,C101341,P2101,02/17/2023,4,completed
O507553,C100910,P2157,09/19/2023,3,completed
O507554,C100839,P2258,08/03/2023,4,completed
O507555,C100244,P2067,08/28/2023,2,completed
O507556,C100088,P2236,10/11/2023,5,completed
O507557,C100049,P2080,05/23/2023,2,completed
O507558,C101086,P2230,05/04/2023,3,completed
O507559,C101473,P2011,04/16/2023,1,returned
O507560,C101331,P2119,12/15/2023,3,completed
O507561,C100368,P2016,11/21/2023,3,returned
O507562,C100131,P2132,09/24/2023,1,completed
O507563,C101080,P2076,02/07/2023,3,completed
O507564,C101056,P2074,02/20/2023,5,completed
O507565,C101154,P2065,04/09/2023,4,cancelled
O507566,C100821,P2138,01/04/2023,4,completed
O507567,C101417,P2242,03/25/2023,1,completed
O507568,C101002,P2109,06/06/2023,2,returned
O507569,C100336,P2237,12/23/2023,5,returned
O507570,C101133,P2259,02/24/2023,1,completed
O507571,C100548,P2263,03/02/2023,5,completed
O507572,C100498,P2136,10/15/2023,1,completed
O507573,C101053,P2002,06/28/2023,3,cancelled
O507574,C100902,P2218,11/24/2023,4,completed
O507575,C100022,P2169,12/25/2023,2,completed
O507576,C100748,P2129,01/03/2023,2,completed
O507577,C100745,P2183,06/13/2023,3,completed
O507578,C101011,P2106,11/11/2023,5,completed
O507579,C100596,P2060,02/15/2023,3,completed
O507580,C100218,P2022,08/27/2023,2,completed
O507581,C100573,P2287,05/11/2023,5,completed
O507582,C100455,P2033,01/14/2023,5,returned
O507583,C101323,P2054,11/29/2023,3,completed
O507584,C101434,P2024,05/04/2023,4,completed
O507585,C101020,P2062,08/13/2023,3,completed
O507586,C100869,P2118,03/29/2023,5,completed
O507587,C100628,P2159,11/09/2023,2,completed
O507588,C100857,P2061,01/09/2023,2,completed
O507589,C100966,P2280,02/12/2023,5,completed
O507590,C100354,P2075,08/07/2023,1,completed
O507591,C101445,P2225,01/22/2023,1,completed
O507592,C100865,P2095,06/25/2023,2,completed
O507593,C100129,P2143,08/08/2023,1,completed
O507594,C100722,P2146,03/07/2023,3,completed
O507595,C100833,P2238,11/30/2023,4,completed
O507596,C101499,P2141,05/13/2023,2,cancelled
O507597,C100896,P2091,12/23/2023,5,completed
O507598,C101414,P2046,09/08/2023,4,completed
O507599,C100976,P2036,03/08/2023,1,completed
O507600,C100082,P2265,04/17/2023,2,returned
O507601,C100403,P2069,04/29/2023,2,completed
O507602,C100972,P2117,12/30/2023,3,returned
O507603,C100115,P2142,08/28/2023,3,completed
O507604,C101022,P2041,12/16/2023,5,completed
O507605,C101498,P2273,01/24/2023,4,completed
O507606,C101117,P2051,11/07/2023,3,completed
O507607,C100873,P2093,10/04/2023,2,returned
O507608,C101019,P2012,12/01/2023,1,completed
O507609,C100618,P2119,05/29/2023,5,returned
O507610,C101158,P2089,03/02/2023,4,completed
O507611,C100693,P2162,01/29/2023,2,returned
O507612,C100091,P2133,12/01/2023,1,completed
O507613,C101463,P2127,09/29/2023,3,completed
O507614,C100620,P2059,07/31/2023,2,completed
O507615,C100360,P2071,06/25/2023,3,cancelled
O507616,C100540,P2270,10/03/2023,2,cancelled
O507617,C100345,P2131,10/09/2023,5,completed
O507618,C101175,P2216,08/02/2023,3,completed
O507619,C101052,P2164,05/24/2023,5,returned
O507620,C100930,P2285,10/12/2023,3,completed
O507621,C100010,P2096,09/30/2023,3,completed
O507622,C100586,P2103,01/27/2023,1,completed
O507623,C100511,P2200,04/30/2023,3,completed
O507624,C101262,P2071,09/17/2023,5,completed
O507625,C100554,P2075,09/04/2023,1,cancelled
O507626,C100298,P2041,04/20/2023,3,completed
O507627,C101148,P2107,04/23/2023,2,completed
O507628,C100429,P2164,12/16/2023,1,completed
O507629,C101172,P2254,03/08/2023,3,completed
O507630,C100475,P2108,09/22/2023,3,completed
O507631,C100480,P2161,04/28/2023,5,completed
O507632,C100195,P2226,11/21/2023,5,cancelled
O507633,C100696,P2029,01/07/2023,2,completed
O507634,C101244,P2000,05/23/2023,5,completed
O507635,C101092,P2086,01/29/2023,3,completed
O507636,C101363,P2117,01/28/2023,1,completed
O507637,C100825,P2086,07/28/2023,2,completed
O507638,C100419,P2170,09/26/2023,4,completed
O507639,C101022,P2144,03/10/2023,1,completed
O507640,C101024,P2163,11/06/2023,3,completed
O507641,C101391,P2039,02/21/2023,2,returned
O507642,C101493,P2001,05/29/2023,5,completed
O507643,C101430,P2008,01/14/2023,1,returned
O507644,C100845,P2164,06/11/2023,3,returned
O507645,C101454,P2271,05/12/2023,1,completed
O507646,C100926,P2116,07/01/2023,1,completed
O507647,C101179,P2198,05/24/2023,2,completed
O507648,C101157,P2221,01/25/2023,2,completed
O507649,C100289,P2125,03/19/2023,5,completed
O507650,C101141,P2171,02/12/2023,1,completed
O507651,C100346,P2249,04/08/2023,5,completed
O507652,C101380,P2149,04/17/2023,5,completed
O507653,C100617,P2134,11/24/2023,2,completed
O507654,C100907,P2183,11/15/2023,2,completed
O507655,C100809,P2071,05/19/2023,4,completed
O507656,C100261,P2012,02/24/2023,2,completed
O507657,C101273,P2197,03/17/2023,4,completed
O507658,C101470,P2049,12/23/2023,3,completed
O507659,C100416,P2032,07/09/2023,4,completed
O507660,C101094,P2003,06/29/2023,4,completed
O507661,C100559,P2012,10/13/2023,5,completed
O507662,C101013,P2173,03/27/2023,2,completed
O507663,C100696,P2086,03/25/2023,1,completed
O507664,C100324,P2118,03/19/2023,2,returned
O507665,C101424,P2091,07/02/2023,5,completed
O507666,C100489,P2197,07/06/2023,4,completed
O507667,C101085,P2120,02/13/2023,5,completed
O507668,C100579,P2105,07/21/2023,3,completed
O507669,C101118,P2256,12/09/2023,4,completed
O507670,C100853,P2230,03/09/2023,1,completed
O507671,C101392,P2286,01/28/2023,4,completed
O507672,C100218,P2073,09/03/2023,5,completed
O507673,C100761,P2124,08/30/2023,3,completed
O507674,C100528,P2283,07/16/2023,3,completed
O507675,C101122,P2068,11/14/2023,2,cancelled
O507676,C100724,P2239,08/24/2023,5,cancelled
O507677,C100502,P2173,03/30/2023,2,completed
O507678,C101125,P2029,06/26/2023,1,completed
O507679,C100458,P2008,07/30/2023,2,completed
O507680,C101185,P2065,01/23/2023,3,completed
O507681,C100305,P2073,02/11/2023,5,returned
O507682,C101422,P2044,07/02/2023,2,cancelled
O507683,C101475,P2285,11/08/2023,3,completed
O507684,C101315,P2025,05/08/2023,1,completed
O507685,C101018,P2252,10/22/2023,5,cancelled
O507686,C100913,P2148,02/01/2023,1,completed
O507687,C100035,P2293,06/08/2023,1,returned
O507688,C101450,P2162,04/18/2023,4,returned
O507689,C100734,P2024,05/15/2023,3,completed
O507690,C100038,P2168,11/06/2023,1,completed
O507691,C100418,P2213,11/01/2023,4,cancelled
O507692,C101044,P2002,06/07/2023,3,cancelled
O507693,C101205,P2023,05/02/2023,4,completed
O507694,C100468,P2277,12/02/2023,2,completed
O507695,C100702,P2257,02/10/2023,2,returned
O507696,C101281,P2089,07/05/2023,3,completed
O507697,C101177,P2250,07/17/2023,1,completed
O507698,C100725,P2062,07/13/2023,4,completed
O507699,C100065,P2208,10/09/2023,1,completed
O507700,C101442,P2286,05/07/2023,2,completed
O507701,C100787,P2294,06/23/2023,2,completed
O507702,C100843,P2153,12/11/2023,2,completed
O507703,C100020,P2119,02/27/2023,5,completed
O507704,C101462,P2106,06/13/2023,5,completed
O507705,C100621,P2215,10/28/2023,2,completed
O507706,C100165,P2050,11/14/2023,2,completed
O507707,C100906,P2142,04/27/2023,2,completed
O507708,C100207,P2029,06/19/2023,4,returned
O507709,C100753,P2259,12/21/2023,4,completed
O507710,C100555,P2203,01/02/2023,4,completed
O507711,C100968,P2155,01/13/2023,1,completed
O507712,C100404,P2038,05/05/2023,2,completed
O507713,C101264,P2248,01/12/2023,3,completed
O507714,C100173,P2292,04/29/2023,2,completed
O507715,C100697,P2003,12/03/2023,4,completed
O507716,C100515,P2052,03/17/2023,4,completed
O507717,C100045,P2135,08/01/2023,1,returned
O507718,C100788,P2088,08/08/2023,5,completed
O507719,C100031,P2098,07/11/2023,1,completed
O507720,C100458,P2036,02/03/2023,4,completed
O507721,C100819,P2065,07/07/2023,5,completed
O507722,C100177,P2122,10/30/2023,3,completed
O507723,C100913,P2272,06/25/2023,3,completed
O507724,C101171,P2161,09/04/2023,1,completed
O507725,C100538,P2166,12/15/2023,1,completed
O507726,C100780,P2264,08/06/2023,3,completed
O507727,C100400,P2106,05/11/2023,5,completed
O507728,C100657,P2096,05/01/2023,2,completed
O507729,C100752,P2113,03/18/2023,1,cancelled
O507730,C100293,P2127,11/19/2023,5,completed
O507731,C101049,P2044,02/07/2023,1,returned
O507732,C100156,P2067,10/21/2023,5,completed
O507733,C101032,P2086,03/09/2023,1,cancelled
O507734,C101471,P2003,05/17/2023,2,completed
O507735,C100714,P2125,06/14/2023,5,completed
O507736,C100571,P2043,04/12/2023,4,completed
O507737,C101432,P2171,03/28/2023,1,completed
O507738,C100398,P2233,09/02/2023,1,completed
O507739,C100637,P2231,10/04/2023,2,completed
O507740,C101486,P2194,09/19/2023,5,completed
O507741,C100218,P2197,07/03/2023,1,completed
O507742,C100116,P2106,11/21/2023,3,completed
O507743,C100250,P2010,01/21/2023,5,cancelled
O507744,C100420,P2131,10/19/2023,5,completed
O507745,C101067,P2212,02/22/2023,3,completed
O507746,C100175,P2153,05/11/2023,4,completed
O507747,C100090,P2204,08/01/2023,5,completed
O507748,C101301,P2244,07/29/2023,4,completed
O507749,C100531,P2084,02/08/2023,1,cancelled
O507750,C100626,P2133,04/19/2023,1,completed
O507751,C101446,P2073,10/29/2023,5,returned
O507752,C100882,P2200,12/28/2023,1,completed
O507753,C100694,P2039,04/18/2023,1,completed
O507754,C100800,P2242,01/19/2023,4,completed
O507755,C100188,P2241,11/08/2023,1,completed
O507756,C101086,P2288,10/24/2023,4,completed
O507757,C100821,P2196,04/23/2023,3,completed
O507758,C100320,P2144,08/31/2023,1,completed
O507759,C101004,P2023,12/27/2023,4,completed
O507760,C100935,P2289,06/11/2023,2,completed
O507761,C101482,P2055,06/28/2023,3,completed
O507762,C101291,P2088,01/09/2023,1,completed
O507763,C100868,P2164,10/30/2023,2,completed
O507764,C100639,P2200,01/20/2023,5,completed
O507765,C100270,P2281,10/16/2023,5,completed
O507766,C101024,P2178,01/07/2023,2,completed
O507767,C100752,P2151,09/15/2023,5,completed
O507768,C100223,P2155,02/21/2023,4,returned
O507769,C101441,P2268,10/20/2023,1,completed
O507770,C100266,P2270,02/09/2023,5,completed
O507771,C100277,P2062,05/04/2023,5,completed
O507772,C100446,P2055,05/09/2023,4,returned
O507773,C100925,P2298,03/08/2023,4,cancelled
O507774,C100934,P2224,09/13/2023,3,completed
O507775,C100045,P2109,11/25/2023,1,completed
O507776,C101102,P2091,01/18/2023,2,cancelled
O507777,C100826,P2169,01/24/2023,1,completed
O507778,C100905,P2034,03/03/2023,3,completed
O507779,C100959,P2175,09/20/2023,2,completed
O507780,C100946,P2097,10/10/2023,3,completed
O507781,C100000,P2172,09/27/2023,1,completed
O507782,C100090,P2035,08/13/2023,1,completed
O507783,C100030,P2045,12/28/2023,2,completed
O507784,C100387,P2153,07/17/2023,5,returned
O507785,C101300,P2094,12/21/2023,3,completed
O507786,C100603,P2192,08/25/2023,5,completed
O507787,C100912,P2095,12/17/2023,4,cancelled
O507788,C100177,P2031,10/12/2023,2,completed
O507789,C101040,P2088,04/02/2023,1,completed
O507790,C100373,P2151,08/26/2023,3,cancelled
O507791,C101470,P2089,04/04/2023,5,completed
O507792,C100331,P2088,04/21/2023,4,cancelled
O507793,C100902,P2107,04/07/2023,5,completed
O507794,C101455,P2176,09/09/2023,5,completed
O507795,C100323,P2199,08/23/2023,1,completed
O507796,C100352,P2020,12/31/2023,3,completed
O507797,C100203,P2099,09/26/2023,4,returned
O507798,C101115,P2163,07/09/2023,2,cancelled
O507799,C101087,P2232,09/23/2023,3,cancelled
O507800,C100069,P2020,04/14/2023,5,cancelled
O507801,C100711,P2143,05/29/2023,2,completed
O507802,C100322,P2192,02/12/2023,3,completed
O507803,C100737,P2173,11/03/2023,1,cancelled
O507804,C101134,P2178,02/02/2023,1,completed
O507805,C100909,P2298,06/09/2023,2,completed
O507806,C101340,P2068,05/06/2023,1,completed
O507807,C100403,P2130,02/18/2023,1,completed
O507808,C100494,P2006,09/08/2023,2,completed
O507809,C100302,P2269,04/21/2023,3,completed
O507810,C100210,P2150,07/14/2023,5,completed
O507811,C101029,P2138,08/01/2023,4,completed
O507812,C100258,P2203,12/13/2023,5,completed
O507813,C100918,P2255,08/28/2023,2,completed
O507814,C101209,P2122,08/22/2023,1,cancelled
O507815,C101033,P2036,09/11/2023,1,returned
O507816,C101227,P2150,10/12/2023,2,completed
O507817,C101080,P2182,12/16/2023,2,returned
O507818,C100497,P2016,03/26/2023,2,completed
O507819,C101471,P2261,01/19/2023,1,completed
O507820,C100880,P2174,09/16/2023,5,completed
O507821,C100800,P2111,01/28/2023,1,completed
O507822,C100239,P2231,09/06/2023,5,completed
O507823,C100016,P2223,05/15/2023,4,completed
O507824,C100901,P2203,04/01/2023,5,completed
O507825,C101051,P2028,01/10/2023,5,completed
O507826,C100425,P2215,10/21/2023,5,completed
O507827,C100916,P2197,04/15/2023,5,completed
O507828,C100835,P2226,01/26/2023,5,completed
O507829,C100313,P2298,04/04/2023,4,completed
O507830,C100648,P2212,11/27/2023,3,completed
O507831,C100670,P2175,03/28/2023,3,completed
O507832,C100565,P2147,12/16/2023,4,completed
O507833,C100813,P2279,06/22/2023,2,completed
O507834,C101419,P2150,02/09/2023,3,completed
O507835,C100069,P2247,06/25/2023,5,completed
O507836,C100357,P2042,03/19/2023,5,completed
O507837,C100851,P2151,11/30/2023,1,completed
O507838,C100167,P2209,06/26/2023,2,completed
O507839,C101300,P2228,09/23/2023,2,cancelled
O507840,C100360,P2144,09/09/2023,4,completed
O507841,C101427,P2073,04/04/2023,3,completed
O507842,C101014,P2278,03/21/2023,1,completed
O507843,C101190,P2141,08/10/2023,3,completed
O507844,C100139,P2140,11/13/2023,5,completed
O507845,C101384,P2279,10/08/2023,5,completed
O507846,C100849,P2248,05/17/2023,3,completed
O507847,C100385,P2066,12/08/2023,2,cancelled
O507848,C101047,P2213,10/12/2023,2,completed
O507849,C101441,P2065,12/23/2023,1,completed
O507850,C100267,P2230,11/21/2023,2,completed
O507851,C100197,P2075,08/01/2023,1,completed
O507852,C100012,P2063,08/26/2023,5,completed
O507853,C100111,P2057,08/25/2023,2,returned
O507854,C100502,P2006,06/17/2023,3,completed
O507855,C100569,P2295,05/06/2023,3,completed
O507856,C100351,P2136,09/05/2023,4,completed
O507857,C101116,P2149,01/18/2023,3,completed
O507858,C100312,P2190,08/13/2023,1,completed
O507859,C100745,P2042,07/24/2023,4,completed
O507860,C100357,P2219,11/13/2023,3,completed
O507861,C100051,P2246,12/07/2023,1,completed
O507862,C100953,P2251,09/06/2023,4,completed
O507863,C101412,P2078,03/31/2023,5,completed
O507864,C100535,P2156,08/18/2023,1,cancelled
O507865,C101041,P2078,08/22/2023,5,completed
O507866,C101365,P2250,02/14/2023,2,cancelled
O507867,C100043,P2089,03/15/2023,5,completed
O507868,C100976,P2238,12/03/2023,1,completed
O507869,C101012,P2126,05/29/2023,5,completed
O507870,C101187,P2175,01/11/2023,5,completed
O507871,C101350,P2287,07/08/2023,2,completed
O507872,C101041,P2031,06/24/2023,5,completed
O507873,C101391,P2250,09/23/2023,5,completed
O507874,C100577,P2070,04/21/2023,4,returned
O507875,C100018,P2081,06/15/2023,4,completed
O507876,C101310,P2245,07/27/2023,5,completed
O507877,C101344,P2104,01/12/2023,4,cancelled
O507878,C100873,P2005,10/08/2023,3,completed
O507879,C100176,P2095,01/17/2023,4,completed
O507880,C100022,P2070,09/22/2023,1,completed
O507881,C100488,P2252,05/11/2023,1,cancelled
O507882,C100089,P2061,06/03/2023,1,completed
O507883,C101248,P2248,11/14/2023,1,completed
O507884,C101026,P2231,06/24/2023,5,completed
O507885,C100999,P2146,03/15/2023,2,completed
O507886,C100655,P2153,10/27/2023,3,completed
O507887,C100844,P2032,12/11/2023,4,completed
O507888,C100495,P2250,05/29/2023,3,completed
O507889,C100745,P2058,01/06/2023,3,completed
O507890,C100712,P2239,07/10/2023,1,cancelled
O507891,C100716,P2026,03/22/2023,3,completed
O507892,C101473,P2179,02/03/2023,2,completed
O507893,C101461,P2058,11/03/2023,3,completed
O507894,C100342,P2255,08/28/2023,3,completed
O507895,C100646,P2243,09/21/2023,4,completed
O507896,C101326,P2267,03/09/2023,1,completed
O507897,C100353,P2136,10/06/2023,2,cancelled
O507898,C100408,P2104,10/05/2023,5,completed
O507899,C100591,P2259,08/13/2023,1,completed
O507900,C100629,P2239,07/30/2023,3,completed
O507901,C101472,P2077,09/08/2023,2,completed
O507902,C101352,P2024,06/11/2023,3,completed
O507903,C101325,P2199,11/29/2023,1,completed
O507904,C100759,P2051,05/09/2023,1,completed
O507905,C100334,P2185,12/12/2023,4,completed
O507906,C100053,P2210,04/12/2023,5,completed
O507907,C100884,P2168,03/19/2023,2,cancelled
O507908,C100877,P2055,02/17/2023,5,completed
O507909,C100746,P2290,01/03/2023,5,completed
O507910,C100334,P2221,01/14/2023,5,completed
O507911,C100821,P2191,02/07/2023,5,completed
O507912,C100312,P2196,04/19/2023,1,completed
O507913,C100416,P2142,03/30/2023,4,cancelled
O507914,C101207,P2225,06/15/2023,1,completed
O507915,C100731,P2057,06/28/2023,3,completed
O507916,C101040,P2279,06/07/2023,3,completed
O507917,C100141,P2058,02/21/2023,2,completed
O507918,C100806,P2207,04/30/2023,4,completed
O507919,C100470,P2186,10/14/2023,3,completed
O507920,C100780,P2124,12/17/2023,3,completed
O507921,C100247,P2030,01/31/2023,4,completed
O507922,C100554,P2219,04/05/2023,3,completed
O507923,C100440,P2090,03/20/2023,2,completed
O507924,C100538,P2152,08/04/2023,3,completed
O507925,C100166,P2176,09/04/2023,2,completed
O507926,C100671,P2123,12/06/2023,1,returned
O507927,C100829,P2041,09/09/2023,3,completed
O507928,C100760,P2240,03/19/2023,2,returned
O507929,C101102,P2021,12/04/2023,4,completed
O507930,C100900,P2286,11/13/2023,2,completed
O507931,C100345,P2232,08/13/2023,1,completed
O507932,C100825,P2194,01/18/2023,3,completed
O507933,C101005,P2093,04/14/2023,2,cancelled
O507934,C100488,P2028,04/13/2023,4,completed
O507935,C101126,P2292,07/17/2023,3,completed
O507936,C101346,P2111,07/29/2023,3,completed
O507937,C101260,P2264,12/10/2023,3,completed
O507938,C100238,P2260,09/25/2023,1,completed
O507939,C101498,P2297,03/19/2023,5,completed
O507940,C100816,P2185,07/28/2023,5,completed
O507941,C100736,P2000,12/17/2023,5,returned
O507942,C101226,P2234,12/03/2023,1,completed
O507943,C101176,P2195,01/27/2023,2,returned
O507944,C100207,P2160,02/08/2023,5,completed
O507945,C100011,P2105,11/05/2023,3,returned
O507946,C100312,P2026,12/28/2023,5,completed
O507947,C100715,P2246,07/18/2023,2,completed
O507948,C100357,P2095,12/27/2023,4,returned
O507949,C100098,P2102,12/16/2023,2,completed
O507950,C101225,P2200,06/20/2023,2,completed
O507951,C100352,P2088,10/16/2023,5,completed
O507952,C100469,P2012,05/14/2023,2,completed
O507953,C100946,P2280,07/15/2023,4,completed
O507954,C100308,P2112,08/18/2023,3,completed
O507955,C100103,P2123,10/29/2023,3,completed
O507956,C101089,P2163,04/05/2023,3,completed
O507957,C100632,P2132,06/27/2023,3,completed
O507958,C100512,P2025,12/18/2023,4,completed
O507959,C101368,P2125,10/02/2023,3,completed
O507960,C100833,P2265,08/27/2023,1,completed
O507961,C101424,P2101,03/11/2023,3,returned
O507962,C100970,P2151,12/18/2023,5,completed
O507963,C100342,P2290,07/24/2023,3,completed
O507964,C101291,P2237,01/08/2023,1,completed
O507965,C100689,P2005,09/23/2023,1,completed
O507966,C100651,P2281,03/03/2023,2,completed
O507967,C101430,P2014,11/05/2023,3,completed
O507968,C100713,P2224,10/01/2023,2,completed
O507969,C101398,P2047,06/22/2023,2,completed
O507970,C100013,P2026,09/20/2023,1,cancelled
O507971,C101401,P2163,08/09/2023,5,completed
O507972,C100355,P2036,10/28/2023,4,completed
O507973,C100190,P2006,11/05/2023,5,completed
O507974,C101394,P2262,09/19/2023,5,completed
O507975,C100812,P2167,04/14/2023,4,completed
O507976,C101395,P2098,03/12/2023,5,completed
O507977,C101311,P2050,01/10/2023,4,cancelled
O507978,C101443,P2097,04/27/2023,4,completed
O507979,C101230,P2253,02/23/2023,1,completed
O507980,C100642,P2296,02/11/2023,5,completed
O507981,C100801,P2248,10/27/2023,4,completed
O507982,C101420,P2241,03/07/2023,2,completed
O507983,C100690,P2133,01/23/2023,3,completed
O507984,C100760,P2135,11/09/2023,3,completed
O507985,C100636,P2126,04/16/2023,4,completed
O507986,C100986,P2214,02/22/2023,5,completed
O507987,C100032,P2232,08/06/2023,4,completed
O507988,C101281,P2266,01/26/2023,2,completed
O507989,C101327,P2292,09/19/2023,1,completed
O507990,C100511,P2048,07/13/2023,3,completed
O507991,C101350,P2231,10/02/2023,3,completed
O507992,C100236,P2254,11/29/2023,4,completed
O507993,C101119,P2265,01/10/2023,1,completed
O507994,C100006,P2268,03/18/2023,4,completed
O507995,C100356,P2128,06/10/2023,4,completed
O507996,C100385,P2034,02/18/2023,1,completed
O507997,C101401,P2213,10/21/2023,2,cancelled
O507998,C101301,P2229,03/27/2023,4,completed
O507999,C100452,P2021,09/22/2023,3,completed
O508000,C100602,P2187,10/11/2023,5,completed
O508001,C100218,P2150,12/09/2023,4,returned
O508002,C100491,P2239,11/25/2023,4,cancelled
O508003,C100072,P2107,06/18/2023,5,completed
O508004,C101446,P2159,06/10/2023,1,completed
O508005,C100253,P2258,07/22/2023,2,completed
O508006,C101337,P2230,10/15/2023,4,completed
O508007,C100511,P2096,02/13/2023,4,completed
O508008,C100937,P2106,12/30/2023,1,completed
O508009,C101402,P2042,01/09/2023,5,completed
O508010,C100677,P2295,08/30/2023,2,returned
O508011,C100371,P2228,11/05/2023,3,completed
O508012,C101198,P2016,04/06/2023,3,returned
O508013,C100668,P2126,07/11/2023,5,completed
O508014,C100783,P2024,07/17/2023,3,completed
O508015,C101265,P2090,04/03/2023,1,completed
O508016,C100389,P2282,05/30/2023,3,completed
O508017,C101024,P2047,01/29/2023,4,completed
O508018,C100175,P2103,02/20/2023,2,completed
O508019,C100675,P2275,08/05/2023,4,completed
O508020,C100643,P2162,06/01/2023,3,cancelled
O508021,C100592,P2129,12/09/2023,1,completed
O508022,C101235,P2247,10/29/2023,3,completed
O508023,C100480,P2239,03/08/2023,5,completed
O508024,C100799,P2024,10/14/2023,1,completed
O508025,C100400,P2031,02/14/2023,2,completed
O508026,C100393,P2170,12/15/2023,5,completed
O508027,C100083,P2186,10/29/2023,2,cancelled
O508028,C101496,P2194,12/20/2023,4,completed
O508029,C101081,P2065,06/13/2023,3,completed
O508030,C100982,P2212,02/11/2023,5,returned
O508031,C101272,P2117,07/03/2023,5,completed
O508032,C100946,P2133,01/31/2023,5,completed
O508033,C100016,P2268,11/11/2023,4,completed
O508034,C100345,P2180,11/18/2023,3,completed
O508035,C100153,P2259,04/12/2023,4,completed
O508036,C100914,P2194,10/13/2023,1,returned
O508037,C100842,P2014,07/07/2023,5,cancelled
O508038,C101059,P2075,11/04/2023,2,completed
O508039,C101180,P2241,01/25/2023,5,cancelled
O508040,C100804,P2172,03/16/2023,2,completed
O508041,C100398,P2183,09/21/2023,5,completed
O508042,C101208,P2100,10/15/2023,2,completed
O508043,C101352,P2276,01/21/2023,1,completed
O508044,C100385,P2122,04/24/2023,2,completed
O508045,C100674,P2126,04/16/2023,1,completed
O508046,C100552,P2259,05/10/2023,2,cancelled
O508047,C100985,P2188,07/04/2023,1,completed
O508048,C100027,P2114,08/27/2023,2,cancelled
O508049,C100981,P2065,06/24/2023,5,completed
O508050,C101181,P2037,01/18/2023,5,completed
O508051,C100473,P2285,12/20/2023,5,returned
O508052,C100062,P2138,03/30/2023,2,completed
O508053,C101143,P2257,02/22/2023,2,returned
O508054,C100375,P2272,01/07/2023,5,completed
O508055,C101050,P2203,08/12/2023,1,returned
O508056,C100309,P2181,02/09/2023,1,completed
O508057,C100314,P2188,11/08/2023,5,completed
O508058,C100224,P2097,02/26/2023,3,completed
O508059,C100839,P2192,05/04/2023,4,completed
O508060,C101278,P2203,08/25/2023,1,cancelled
O508061,C101113,P2247,03/29/2023,3,completed
O508062,C100019,P2142,07/01/2023,2,cancelled
O508063,C100797,P2258,11/05/2023,5,completed
O508064,C101441,P2166,03/31/2023,1,completed
O508065,C101347,P2159,08/21/2023,2,cancelled
O508066,C101221,P2207,11/15/2023,1,completed
O508067,C100854,P2068,11/05/2023,2,completed
O508068,C100279,P2154,10/14/2023,1,completed
O508069,C100333,P2264,07/27/2023,3,completed
O508070,C100593,P2020,07/29/2023,2,completed
O508071,C101057,P2242,06/29/2023,3,completed
O508072,C101121,P2043,01/09/2023,3,completed
O508073,C100658,P2295,09/15/2023,3,completed
O508074,C101310,P2298,05/09/2023,1,returned
O508075,C100539,P2001,08/06/2023,5,returned
O508076,C100141,P2133,02/18/2023,4,completed
O508077,C101140,P2113,01/24/2023,1,completed
O508078,C100323,P2008,12/26/2023,1,completed
O508079,C100764,P2025,12/04/2023,1,completed
O508080,C100992,P2160,04/10/2023,1,completed
O508081,C100632,P2024,11/19/2023,1,completed
O508082,C101017,P2197,12/30/2023,1,completed
O508083,C100565,P2075,08/17/2023,5,completed
O508084,C100770,P2268,06/20/2023,1,completed
O508085,C101066,P2061,10/22/2023,5,completed
O508086,C100423,P2055,04/07/2023,1,completed
O508087,C101066,P2106,03/30/2023,5,completed
O508088,C100584,P2143,08/26/2023,5,returned
O508089,C100425,P2265,06/24/2023,2,returned
O508090,C100592,P2268,10/15/2023,3,completed
O508091,C101207,P2222,11/02/2023,5,completed
O508092,C101134,P2286,02/27/2023,4,completed
O508093,C100769,P2060,07/21/2023,2,completed
O508094,C101247,P2031,03/26/2023,3,completed
O508095,C100263,P2129,02/17/2023,4,cancelled
O508096,C101102,P2286,06/08/2023,1,completed
O508097,C100148,P2034,04/02/2023,2,completed
O508098,C100106,P2101,05/25/2023,2,completed
O508099,C101342,P2076,04/01/2023,2,completed
O508100,C100477,P2282,09/06/2023,1,completed
O508101,C101144,P2239,01/24/2023,2,cancelled
O508102,C100831,P2152,12/16/2023,5,returned
O508103,C100842,P2095,02/01/2023,5,completed
O508104,C100877,P2052,11/01/2023,3,completed
O508105,C100877,P2273,08/02/2023,4,completed
O508106,C100315,P2144,02/28/2023,1,completed
O508107,C100763,P2091,04/06/2023,2,completed
O508108,C100808,P2211,06/02/2023,1,returned
O508109,C101017,P2051,10/03/2023,4,returned
O508110,C100822,P2225,06/20/2023,1,completed
O508111,C101409,P2268,06/18/2023,3,completed
O508112,C100863,P2298,06/21/2023,5,completed
O508113,C100658,P2208,11/16/2023,4,completed
O508114,C101441,P2295,01/25/2023,1,cancelled
O508115,C101095,P2295,06/27/2023,1,returned
O508116,C100994,P2263,07/14/2023,1,returned
O508117,C100462,P2082,08/16/2023,4,completed
O508118,C100445,P2042,05/06/2023,5,completed
O508119,C100419,P2019,07/29/2023,2,completed
O508120,C101167,P2098,08/16/2023,1,completed
O508121,C100385,P2200,06/10/2023,5,completed
O508122,C101309,P2008,09/05/2023,4,completed
O508123,C100352,P2225,02/10/2023,2,completed
O508124,C100042,P2122,11/06/2023,4,completed
O508125,C101021,P2157,05/14/2023,4,completed
O508126,C100708,P2136,08/17/2023,4,completed
O508127,C100966,P2283,06/28/2023,3,completed
O508128,C100835,P2023,11/21/2023,1,completed
O508129,C100810,P2151,08/02/2023,2,returned
O508130,C100232,P2274,10/19/2023,3,completed
O508131,C100056,P2100,05/01/2023,5,completed
O508132,C100853,P2012,09/20/2023,4,returned
O508133,C101134,P2099,07/08/2023,4,completed
O508134,C100570,P2165,06/07/2023,4,returned
O508135,C100649,P2224,04/05/2023,2,completed
O508136,C100071,P2238,04/06/2023,4,completed
O508137,C100070,P2231,02/27/2023,3,completed
O508138,C100222,P2042,03/23/2023,2,completed
O508139,C100771,P2049,10/31/2023,5,completed
O508140,C101070,P2163,09/19/2023,2,completed
O508141,C100389,P2118,11/28/2023,2,cancelled
O508142,C100164,P2275,01/27/2023,5,completed
O508143,C101270,P2274,10/30/2023,4,completed
O508144,C101130,P2103,11/01/2023,5,cancelled
O508145,C100389,P2139,06/06/2023,4,completed
O508146,C100843,P2293,12/24/2023,5,completed
O508147,C101102,P2050,04/30/2023,3,cancelled
O508148,C100404,P2099,02/07/2023,4,completed
O508149,C100040,P2290,09/06/2023,1,completed
O508150,C100633,P2257,06/29/2023,3,completed
O508151,C100191,P2249,04/12/2023,3,completed
O508152,C100232,P2165,04/06/2023,5,cancelled
O508153,C100143,P2225,08/11/2023,3,cancelled
O508154,C100948,P2287,08/11/2023,5,completed
O508155,C101476,P2138,05/10/2023,1,completed
O508156,C101129,P2025,03/18/2023,5,completed
O508157,C100572,P2167,06/09/2023,3,completed
O508158,C101197,P2185,04/05/2023,1,completed
O508159,C101088,P2199,01/31/2023,1,completed
O508160,C100434,P2021,02/13/2023,5,completed
O508161,C100863,P2102,03/24/2023,3,completed
O508162,C100317,P2266,03/11/2023,2,returned
O508163,C101406,P2162,12/17/2023,1,completed
O508164,C101065,P2121,11/22/2023,2,completed
O508165,C100487,P2223,10/12/2023,4,completed
O508166,C100653,P2000,12/11/2023,3,completed
O508167,C101398,P2101,07/13/2023,5,completed
O508168,C100165,P2118,05/23/2023,1,completed
O508169,C100193,P2288,12/03/2023,2,completed
O508170,C100673,P2054,03/24/2023,5,cancelled
O508171,C101041,P2200,01/03/2023,3,returned
O508172,C101436,P2272,09/19/2023,4,completed
O508173,C100948,P2029,06/21/2023,1,completed
O508174,C100581,P2020,10/24/2023,2,completed
O508175,C101030,P2158,03/04/2023,1,completed
O508176,C100219,P2184,07/22/2023,3,completed
O508177,C100792,P2128,10/26/2023,3,completed
O508178,C101188,P2032,03/10/2023,5,completed
O508179,C100341,P2238,11/07/2023,4,completed
O508180,C100620,P2268,06/12/2023,1,completed
O508181,C100111,P2104,05/10/2023,2,completed
O508182,C100647,P2123,12/11/2023,2,completed
O508183,C100200,P2204,03/30/2023,4,completed
O508184,C101282,P2098,02/15/2023,4,completed
O508185,C100699,P2166,12/08/2023,1,completed
O508186,C101189,P2224,08/24/2023,2,completed
O508187,C100648,P2200,03/05/2023,5,returned
O508188,C100522,P2118,05/19/2023,2,completed
O508189,C100190,P2132,04/26/2023,2,completed
O508190,C100306,P2152,05/20/2023,5,completed
O508191,C100537,P2189,02/07/2023,4,completed
O508192,C100106,P2071,04/05/2023,5,returned
O508193,C101119,P2010,03/04/2023,4,completed
O508194,C100755,P2005,11/10/2023,1,completed
O508195,C100939,P2080,10/16/2023,2,completed
O508196,C100951,P2282,01/07/2023,2,completed
O508197,C100832,P2272,07/17/2023,5,returned
O508198,C100985,P2287,06/12/2023,3,cancelled
O508199,C101447,P2061,05/12/2023,5,completed
O508200,C101100,P2235,10/26/2023,4,completed
O508201,C100448,P2255,04/14/2023,2,completed
O508202,C100047,P2136,07/25/2023,3,completed
O508203,C100727,P2239,05/09/2023,3,completed
O508204,C101489,P2072,11/14/2023,5,returned
O508205,C101133,P2079,04/02/2023,4,completed
O508206,C100823,P2070,04/20/2023,4,cancelled
O508207,C100069,P2234,03/18/2023,1,completed
O508208,C100478,P2007,02/12/2023,2,completed
O508209,C101291,P2066,03/16/2023,4,completed
O508210,C101397,P2034,07/19/2023,3,completed
O508211,C100260,P2289,06/11/2023,1,completed
O508212,C100794,P2275,07/19/2023,2,completed
O508213,C100525,P2183,07/28/2023,3,returned
O508214,C100772,P2148,09/30/2023,4,completed
O508215,C101255,P2064,11/23/2023,3,returned
O508216,C101193,P2241,01/09/2023,3,completed
O508217,C100903,P2058,03/19/2023,1,completed
O508218,C100667,P2093,03/12/2023,3,cancelled
O508219,C100046,P2170,11/29/2023,1,completed
O508220,C100244,P2005,10/24/2023,5,completed
O508221,C101099,P2156,09/30/2023,1,completed
O508222,C100737,P2112,08/17/2023,5,returned
O508223,C100107,P2228,05/16/2023,3,completed
O508224,C101402,P2112,03/13/2023,4,completed
O508225,C100692,P2165,02/04/2023,1,completed
O508226,C101064,P2069,02/23/2023,3,completed
O508227,C100899,P2245,03/18/2023,4,completed
O508228,C100179,P2187,05/22/2023,1,returned
O508229,C100465,P2016,06/08/2023,4,completed
O508230,C100692,P2160,03/22/2023,5,returned
O508231,C101240,P2243,08/28/2023,1,completed
O508232,C101053,P2087,10/07/2023,4,completed
O508233,C100528,P2272,02/18/2023,3,completed
O508234,C100899,P2037,01/04/2023,3,completed
O508235,C101127,P2061,03/10/2023,3,completed
O508236,C101442,P2152,02/27/2023,5,completed
O508237,C100714,P2297,05/30/2023,1,completed
O508238,C101296,P2131,07/07/2023,3,returned
O508239,C100483,P2219,04/27/2023,1,completed
O508240,C100345,P2183,06/15/2023,1,completed
O508241,C100673,P2263,09/22/2023,1,completed
O508242,C100679,P2140,03/31/2023,3,completed
O508243,C101494,P2243,04/24/2023,2,completed
O508244,C101414,P2095,07/25/2023,1,completed
O508245,C100808,P2128,04/22/2023,5,cancelled
O508246,C101355,P2156,09/10/2023,1,completed
O508247,C101046,P2224,10/10/2023,5,cancelled
O508248,C100891,P2077,12/28/2023,2,completed
O508249,C100493,P2176,03/31/2023,1,completed
O508250,C101246,P2158,06/20/2023,5,completed
O508251,C100406,P2037,05/13/2023,1,completed
O508252,C101206,P2276,10/19/2023,5,completed
O508253,C100416,P2089,05/10/2023,4,completed
O508254,C100992,P2202,07/18/2023,1,completed
O508255,C101116,P2269,09/27/2023,2,completed
O508256,C100683,P2069,04/16/2023,2,completed
O508257,C101202,P2232,05/25/2023,1,completed
O508258,C101283,P2058,12/09/2023,4,completed
O508259,C101432,P2204,07/16/2023,5,completed
O508260,C100437,P2131,09/13/2023,5,completed
O508261,C100941,P2267,01/05/2023,5,completed
O508262,C100920,P2097,01/01/2023,3,returned
O508263,C100540,P2071,11/11/2023,1,completed
O508264,C100476,P2157,07/22/2023,5,cancelled
O508265,C101076,P2128,10/04/2023,1,completed
O508266,C100978,P2076,01/18/2023,1,completed
O508267,C100413,P2268,10/29/2023,3,cancelled
O508268,C100734,P2298,03/26/2023,3,completed
O508269,C100083,P2145,01/03/2023,4,completed
O508270,C100164,P2257,05/18/2023,2,cancelled
O508271,C100635,P2297,10/16/2023,3,cancelled
O508272,C100398,P2289,03/29/2023,3,completed
O508273,C100702,P2280,01/30/2023,5,completed
O508274,C101120,P2024,06/14/2023,2,completed
O508275,C100611,P2191,03/10/2023,3,completed
O508276,C100226,P2287,01/05/2023,2,completed
O508277,C100194,P2123,11/03/2023,4,completed
O508278,C101441,P2066,12/25/2023,4,completed
O508279,C101440,P2181,01/12/2023,3,completed
O508280,C100479,P2242,11/23/2023,1,completed
O508281,C100348,P2197,10/04/2023,1,returned
O508282,C101032,P2003,12/21/2023,4,completed
O508283,C101269,P2013,10/22/2023,3,completed
O508284,C100086,P2111,03/22/2023,5,completed
O508285,C100302,P2083,11/21/2023,2,returned
O508286,C101181,P2296,02/21/2023,4,completed
O508287,C100713,P2193,07/13/2023,5,completed
O508288,C101050,P2005,08/31/2023,1,completed
O508289,C100042,P2014,09/28/2023,4,completed
O508290,C100341,P2000,02/01/2023,4,completed
O508291,C100182,P2000,04/11/2023,5,completed
O508292,C101167,P2078,12/18/2023,5,returned
O508293,C100528,P2146,01/26/2023,3,completed
O508294,C100034,P2272,08/06/2023,2,completed
O508295,C100323,P2147,08/13/2023,4,completed
O508296,C100143,P2076,07/01/2023,2,completed
O508297,C100375,P2239,12/02/2023,3,cancelled
O508298,C101185,P2101,08/26/2023,2,cancelled
O508299,C100433,P2029,04/22/2023,5,completed
O508300,C101050,P2281,06/28/2023,4,completed
O508301,C100470,P2216,06/09/2023,3,completed
O508302,C100124,P2205,06/28/2023,4,completed
O508303,C100484,P2167,07/07/2023,2,completed
O508304,C101163,P2285,09/05/2023,4,completed
O508305,C101246,P2172,01/16/2023,4,completed
O508306,C100683,P2002,08/25/2023,5,completed
O508307,C101257,P2091,08/26/2023,5,returned
O508308,C100732,P2270,09/13/2023,3,completed
O508309,C100361,P2188,09/19/2023,5,completed
O508310,C101406,P2149,12/17/2023,4,completed
O508311,C100035,P2169,05/13/2023,4,returned
O508312,C100430,P2079,06/27/2023,4,completed
O508313,C100392,P2165,06/07/2023,1,completed
O508314,C101119,P2093,04/21/2023,4,completed
O508315,C101430,P2207,11/15/2023,1,completed
O508316,C100608,P2285,10/21/2023,5,completed
O508317,C101072,P2224,07/29/2023,5,completed
O508318,C101427,P2146,08/22/2023,2,completed
O508319,C100476,P2042,04/04/2023,4,completed
O508320,C100347,P2055,10/30/2023,3,completed
O508321,C100223,P2270,07/25/2023,2,completed
O508322,C100637,P2148,01/20/2023,1,completed
O508323,C100021,P2197,04/09/2023,5,completed
O508324,C100957,P2007,05/03/2023,1,returned
O508325,C100656,P2077,12/08/2023,1,completed
O508326,C100173,P2269,02/05/2023,5,completed
O508327,C101100,P2250,05/16/2023,3,cancelled
O508328,C100147,P2242,01/09/2023,4,completed
O508329,C100395,P2155,07/15/2023,3,completed
O508330,C101033,P2069,05/04/2023,5,completed
O508331,C100876,P2121,05/12/2023,3,completed
O508332,C100968,P2277,06/13/2023,4,completed
O508333,C101049,P2062,05/18/2023,2,completed
O508334,C101451,P2266,01/16/2023,3,completed
O508335,C101234,P2025,02/14/2023,3,completed
O508336,C101073,P2282,07/08/2023,1,completed
O508337,C101137,P2186,01/25/2023,5,returned
O508338,C100522,P2040,06/10/2023,5,returned
O508339,C100647,P2254,10/15/2023,1,completed
O508340,C100987,P2243,11/10/2023,3,completed
O508341,C101003,P2164,10/01/2023,3,completed
O508342,C101418,P2278,03/18/2023,4,completed
O508343,C101358,P2045,08/26/2023,3,completed
O508344,C100731,P2055,04/05/2023,5,completed
O508345,C100286,P2231,01/06/2023,4,completed
O508346,C100149,P2057,02/21/2023,5,completed
O508347,C100109,P2166,08/17/2023,3,completed
O508348,C100102,P2282,02/20/2023,2,completed
O508349,C100349,P2289,02/17/2023,5,returned
O508350,C100341,P2201,07/01/2023,3,returned
O508351,C100646,P2057,10/07/2023,4,completed
O508352,C101014,P2059,12/03/2023,1,completed
O508353,C101264,P2229,05/12/2023,2,completed
O508354,C101209,P2214,02/07/2023,3,completed
O508355,C100478,P2279,06/23/2023,2,completed
O508356,C100216,P2056,06/01/2023,5,completed
O508357,C101052,P2176,12/16/2023,3,completed
O508358,C101307,P2279,05/14/2023,3,returned
O508359,C100242,P2100,02/21/2023,1,completed
O508360,C101363,P2261,01/28/2023,4,completed
O508361,C100145,P2104,03/06/2023,5,completed
O508362,C101162,P2060,10/04/2023,3,completed
O508363,C100543,P2082,08/23/2023,4,completed
O508364,C100754,P2152,01/11/2023,1,completed
O508365,C100526,P2093,07/14/2023,5,completed
O508366,C101193,P2187,10/19/2023,1,completed
O508367,C100672,P2038,11/26/2023,4,completed
O508368,C101130,P2165,02/24/2023,3,completed
O508369,C101280,P2144,02/16/2023,5,completed
O508370,C100636,P2156,07/19/2023,4,completed
O508371,C101436,P2197,08/22/2023,2,completed
O508372,C101165,P2095,02/01/2023,1,completed
O508373,C100574,P2179,10/17/2023,1,completed
O508374,C100635,P2158,04/22/2023,3,completed
O508375,C100123,P2171,10/08/2023,3,completed
O508376,C101400,P2131,11/05/2023,1,completed
O508377,C100834,P2193,01/20/2023,3,completed
O508378,C100544,P2145,10/23/2023,5,completed
O508379,C100467,P2076,12/28/2023,4,completed
O508380,C101210,P2162,11/26/2023,1,returned
O508381,C101050,P2223,01/01/2023,3,completed
O508382,C100551,P2160,07/01/2023,4,cancelled
O508383,C100403,P2256,02/11/2023,3,completed
O508384,C100120,P2067,09/14/2023,4,completed
O508385,C100346,P2108,07/28/2023,2,completed
O508386,C100703,P2258,09/08/2023,2,completed
O508387,C100260,P2161,04/26/2023,4,completed
O508388,C100518,P2071,12/15/2023,1,completed
O508389,C100749,P2253,08/20/2023,3,completed
O508390,C100691,P2210,04/08/2023,3,cancelled
O508391,C100049,P2067,09/12/2023,3,completed
O508392,C101408,P2031,01/30/2023,1,returned
O508393,C101242,P2189,05/17/2023,2,completed
O508394,C100092,P2258,10/31/2023,5,returned
O508395,C100807,P2234,02/12/2023,3,cancelled
O508396,C100784,P2242,05/26/2023,5,completed
O508397,C101041,P2228,06/21/2023,1,completed
O508398,C100229,P2219,05/21/2023,2,completed
O508399,C101413,P2201,07/23/2023,1,completed
O508400,C100987,P2053,04/23/2023,1,completed
O508401,C100325,P2168,09/19/2023,2,completed
O508402,C101098,P2285,09/19/2023,1,completed
O508403,C100475,P2039,10/06/2023,2,returned
O508404,C100675,P2228,03/26/2023,2,completed
O508405,C100435,P2077,07/01/2023,3,completed
O508406,C100793,P2204,01/22/2023,4,completed
O508407,C100455,P2084,06/02/2023,3,completed
O508408,C100171,P2187,01/21/2023,1,returned
O508409,C100296,P2170,04/19/2023,3,completed
O508410,C100022,P2070,06/09/2023,1,completed
O508411,C100323,P2108,05/06/2023,5,completed
O508412,C100491,P2017,06/23/2023,1,completed
O508413,C101224,P2023,10/07/2023,2,completed
O508414,C100927,P2231,10/26/2023,2,completed
O508415,C100603,P2046,06/24/2023,2,cancelled
O508416,C100627,P2153,06/13/2023,5,completed
O508417,C100431,P2261,05/09/2023,4,returned
O508418,C101283,P2197,09/16/2023,5,completed
O508419,C100657,P2045,02/06/2023,1,completed
O508420,C100710,P2257,11/24/2023,5,completed
O508421,C100225,P2293,09/27/2023,2,completed
O508422,C100069,P2213,06/10/2023,2,completed
O508423,C101199,P2012,08/25/2023,5,completed
O508424,C100799,P2213,06/15/2023,4,completed
O508425,C101431,P2068,04/03/2023,5,completed
O508426,C100093,P2204,07/01/2023,2,completed
O508427,C100810,P2070,12/09/2023,5,returned
O508428,C101022,P2289,02/06/2023,4,cancelled
O508429,C100071,P2023,01/03/2023,4,completed
O508430,C100673,P2131,01/08/2023,4,cancelled
O508431,C100198,P2171,12/28/2023,3,cancelled
O508432,C101490,P2257,06/06/2023,2,completed
O508433,C100706,P2038,12/16/2023,3,completed
O508434,C100647,P2254,03/19/2023,4,returned
O508435,C100754,P2059,12/21/2023,1,returned
O508436,C101136,P2150,02/27/2023,3,completed
O508437,C101178,P2206,12/21/2023,2,completed
O508438,C101272,P2131,01/17/2023,4,completed
O508439,C100250,P2102,07/12/2023,3,completed
O508440,C101233,P2087,02/15/2023,5,completed
O508441,C101374,P2074,06/10/2023,4,completed
O508442,C100140,P2041,10/08/2023,4,completed
O508443,C100239,P2283,02/24/2023,2,completed
O508444,C101082,P2010,08/04/2023,2,completed
O508445,C100240,P2237,11/07/2023,3,completed
O508446,C100429,P2187,09/01/2023,4,completed
O508447,C100038,P2064,11/04/2023,2,completed
O508448,C100377,P2144,10/23/2023,3,completed
O508449,C101457,P2056,01/31/2023,2,completed
O508450,C100811,P2127,09/29/2023,5,returned
O508451,C100381,P2215,05/18/2023,5,completed
O508452,C101272,P2137,09/30/2023,5,completed
O508453,C101402,P2242,08/19/2023,1,completed
O508454,C100995,P2021,03/03/2023,4,completed
O508455,C101051,P2051,06/18/2023,1,completed
O508456,C100198,P2155,04/25/2023,3,completed
O508457,C101233,P2103,03/28/2023,1,completed
O508458,C100869,P2186,03/23/2023,3,completed
O508459,C100184,P2013,03/08/2023,4,completed
O508460,C100205,P2265,12/16/2023,2,completed
O508461,C101393,P2256,07/04/2023,2,completed
O508462,C101110,P2041,11/24/2023,2,completed
O508463,C101317,P2174,11/19/2023,5,completed
O508464,C100957,P2059,09/18/2023,1,completed
O508465,C101151,P2199,08/31/2023,1,completed
O508466,C100755,P2116,08/11/2023,2,completed
O508467,C101207,P2188,06/20/2023,1,completed
O508468,C100408,P2252,06/17/2023,4,completed
O508469,C101080,P2203,02/17/2023,2,completed
O508470,C100783,P2197,07/23/2023,2,completed
O508471,C100555,P2275,12/07/2023,5,completed
O508472,C100277,P2045,07/28/2023,2,completed
O508473,C101044,P2288,11/28/2023,1,returned
O508474,C101427,P2100,09/21/2023,4,completed
O508475,C100367,P2197,12/11/2023,2,completed
O508476,C101336,P2237,11/10/2023,3,completed
O508477,C100793,P2072,05/14/2023,3,returned
O508478,C100081,P2059,02/28/2023,3,completed
O508479,C100490,P2120,08/30/2023,2,completed
O508480,C101261,P2061,01/29/2023,3,returned
O508481,C101231,P2180,05/24/2023,2,completed
O508482,C100843,P2194,10/20/2023,2,completed
O508483,C100913,P2179,11/26/2023,5,completed
O508484,C100849,P2132,04/01/2023,1,completed
O508485,C100886,P2080,09/24/2023,2,completed
O508486,C100309,P2031,12/27/2023,2,cancelled
O508487,C100415,P2019,02/23/2023,2,completed
O508488,C100515,P2294,02/06/2023,1,completed
O508489,C100819,P2200,04/03/2023,2,completed
O508490,C100630,P2246,08/19/2023,2,completed
O508491,C101244,P2049,10/15/2023,5,completed
O508492,C100381,P2223,11/25/2023,2,completed
O508493,C101347,P2163,08/31/2023,4,completed
O508494,C100297,P2010,07/08/2023,1,completed
O508495,C101075,P2294,06/04/2023,3,completed
O508496,C100957,P2193,01/17/2023,5,completed
O508497,C100489,P2231,11/24/2023,1,completed
O508498,C101082,P2161,10/30/2023,1,completed
O508499,C101065,P2229,04/20/2023,5,completed
O508500,C101489,P2045,01/30/2023,3,completed
O508501,C100953,P2068,08/04/2023,4,completed
O508502,C100983,P2074,03/21/2023,1,completed
O508503,C101175,P2155,06/12/2023,1,completed
O508504,C100118,P2150,01/10/2023,1,cancelled
O508505,C100257,P2293,08/25/2023,2,completed
O508506,C100399,P2257,05/04/2023,4,completed
O508507,C101270,P2281,01/03/2023,5,completed
O508508,C100136,P2242,10/11/2023,3,completed
O508509,C100929,P2126,11/08/2023,3,completed
O508510,C101375,P2256,05/18/2023,1,completed
O508511,C100029,P2295,09/23/2023,5,completed
O508512,C100017,P2259,03/12/2023,4,completed
O508513,C101268,P2192,12/29/2023,4,completed
O508514,C100971,P2239,06/30/2023,2,completed
O508515,C100289,P2059,12/03/2023,4,completed
O508516,C101375,P2030,11/26/2023,4,completed
O508517,C101232,P2142,10/06/2023,4,completed
O508518,C101428,P2057,11/19/2023,2,completed
O508519,C100800,P2089,04/30/2023,1,completed
O508520,C101225,P2069,01/16/2023,1,completed
O508521,C100966,P2135,06/08/2023,2,completed
O508522,C100856,P2261,02/09/2023,5,completed
O508523,C100701,P2261,06/08/2023,3,completed
O508524,C100414,P2291,10/01/2023,2,returned
O508525,C100369,P2098,12/16/2023,3,completed
O508526,C100867,P2153,07/09/2023,5,completed
O508527,C100119,P2032,07/19/2023,1,returned
O508528,C100247,P2232,01/03/2023,4,completed
O508529,C100159,P2232,10/24/2023,1,completed
O508530,C101175,P2186,07/14/2023,3,completed
O508531,C100848,P2080,01/25/2023,5,completed
O508532,C100983,P2227,08/10/2023,3,completed
O508533,C101177,P2284,10/06/2023,3,completed
O508534,C100986,P2113,11/09/2023,3,completed
O508535,C101053,P2133,12/10/2023,2,completed
O508536,C100196,P2098,03/11/2023,1,completed
O508537,C100310,P2151,05/20/2023,2,returned
O508538,C100738,P2258,03/14/2023,3,completed
O508539,C100541,P2096,01/06/2023,3,completed
O508540,C100761,P2256,01/04/2023,1,completed
O508541,C100538,P2168,03/26/2023,1,completed
O508542,C100115,P2283,03/31/2023,5,completed
O508543,C101248,P2144,04/05/2023,4,completed
O508544,C101288,P2230,04/03/2023,2,completed
O508545,C100143,P2197,01/02/2023,3,completed
O508546,C100519,P2173,09/17/2023,4,completed
O508547,C100987,P2299,07/13/2023,5,cancelled
O508548,C100623,P2151,04/15/2023,2,completed
O508549,C100152,P2085,11/14/2023,4,completed
O508550,C100247,P2059,04/17/2023,1,completed
O508551,C100064,P2013,11/13/2023,1,completed
O508552,C101348,P2002,07/07/2023,5,completed
O508553,C100502,P2195,12/29/2023,2,cancelled
O508554,C100639,P2005,10/10/2023,4,returned
O508555,C101454,P2046,05/20/2023,4,completed
O508556,C100769,P2198,11/09/2023,5,completed
O508557,C101132,P2155,11/22/2023,2,completed
O508558,C100560,P2229,06/23/2023,4,completed
O508559,C100226,P2206,09/22/2023,1,completed
O508560,C101228,P2176,05/25/2023,1,completed
O508561,C100349,P2067,01/09/2023,1,completed
O508562,C101329,P2081,02/08/2023,5,completed
O508563,C101443,P2083,01/22/2023,5,completed
O508564,C100629,P2045,02/17/2023,2,completed
O508565,C100453,P2021,05/07/2023,3,completed
O508566,C101411,P2226,04/03/2023,5,completed
O508567,C100226,P2250,08/31/2023,3,returned
O508568,C100495,P2219,01/06/2023,2,completed
O508569,C101432,P2003,01/19/2023,2,completed
O508570,C100425,P2150,05/08/2023,3,completed
O508571,C100212,P2005,02/25/2023,2,completed
O508572,C100112,P2076,02/16/2023,1,completed
O508573,C100781,P2138,03/15/2023,1,completed
O508574,C100766,P2256,08/14/2023,1,cancelled
O508575,C101460,P2243,07/26/2023,2,returned
O508576,C101431,P2016,05/17/2023,3,cancelled
O508577,C101412,P2298,01/11/2023,2,cancelled
O508578,C101371,P2077,08/25/2023,1,completed
O508579,C100437,P2228,05/16/2023,5,completed
O508580,C101173,P2084,10/31/2023,2,cancelled
O508581,C100359,P2298,01/11/2023,2,completed
O508582,C101149,P2114,10/09/2023,1,returned
O508583,C100715,P2016,09/19/2023,1,completed
O508584,C100928,P2158,03/07/2023,5,completed
O508585,C100813,P2105,07/03/2023,5,completed
O508586,C100578,P2065,09/04/2023,3,completed
O508587,C101071,P2119,11/28/2023,4,cancelled
O508588,C100450,P2009,04/30/2023,4,returned
O508589,C100798,P2241,03/24/2023,2,completed
O508590,C100941,P2095,06/12/2023,4,completed
O508591,C100702,P2228,08/16/2023,1,completed
O508592,C101496,P2179,07/08/2023,1,completed
O508593,C100100,P2190,11/16/2023,5,completed
O508594,C101368,P2130,07/05/2023,1,returned
O508595,C101264,P2186,09/10/2023,3,completed
O508596,C100689,P2034,05/28/2023,2,cancelled
O508597,C100709,P2120,09/11/2023,3,completed
O508598,C101151,P2265,05/07/2023,1,completed
O508599,C100368,P2125,04/23/2023,2,completed
O508600,C101487,P2143,11/20/2023,2,completed
O508601,C101216,P2102,04/14/2023,4,completed
O508602,C100729,P2054,03/16/2023,4,completed
O508603,C100668,P2104,11/19/2023,1,completed
O508604,C100756,P2127,02/16/2023,5,completed
O508605,C101486,P2088,09/26/2023,3,completed
O508606,C101378,P2214,08/05/2023,1,completed
O508607,C101275,P2186,11/17/2023,1,completed
O508608,C100330,P2074,07/25/2023,4,completed
O508609,C100094,P2285,05/11/2023,2,returned
O508610,C100116,P2100,03/21/2023,5,returned
O508611,C100514,P2054,10/29/2023,5,cancelled
O508612,C100327,P2000,07/31/2023,5,completed
O508613,C100122,P2079,07/04/2023,2,completed
O508614,C100407,P2140,01/19/2023,3,completed
O508615,C100248,P2041,10/01/2023,3,completed
O508616,C101174,P2117,01/26/2023,4,completed
O508617,C101051,P2264,02/01/2023,2,completed
O508618,C100848,P2222,03/26/2023,3,completed
O508619,C100661,P2145,04/10/2023,3,completed
O508620,C100409,P2039,10/23/2023,4,completed
O508621,C100437,P2164,12/07/2023,1,cancelled
O508622,C100338,P2295,01/28/2023,4,completed
O508623,C100804,P2202,05/23/2023,3,completed
O508624,C101460,P2236,07/17/2023,5,completed
O508625,C100428,P2291,08/20/2023,1,completed
O508626,C100852,P2295,04/28/2023,1,completed
O508627,C100312,P2236,09/19/2023,5,completed
O508628,C101286,P2260,10/23/2023,2,completed
O508629,C101334,P2026,05/29/2023,3,completed
O508630,C101023,P2296,03/15/2023,5,returned
O508631,C100975,P2195,06/25/2023,5,completed
O508632,C101485,P2105,02/07/2023,2,completed
O508633,C100446,P2075,12/31/2023,5,completed
O508634,C101300,P2268,03/18/2023,4,completed
O508635,C101121,P2244,03/19/2023,2,completed
O508636,C100647,P2092,07/02/2023,4,completed
O508637,C100886,P2267,01/28/2023,5,returned
O508638,C100439,P2048,07/02/2023,2,completed
O508639,C101118,P2250,11/03/2023,4,cancelled
O508640,C100306,P2135,03/09/2023,3,completed
O508641,C100610,P2048,06/19/2023,5,completed
O508642,C100265,P2101,04/18/2023,4,completed
O508643,C101368,P2021,11/11/2023,4,completed
O508644,C100775,P2042,03/14/2023,1,completed
O508645,C100371,P2068,01/08/2023,4,returned
O508646,C101314,P2235,11/07/2023,3,completed
O508647,C100901,P2084,07/27/2023,5,completed
O508648,C101208,P2264,10/03/2023,3,returned
O508649,C101147,P2270,09/13/2023,2,completed
O508650,C100396,P2213,03/18/2023,3,cancelled
O508651,C100318,P2060,10/15/2023,2,completed
O508652,C100596,P2290,11/30/2023,2,completed
O508653,C101160,P2011,09/01/2023,4,cancelled
O508654,C101194,P2021,04/23/2023,1,returned
O508655,C101417,P2154,08/17/2023,5,completed
O508656,C101470,P2203,11/18/2023,4,completed
O508657,C101087,P2003,12/07/2023,3,completed
O508658,C101267,P2238,05/03/2023,4,completed
O508659,C101157,P2268,01/19/2023,5,cancelled
O508660,C100195,P2101,07/01/2023,1,cancelled
O508661,C100907,P2098,04/29/2023,4,returned
O508662,C100352,P2126,05/30/2023,1,completed
O508663,C100722,P2260,08/27/2023,1,completed
O508664,C101070,P2247,04/23/2023,4,completed
O508665,C100314,P2210,11/03/2023,1,completed
O508666,C100763,P2259,10/12/2023,1,completed
O508667,C100406,P2127,10/07/2023,2,returned
O508668,C100931,P2061,08/31/2023,3,completed
O508669,C100051,P2060,11/21/2023,5,returned
O508670,C100603,P2008,05/08/2023,3,returned
O508671,C100407,P2008,04/15/2023,5,returned
O508672,C101074,P2089,04/18/2023,4,completed
O508673,C101236,P2050,11/04/2023,4,completed
O508674,C101497,P2171,06/11/2023,5,completed
O508675,C101054,P2236,08/03/2023,1,completed
O508676,C100581,P2190,07/11/2023,5,cancelled
O508677,C100010,P2294,01/10/2023,3,completed
O508678,C100961,P2021,01/21/2023,2,completed
O508679,C100911,P2087,03/12/2023,4,completed
O508680,C100916,P2238,02/10/2023,3,completed
O508681,C101157,P2238,03/06/2023,1,completed
O508682,C101138,P2158,11/23/2023,2,completed
O508683,C100172,P2116,10/07/2023,5,completed
O508684,C100961,P2200,06/10/2023,3,completed
O508685,C100868,P2016,04/11/2023,1,completed
O508686,C100374,P2084,03/07/2023,4,completed
O508687,C100785,P2151,06/14/2023,5,completed
O508688,C100756,P2076,08/07/2023,4,completed
O508689,C101313,P2104,06/28/2023,2,completed
O508690,C100286,P2000,07/17/2023,3,completed
O508691,C100228,P2063,09/09/2023,3,completed
O508692,C100874,P2189,10/17/2023,3,completed
O508693,C100251,P2092,03/16/2023,1,completed
O508694,C100840,P2245,07/19/2023,4,returned
O508695,C101472,P2114,07/02/2023,2,completed
O508696,C100797,P2247,05/17/2023,4,completed
O508697,C101430,P2104,08/24/2023,1,returned
O508698,C101178,P2215,09/03/2023,5,completed
O508699,C100292,P2192,10/16/2023,3,completed
O508700,C100904,P2083,11/12/2023,2,completed
O508701,C100884,P2079,11/09/2023,4,completed
O508702,C101091,P2134,11/18/2023,1,completed
O508703,C100326,P2209,08/20/2023,5,completed
O508704,C100185,P2257,11/17/2023,2,completed
O508705,C100507,P2169,12/11/2023,4,completed
O508706,C100377,P2179,11/23/2023,1,completed
O508707,C100390,P2066,11/10/2023,1,completed
O508708,C100455,P2150,09/11/2023,5,completed
O508709,C101068,P2280,06/21/2023,3,completed
O508710,C100732,P2121,03/01/2023,2,completed
O508711,C100641,P2153,10/12/2023,5,returned
O508712,C101145,P2037,10/13/2023,4,completed
O508713,C100074,P2222,02/08/2023,1,completed
O508714,C100110,P2283,01/15/2023,2,returned
O508715,C100150,P2095,11/28/2023,5,completed
O508716,C100872,P2264,04/09/2023,5,completed
O508717,C100351,P2040,07/24/2023,3,completed
O508718,C100665,P2279,04/24/2023,1,completed
O508719,C100816,P2013,01/02/2023,4,completed
O508720,C100493,P2247,02/01/2023,1,completed
O508721,C100130,P2040,06/22/2023,3,completed
O508722,C100382,P2228,12/01/2023,4,completed
O508723,C100708,P2170,09/25/2023,3,completed
O508724,C100880,P2290,03/14/2023,4,completed
O508725,C101491,P2258,03/09/2023,5,completed
O508726,C100039,P2005,07/26/2023,5,completed
O508727,C100386,P2277,05/23/2023,2,completed
O508728,C100375,P2220,08/09/2023,4,returned
O508729,C101307,P2090,07/31/2023,1,completed
O508730,C101365,P2169,07/31/2023,5,completed
O508731,C101470,P2190,08/22/2023,3,completed
O508732,C101382,P2046,11/15/2023,4,returned
O508733,C100832,P2098,01/03/2023,4,completed
O508734,C101316,P2293,06/12/2023,5,completed
O508735,C101435,P2234,08/04/2023,1,returned
O508736,C100566,P2013,11/24/2023,1,returned
O508737,C101283,P2030,07/08/2023,2,completed
O508738,C100957,P2007,07/18/2023,1,completed
O508739,C100479,P2223,08/03/2023,2,completed
O508740,C100170,P2165,09/14/2023,3,completed
O508741,C100013,P2051,10/03/2023,5,completed
O508742,C100614,P2181,03/12/2023,1,completed
O508743,C100399,P2121,04/09/2023,3,returned
O508744,C100742,P2120,09/14/2023,4,completed
O508745,C100508,P2232,03/26/2023,5,completed
O508746,C101089,P2250,07/23/2023,4,completed
O508747,C100583,P2291,10/19/2023,3,completed
O508748,C101048,P2057,03/12/2023,2,completed
O508749,C100567,P2137,06/10/2023,1,returned
O508750,C100448,P2183,08/26/2023,3,completed
O508751,C101301,P2120,01/08/2023,1,completed
O508752,C100652,P2296,03/12/2023,3,completed
O508753,C100648,P2291,04/11/2023,1,completed
O508754,C100506,P2162,06/25/2023,1,cancelled
O508755,C100538,P2014,12/25/2023,2,completed
O508756,C100195,P2184,02/08/2023,3,completed
O508757,C101486,P2004,11/29/2023,5,completed
O508758,C100875,P2299,02/25/2023,4,completed
O508759,C101221,P2151,05/21/2023,3,cancelled
O508760,C100218,P2006,01/25/2023,3,completed
O508761,C100069,P2182,12/18/2023,4,completed
O508762,C100669,P2214,07/31/2023,2,completed
O508763,C100203,P2008,09/29/2023,1,completed
O508764,C101157,P2225,02/14/2023,4,completed
O508765,C100453,P2270,07/14/2023,1,completed
O508766,C100336,P2040,11/06/2023,5,completed
O508767,C100972,P2007,04/07/2023,5,completed
O508768,C100256,P2169,01/01/2023,1,completed
O508769,C100534,P2072,01/22/2023,1,completed
O508770,C100802,P2196,09/13/2023,3,completed
O508771,C100056,P2025,10/17/2023,4,completed
O508772,C100097,P2107,06/23/2023,5,completed
O508773,C101061,P2116,04/19/2023,3,completed
O508774,C100531,P2079,05/07/2023,3,cancelled
O508775,C101016,P2119,10/14/2023,2,completed
O508776,C101465,P2044,10/23/2023,4,cancelled
O508777,C101407,P2067,10/20/2023,3,completed
O508778,C101374,P2292,08/05/2023,5,completed
O508779,C100890,P2202,12/04/2023,4,cancelled
O508780,C101244,P2114,10/17/2023,4,completed
O508781,C101320,P2024,07/09/2023,2,returned
O508782,C100465,P2297,04/05/2023,4,completed
O508783,C100171,P2063,06/25/2023,2,completed
O508784,C100620,P2119,01/02/2023,5,completed
O508785,C100561,P2244,01/02/2023,3,completed
O508786,C100258,P2299,09/10/2023,3,completed
O508787,C100233,P2257,08/14/2023,2,completed
O508788,C100979,P2183,11/19/2023,5,completed
O508789,C101285,P2049,06/12/2023,3,completed
O508790,C100068,P2251,09/25/2023,4,completed
O508791,C100501,P2169,11/13/2023,1,completed
O508792,C100322,P2158,12/16/2023,1,completed
O508793,C100705,P2054,05/28/2023,5,completed
O508794,C101037,P2203,03/11/2023,4,completed
O508795,C101067,P2252,03/22/2023,3,completed
O508796,C101478,P2299,10/20/2023,2,completed
O508797,C100116,P2109,12/03/2023,1,completed
O508798,C100718,P2014,01/04/2023,2,completed
O508799,C100638,P2111,10/18/2023,4,cancelled
O508800,C100254,P2225,01/27/2023,5,completed
O508801,C101010,P2024,12/29/2023,4,completed
O508802,C100883,P2253,09/01/2023,5,completed
O508803,C100323,P2262,08/17/2023,4,completed
O508804,C100414,P2248,10/31/2023,1,completed
O508805,C100286,P2187,01/21/2023,4,completed
O508806,C100717,P2289,11/25/2023,3,completed
O508807,C101046,P2168,12/29/2023,5,completed
O508808,C100445,P2139,06/15/2023,4,completed
O508809,C101287,P2255,10/24/2023,5,completed
O508810,C100394,P2143,02/28/2023,1,completed
O508811,C100993,P2114,08/06/2023,1,completed
O508812,C101241,P2208,10/09/2023,4,completed
O508813,C100952,P2297,07/12/2023,1,completed
O508814,C100088,P2131,06/17/2023,3,completed
O508815,C100991,P2202,01/17/2023,1,completed
O508816,C100088,P2042,12/31/2023,4,completed
O508817,C101311,P2129,03/19/2023,5,returned
O508818,C100986,P2034,07/25/2023,1,completed
O508819,C101361,P2243,08/01/2023,2,completed
O508820,C100550,P2272,07/11/2023,1,completed
O508821,C101129,P2291,12/09/2023,2,completed
O508822,C100265,P2164,05/02/2023,4,completed
O508823,C101264,P2008,09/17/2023,1,completed
O508824,C101104,P2036,02/23/2023,1,completed
O508825,C101280,P2163,06/14/2023,4,completed
O508826,C100279,P2211,11/07/2023,5,completed
O508827,C101400,P2291,06/22/2023,5,completed
O508828,C101403,P2204,08/25/2023,2,completed
O508829,C100941,P2186,12/25/2023,3,returned
O508830,C100716,P2201,11/25/2023,5,completed
O508831,C100480,P2179,10/02/2023,5,completed
O508832,C100615,P2151,01/28/2023,5,completed
O508833,C101358,P2192,03/17/2023,5,returned
O508834,C100863,P2108,04/15/2023,5,completed
O508835,C101268,P2251,01/31/2023,4,cancelled
O508836,C101370,P2145,09/04/2023,4,completed
O508837,C100473,P2005,02/03/2023,5,completed
O508838,C100860,P2172,12/24/2023,4,completed
O508839,C101452,P2107,03/05/2023,4,completed
O508840,C100703,P2123,02/14/2023,3,completed
O508841,C100959,P2053,07/17/2023,3,completed
O508842,C100290,P2233,05/14/2023,5,completed
O508843,C100419,P2240,02/26/2023,2,completed
O508844,C100844,P2209,04/15/2023,5,returned
O508845,C100462,P2222,03/28/2023,4,returned
O508846,C101068,P2044,05/13/2023,2,completed
O508847,C100433,P2081,03/19/2023,1,returned
O508848,C100914,P2248,01/26/2023,3,completed
O508849,C100283,P2024,05/11/2023,5,completed
O508850,C100647,P2212,12/11/2023,4,returned
O508851,C101484,P2203,08/26/2023,5,completed
O508852,C101128,P2083,09/30/2023,4,completed
O508853,C100334,P2276,04/28/2023,1,completed
O508854,C100753,P2217,05/23/2023,5,completed
O508855,C100379,P2019,09/22/2023,4,completed
O508856,C100827,P2120,08/29/2023,5,completed
O508857,C100973,P2133,06/18/2023,3,returned
O508858,C101400,P2218,09/13/2023,1,completed
O508859,C100415,P2016,04/30/2023,5,completed
O508860,C101089,P2117,05/04/2023,5,completed
O508861,C100476,P2240,11/27/2023,1,completed
O508862,C100342,P2100,09/28/2023,1,completed
O508863,C100920,P2116,09/12/2023,5,completed
O508864,C101221,P2046,11/15/2023,5,completed
O508865,C101349,P2259,06/17/2023,3,completed
O508866,C100659,P2238,01/14/2023,2,completed
O508867,C100431,P2142,08/13/2023,4,completed
O508868,C100818,P2247,09/28/2023,4,completed
O508869,C100824,P2262,03/02/2023,1,completed
O508870,C100391,P2023,07/27/2023,4,completed
O508871,C101430,P2262,08/20/2023,4,returned
O508872,C100874,P2016,04/08/2023,4,completed
O508873,C101435,P2127,02/12/2023,5,completed
O508874,C100193,P2055,03/26/2023,1,completed
O508875,C101024,P2234,11/15/2023,5,completed
O508876,C100417,P2196,11/01/2023,2,completed
O508877,C101494,P2211,07/07/2023,2,completed
O508878,C100847,P2106,04/24/2023,3,returned
O508879,C101256,P2034,12/01/2023,4,cancelled
O508880,C101212,P2000,05/31/2023,3,completed
O508881,C100613,P2063,04/27/2023,1,completed
O508882,C101403,P2139,05/01/2023,4,completed
O508883,C101339,P2059,01/19/2023,5,cancelled
O508884,C100222,P2110,12/13/2023,1,cancelled
O508885,C100728,P2256,08/25/2023,1,completed
O508886,C101451,P2107,08/04/2023,3,returned
O508887,C100478,P2088,04/20/2023,4,completed
O508888,C100370,P2091,04/01/2023,4,completed
O508889,C100865,P2057,09/12/2023,1,completed
O508890,C101208,P2142,05/27/2023,1,completed
O508891,C100642,P2238,09/25/2023,1,completed
O508892,C100029,P2272,04/09/2023,1,completed
O508893,C101020,P2275,09/25/2023,3,completed
O508894,C100900,P2117,10/04/2023,2,completed
O508895,C100562,P2184,05/05/2023,3,completed
O508896,C100241,P2281,01/03/2023,5,completed
O508897,C100794,P2055,09/03/2023,5,completed
O508898,C100155,P2216,08/18/2023,2,returned
O508899,C100941,P2220,06/22/2023,1,cancelled
O508900,C101482,P2154,02/10/2023,5,completed
O508901,C100098,P2081,05/16/2023,2,completed
O508902,C100255,P2291,09/03/2023,1,completed
O508903,C101004,P2164,11/09/2023,3,completed
O508904,C100041,P2177,12/29/2023,3,completed
O508905,C101141,P2155,11/19/2023,1,cancelled
O508906,C101320,P2031,07/23/2023,4,completed
O508907,C101441,P2246,09/07/2023,2,cancelled
O508908,C101181,P2113,05/13/2023,5,completed
O508909,C100180,P2212,03/08/2023,5,completed
O508910,C100990,P2239,05/20/2023,4,completed
O508911,C100130,P2051,11/07/2023,3,returned
O508912,C100194,P2274,08/29/2023,3,completed
O508913,C100115,P2250,05/16/2023,1,cancelled
O508914,C100408,P2043,02/21/2023,4,completed
O508915,C100409,P2257,05/04/2023,3,completed
O508916,C101133,P2154,12/31/2023,2,completed
O508917,C100739,P2058,06/01/2023,3,completed
O508918,C100208,P2163,04/14/2023,2,completed
O508919,C100882,P2053,01/29/2023,4,completed
O508920,C100545,P2240,04/11/2023,1,returned
O508921,C100815,P2259,02/13/2023,1,completed
O508922,C100026,P2138,12/20/2023,1,completed
O508923,C101094,P2062,06/07/2023,1,completed
O508924,C100379,P2146,11/09/2023,1,completed
O508925,C101249,P2155,03/01/2023,4,completed
O508926,C100425,P2229,12/13/2023,1,completed
O508927,C101493,P2131,05/23/2023,1,completed
O508928,C100808,P2265,12/04/2023,2,completed
O508929,C100849,P2182,05/08/2023,4,returned
O508930,C101155,P2135,04/14/2023,5,completed
O508931,C100157,P2032,11/23/2023,3,completed
O508932,C101199,P2243,09/15/2023,4,completed
O508933,C101297,P2182,01/29/2023,3,completed
O508934,C100605,P2136,11/05/2023,4,completed
O508935,C101202,P2123,09/20/2023,4,completed
O508936,C101116,P2153,02/12/2023,2,completed
O508937,C100264,P2071,04/07/2023,1,returned
O508938,C101271,P2092,05/28/2023,3,completed
O508939,C100731,P2206,11/30/2023,1,completed
O508940,C100290,P2085,09/29/2023,4,completed
O508941,C100419,P2237,02/17/2023,3,completed
O508942,C101499,P2151,11/18/2023,4,completed
O508943,C100889,P2148,09/06/2023,1,completed
O508944,C100697,P2081,06/04/2023,1,completed
O508945,C100672,P2053,08/24/2023,5,completed
O508946,C100703,P2023,12/25/2023,4,completed
O508947,C101074,P2054,03/02/2023,2,returned
O508948,C101282,P2188,11/06/2023,2,completed
O508949,C100880,P2081,11/21/2023,2,completed
O508950,C101361,P2279,10/06/2023,3,completed
O508951,C100451,P2078,07/18/2023,3,cancelled
O508952,C101494,P2172,04/05/2023,1,completed
O508953,C101053,P2138,04/26/2023,3,completed
O508954,C100235,P2176,12/17/2023,4,completed
O508955,C100137,P2279,06/06/2023,3,cancelled
O508956,C101085,P2090,04/06/2023,3,completed
O508957,C101070,P2189,04/22/2023,4,completed
O508958,C100780,P2078,12/11/2023,2,completed
O508959,C100650,P2174,05/16/2023,1,cancelled
O508960,C101001,P2189,01/23/2023,4,cancelled
O508961,C100214,P2199,05/22/2023,5,completed
O508962,C100657,P2295,10/02/2023,4,completed
O508963,C100033,P2120,11/10/2023,3,completed
O508964,C100875,P2192,07/21/2023,4,returned
O508965,C100877,P2293,07/06/2023,2,completed
O508966,C101278,P2120,08/21/2023,5,completed
O508967,C100747,P2218,11/16/2023,2,completed
O508968,C100850,P2210,04/21/2023,5,completed
O508969,C100112,P2295,04/10/2023,4,returned
O508970,C100447,P2046,01/10/2023,4,completed
O508971,C100689,P2074,04/03/2023,3,returned
O508972,C100957,P2163,03/25/2023,1,completed
O508973,C101434,P2060,03/29/2023,5,completed
O508974,C100893,P2235,11/05/2023,1,completed
O508975,C101181,P2144,04/26/2023,4,completed
O508976,C101091,P2185,09/20/2023,1,cancelled
O508977,C100170,P2100,04/19/2023,4,completed
O508978,C100298,P2074,07/31/2023,1,completed
O508979,C101191,P2141,05/19/2023,3,completed
O508980,C100926,P2137,06/25/2023,2,completed
O508981,C100889,P2194,07/22/2023,1,completed
O508982,C100473,P2259,06/25/2023,5,completed
O508983,C100831,P2224,03/05/2023,2,completed
O508984,C100909,P2208,08/17/2023,5,completed
O508985,C100019,P2112,11/14/2023,3,completed
O508986,C101260,P2257,12/10/2023,5,completed
O508987,C100270,P2103,07/06/2023,1,completed
O508988,C101498,P2107,12/18/2023,4,returned
O508989,C101361,P2276,11/15/2023,5,completed
O508990,C100332,P2089,06/03/2023,4,completed
O508991,C101342,P2219,02/25/2023,3,completed
O508992,C101051,P2261,07/16/2023,1,completed
O508993,C101358,P2003,05/25/2023,1,cancelled
O508994,C100554,P2232,01/08/2023,1,completed
O508995,C100862,P2054,05/22/2023,3,completed
O508996,C100934,P2251,01/26/2023,1,completed
O508997,C100800,P2110,02/12/2023,5,completed
O508998,C100669,P2089,05/08/2023,2,completed
O508999,C100016,P2238,10/10/2023,4,returned
O509000,C100186,P2181,10/25/2023,4,completed
O509001,C101374,P2116,07/22/2023,5,completed
O509002,C100057,P2000,07/27/2023,3,returned
O509003,C100896,P2178,08/15/2023,1,completed
O509004,C100328,P2289,08/13/2023,5,completed
O509005,C101459,P2053,07/22/2023,5,completed
O509006,C100556,P2046,04/15/2023,4,cancelled
O509007,C100612,P2168,08/30/2023,5,completed
O509008,C101128,P2131,07/31/2023,3,completed
O509009,C100944,P2079,07/24/2023,3,completed
O509010,C100288,P2260,10/11/2023,5,completed
O509011,C101093,P2077,08/18/2023,3,cancelled
O509012,C101034,P2029,12/31/2023,2,returned
O509013,C100125,P2153,08/19/2023,4,completed
O509014,C101049,P2103,01/06/2023,3,completed
O509015,C100987,P9999,05/17/2023,4,completed
O509016,C101033,P2251,05/14/2023,2,completed
O509017,C100035,P2280,06/08/2023,3,returned
O509018,C100448,P2156,07/14/2023,2,completed
O509019,C100159,P2176,01/09/2023,1,completed
O509020,C101316,P2166,02/04/2023,2,returned
O509021,C101020,P2088,08/16/2023,4,completed
O509022,C100532,P2228,11/17/2023,5,completed
O509023,C100403,P2039,01/07/2023,1,completed
O509024,C100491,P2210,10/31/2023,1,completed
O509025,C101179,P2284,06/03/2023,3,completed
O509026,C100171,P2217,06/19/2023,5,completed
O509027,C100019,P2163,05/04/2023,3,completed
O509028,C100796,P2209,12/20/2023,4,completed
O509029,C100344,P2273,12/21/2023,3,completed
O509030,C100574,P2170,05/30/2023,2,completed
O509031,C100684,P2269,08/08/2023,5,completed
O509032,C100234,P2121,03/31/2023,5,completed
O509033,C100076,P2052,06/07/2023,5,completed
O509034,C100281,P2005,02/23/2023,2,completed
O509035,C101001,P2004,08/01/2023,3,completed
O509036,C100580,P2227,07/25/2023,2,completed
O509037,C101281,P2243,01/04/2023,4,completed
O509038,C100406,P2125,05/24/2023,5,completed
O509039,C101401,P2099,06/08/2023,2,completed
O509040,C100299,P2267,04/24/2023,1,completed
O509041,C100713,P2040,10/25/2023,1,completed
O509042,C100398,P2256,05/31/2023,2,completed
O509043,C101006,P2138,06/19/2023,5,completed
O509044,C101380,P2000,07/10/2023,4,completed
O509045,C100052,P2269,11/25/2023,1,completed
O509046,C100043,P2064,02/22/2023,1,completed
O509047,C100634,P2120,10/16/2023,4,completed
O509048,C100692,P2238,11/27/2023,1,completed
O509049,C101379,P2149,08/07/2023,5,completed
O509050,C101481,P2130,01/25/2023,2,cancelled
O509051,C100417,P2178,01/10/2023,2,completed
O509052,C100108,P2188,08/06/2023,2,completed
O509053,C100904,P2133,06/12/2023,1,completed
O509054,C100682,P2007,08/07/2023,1,cancelled
O509055,C100817,P2123,12/29/2023,1,completed
O509056,C101031,P2039,08/23/2023,5,completed
O509057,C100707,P2217,08/21/2023,1,completed
O509058,C100545,P2122,05/25/2023,4,completed
O509059,C101007,P2194,12/20/2023,3,completed
O509060,C101319,P2186,05/29/2023,5,completed
O509061,C100194,P2108,07/07/2023,4,completed
O509062,C100386,P2013,06/11/2023,5,returned
O509063,C100011,P2095,12/25/2023,2,cancelled
O509064,C100767,P2130,05/16/2023,3,completed
O509065,C100669,P2043,05/08/2023,3,completed
O509066,C100154,P2226,11/21/2023,5,returned
O509067,C100558,P2003,10/20/2023,1,cancelled
O509068,C100857,P2250,04/12/2023,5,completed
O509069,C100597,P2239,12/16/2023,2,returned
O509070,C100237,P2080,06/16/2023,3,returned
O509071,C100501,P2185,02/28/2023,5,completed
O509072,C100470,P2206,10/24/2023,4,completed
O509073,C101150,P2290,06/25/2023,1,completed
O509074,C101221,P2028,07/04/2023,3,completed
O509075,C101455,P2171,05/29/2023,4,returned
O509076,C101075,P2053,05/05/2023,1,completed
O509077,C100721,P2005,09/04/2023,1,completed
O509078,C100961,P2121,02/06/2023,1,completed
O509079,C100634,P2213,10/16/2023,2,completed
O509080,C100409,P2118,06/28/2023,2,cancelled
O509081,C101314,P2055,01/25/2023,2,completed
O509082,C100649,P2034,09/17/2023,1,completed
O509083,C100969,P2007,01/09/2023,5,cancelled
O509084,C101041,P2283,01/16/2023,2,completed
O509085,C101416,P2088,02/12/2023,5,returned
O509086,C100938,P2290,02/10/2023,3,cancelled
O509087,C101329,P2279,02/04/2023,4,completed
O509088,C101431,P2191,05/14/2023,2,completed
O509089,C100091,P2069,07/05/2023,3,completed
O509090,C100580,P2206,06/11/2023,1,completed
O509091,C101409,P2004,05/06/2023,4,completed
O509092,C100389,P2164,07/14/2023,2,completed
O509093,C100799,P2047,05/22/2023,1,completed
O509094,C100652,P2174,06/21/2023,5,completed
O509095,C100410,P2222,04/23/2023,4,completed
O509096,C101104,P2195,02/25/2023,3,completed
O509097,C100894,P2142,01/14/2023,5,completed
O509098,C101472,P2280,11/15/2023,5,completed
O509099,C101281,P2024,02/01/2023,5,completed
O509100,C100210,P2171,05/26/2023,1,completed
O509101,C100990,P2271,09/11/2023,3,completed
O509102,C100216,P2133,06/10/2023,5,completed
O509103,C101425,P2156,04/24/2023,3,completed
O509104,C101268,P2203,06/09/2023,2,completed
O509105,C100845,P2000,05/02/2023,2,completed
O509106,C101250,P2088,04/11/2023,1,completed
O509107,C100282,P2116,03/05/2023,3,cancelled
O509108,C100564,P2004,03/14/2023,5,completed
O509109,C100084,P2118,09/15/2023,4,completed
O509110,C100673,P2137,11/16/2023,2,completed
O509111,C101084,P2207,05/22/2023,2,completed
O509112,C101208,P2005,12/06/2023,3,completed
O509113,C100523,P2074,07/04/2023,2,returned
O509114,C100472,P2174,10/20/2023,4,completed
O509115,C101437,P2223,11/20/2023,2,completed
O509116,C101456,P2293,01/21/2023,5,completed
O509117,C101341,P2145,05/24/2023,3,completed
O509118,C100128,P2135,11/02/2023,5,completed
O509119,C100781,P2276,05/24/2023,3,completed
O509120,C100449,P2121,08/07/2023,2,completed
O509121,C100558,P2161,08/25/2023,1,completed
O509122,C100856,P2159,11/15/2023,1,returned
O509123,C101333,P2185,03/22/2023,3,completed
O509124,C100453,P2140,08/09/2023,5,completed
O509125,C101010,P2172,01/14/2023,4,completed
O509126,C100880,P2038,05/15/2023,3,completed
O509127,C100320,P2227,03/06/2023,5,completed
O509128,C100455,P2127,03/26/2023,1,completed
O509129,C101321,P2016,12/12/2023,1,completed
O509130,C100548,P2107,11/11/2023,2,completed
O509131,C100694,P2211,12/17/2023,1,returned
O509132,C101461,P2250,10/26/2023,1,returned
O509133,C100069,P2099,12/11/2023,2,completed
O509134,C101039,P2069,04/02/2023,1,returned
O509135,C101286,P2247,01/22/2023,5,returned
O509136,C101232,P2023,09/24/2023,1,completed
O509137,C100651,P2162,08/28/2023,5,completed
O509138,C100121,P2214,06/15/2023,5,returned
O509139,C101176,P2175,11/01/2023,1,completed
O509140,C100752,P2111,03/30/2023,2,completed
O509141,C101140,P2235,03/18/2023,3,cancelled
O509142,C101194,P2158,10/13/2023,3,completed
O509143,C100968,P2167,09/16/2023,4,completed
O509144,C100551,P2221,05/08/2023,3,completed
O509145,C100852,P2268,10/11/2023,2,completed
O509146,C100331,P2179,04/25/2023,1,completed
O509147,C100823,P2164,12/01/2023,4,completed
O509148,C100200,P2244,09/13/2023,3,completed
O509149,C100611,P2246,09/29/2023,3,completed
O509150,C101359,P2186,12/28/2023,2,completed
O509151,C100403,P2001,03/04/2023,2,completed
O509152,C100990,P2271,12/16/2023,1,completed
O509153,C101035,P2137,01/18/2023,2,completed
O509154,C101384,P2206,08/17/2023,4,completed
O509155,C100600,P2144,11/19/2023,1,completed
O509156,C101020,P2029,01/06/2023,3,completed
O509157,C101107,P2256,08/06/2023,1,completed
O509158,C101052,P2252,02/26/2023,2,completed
O509159,C101267,P2132,09/16/2023,5,returned
O509160,C100811,P2107,05/20/2023,3,completed
O509161,C100807,P2177,01/07/2023,2,completed
O509162,C101003,P2242,10/26/2023,2,completed
O509163,C100244,P2011,08/25/2023,2,completed
O509164,C101336,P2044,03/03/2023,3,completed
O509165,C100152,P2091,07/03/2023,5,completed
O509166,C100737,P2286,09/09/2023,4,completed
O509167,C101391,P2134,01/08/2023,1,completed
O509168,C101480,P2222,03/11/2023,5,completed
O509169,C101330,P2230,10/15/2023,5,completed
O509170,C101040,P2075,07/28/2023,4,completed
O509171,C101490,P2080,01/06/2023,3,completed
O509172,C100935,P2290,06/23/2023,4,completed
O509173,C100143,P2074,01/11/2023,1,completed
O509174,C100088,P2296,03/29/2023,4,completed
O509175,C101217,P2129,10/25/2023,2,completed
O509176,C100533,P2004,05/02/2023,3,completed
O509177,C100849,P2165,06/27/2023,5,completed
O509178,C100168,P2069,10/15/2023,3,completed
O509179,C101223,P2059,02/18/2023,2,completed
O509180,C100207,P2146,01/24/2023,3,returned
O509181,C100083,P9999,03/19/2023,4,completed
O509182,C100611,P2237,12/22/2023,3,completed
O509183,C100690,P2285,12/06/2023,1,completed
O509184,C101003,P2146,01/15/2023,5,completed
O509185,C101171,P2264,02/16/2023,1,completed
O509186,C100252,P2044,05/22/2023,3,cancelled
O509187,C100729,P2049,08/27/2023,3,returned
O509188,C101164,P2299,10/04/2023,1,returned
O509189,C100689,P2030,03/13/2023,3,completed
O509190,C100468,P2155,04/11/2023,5,completed
O509191,C101320,P2213,07/26/2023,3,completed
O509192,C101269,P2078,08/12/2023,4,completed
O509193,C100798,P2015,11/07/2023,2,completed
O509194,C100413,P2110,05/23/2023,2,cancelled
O509195,C101058,P2089,12/18/2023,1,completed
O509196,C100087,P2104,09/17/2023,2,completed
O509197,C101051,P2288,10/09/2023,5,completed
O509198,C100283,P2265,08/19/2023,4,completed
O509199,C101267,P2074,12/10/2023,1,completed
O509200,C100703,P2023,05/22/2023,3,completed
O509201,C100350,P2244,01/19/2023,2,completed
O509202,C101241,P2257,10/24/2023,2,completed
O509203,C100099,P2128,09/04/2023,1,completed
O509204,C100915,P2056,09/16/2023,3,cancelled
O509205,C100053,P2291,10/12/2023,5,completed
O509206,C101201,P2176,01/15/2023,1,completed
O509207,C100889,P2089,07/07/2023,5,completed
O509208,C100730,P2015,08/07/2023,3,cancelled
O509209,C100426,P2028,05/12/2023,3,completed
O509210,C101385,P2065,07/13/2023,3,completed
O509211,C100203,P2014,11/16/2023,2,completed
O509212,C100816,P2049,11/24/2023,1,completed
O509213,C100583,P2143,03/31/2023,1,completed
O509214,C101340,P2098,01/11/2023,1,completed
O509215,C101209,P2030,09/18/2023,4,completed
O509216,C100788,P2018,09/14/2023,4,completed
O509217,C101085,P2024,12/27/2023,1,completed
O509218,C101180,P2087,10/09/2023,1,completed
O509219,C100242,P2186,03/29/2023,3,cancelled
O509220,C101232,P2110,12/02/2023,4,completed
O509221,C100894,P2180,06/14/2023,2,returned
O509222,C100543,P2238,01/07/2023,2,returned
O509223,C101238,P2220,11/28/2023,3,completed
O509224,C100347,P2063,11/26/2023,1,completed
O509225,C100386,P2190,11/10/2023,2,completed
O509226,C100278,P2100,09/03/2023,3,completed
O509227,C100659,P2157,11/22/2023,4,completed
O509228,C100489,P2081,12/09/2023,1,completed
O509229,C100704,P2004,07/06/2023,1,completed
O509230,C100884,P2063,01/18/2023,5,completed
O509231,C101400,P2156,07/24/2023,3,completed
O509232,C101283,P2027,10/11/2023,5,completed
O509233,C100825,P2256,07/27/2023,5,completed
O509234,C100642,P2298,12/03/2023,2,completed
O509235,C100659,P2228,03/01/2023,1,returned
O509236,C100714,P2116,04/25/2023,5,completed
O509237,C100185,P2121,02/19/2023,2,completed
O509238,C101226,P2231,08/24/2023,4,completed
O509239,C101497,P2043,04/02/2023,4,completed
O509240,C100875,P2160,04/17/2023,3,completed
O509241,C100531,P2280,04/14/2023,2,completed
O509242,C101283,P2204,08/03/2023,1,completed
O509243,C100710,P2253,08/31/2023,3,completed
O509244,C100526,P2020,09/06/2023,5,completed
O509245,C101392,P2249,02/04/2023,5,completed
O509246,C101399,P2073,03/16/2023,2,cancelled
O509247,C100234,P2023,01/13/2023,5,completed
O509248,C100567,P2212,06/07/2023,1,completed
O509249,C100057,P2005,07/20/2023,2,completed
O509250,C101227,P2207,03/29/2023,4,completed
O509251,C100608,P2079,10/04/2023,1,returned
O509252,C100121,P2284,03/17/2023,4,completed
O509253,C101062,P2196,07/17/2023,3,completed
O509254,C100741,P2041,05/31/2023,2,completed
O509255,C100061,P2276,12/01/2023,2,returned
O509256,C100943,P2100,05/03/2023,1,completed
O509257,C100399,P2093,04/02/2023,5,cancelled
O509258,C100500,P2063,03/04/2023,1,completed
O509259,C100930,P2209,09/08/2023,5,completed
O509260,C101215,P2175,08/22/2023,4,cancelled
O509261,C101033,P2080,05/21/2023,2,completed
O509262,C101009,P2225,08/05/2023,1,completed
O509263,C100707,P2293,02/03/2023,3,completed
O509264,C101240,P2014,09/16/2023,2,cancelled
O509265,C100426,P2153,10/18/2023,3,completed
O509266,C101120,P2225,03/22/2023,5,completed
O509267,C100690,P2262,06/18/2023,3,completed
O509268,C101273,P2274,11/26/2023,4,cancelled
O509269,C100352,P2281,09/05/2023,2,completed
O509270,C100625,P2054,12/22/2023,4,completed
O509271,C100815,P2224,12/13/2023,3,completed
O509272,C100114,P2116,02/09/2023,4,cancelled
O509273,C100899,P2099,04/30/2023,4,completed
O509274,C100216,P2040,05/12/2023,1,returned
O509275,C100809,P2273,02/21/2023,2,completed
O509276,C101359,P2102,07/25/2023,1,completed
O509277,C100199,P2273,09/09/2023,4,returned
O509278,C101159,P2219,08/29/2023,4,completed
O509279,C100814,P2068,06/28/2023,5,returned
O509280,C100195,P2192,02/17/2023,5,completed
O509281,C100907,P2121,08/19/2023,4,cancelled
O509282,C100605,P2196,10/01/2023,4,completed
O509283,C100311,P2234,12/01/2023,5,completed
O509284,C100700,P2128,08/04/2023,3,completed
O509285,C101277,P2023,05/25/2023,2,completed
O509286,C100726,P2289,12/27/2023,2,completed
O509287,C101313,P2203,02/20/2023,3,completed
O509288,C100603,P2251,02/10/2023,5,completed
O509289,C101313,P2112,05/16/2023,5,completed
O509290,C100150,P2037,02/04/2023,1,completed
O509291,C101364,P2157,01/20/2023,4,completed
O509292,C100044,P2034,12/08/2023,4,completed
O509293,C100334,P2042,06/08/2023,5,completed
O509294,C101142,P2093,09/30/2023,3,completed
O509295,C100230,P2195,02/21/2023,5,completed
O509296,C100118,P2284,11/27/2023,1,completed
O509297,C100868,P2055,06/25/2023,5,completed
O509298,C100457,P2042,06/01/2023,2,completed
O509299,C101471,P2030,04/14/2023,4,completed
O509300,C100907,P2250,09/14/2023,4,cancelled
O509301,C100225,P2019,07/02/2023,2,completed
O509302,C100710,P2051,10/23/2023,5,completed
O509303,C100719,P2083,05/23/2023,4,returned
O509304,C100192,P2242,11/25/2023,4,completed
O509305,C100349,P2053,06/02/2023,1,completed
O509306,C100685,P2265,03/08/2023,4,completed
O509307,C100676,P2089,11/04/2023,4,completed
O509308,C100676,P2035,03/10/2023,1,completed
O509309,C100763,P2226,03/24/2023,5,completed
O509310,C100453,P2040,01/11/2023,2,completed
O509311,C100238,P2090,05/31/2023,3,cancelled
O509312,C101465,P2050,08/14/2023,2,completed
O509313,C101030,P2112,04/28/2023,2,completed
O509314,C100596,P2195,12/21/2023,1,cancelled
O509315,C101027,P2120,10/18/2023,2,completed
O509316,C100744,P2127,08/06/2023,4,completed
O509317,C101139,P2295,06/20/2023,3,cancelled
O509318,C100958,P2086,10/13/2023,2,completed
O509319,C100632,P2077,04/18/2023,3,completed
O509320,C100557,P2148,10/12/2023,4,completed
O509321,C101386,P2005,04/05/2023,1,completed
O509322,C101202,P2166,01/04/2023,2,completed
O509323,C101439,P2153,01/05/2023,4,completed
O509324,C101440,P2124,02/13/2023,1,completed
O509325,C101044,P2050,06/25/2023,2,completed
O509326,C100267,P2185,02/13/2023,2,completed
O509327,C101445,P2059,07/02/2023,1,completed
O509328,C100263,P2294,07/03/2023,4,completed
O509329,C101363,P2221,02/09/2023,1,completed
O509330,C101223,P2076,03/12/2023,1,completed
O509331,C100299,P2091,10/26/2023,4,cancelled
O509332,C101107,P2298,04/17/2023,2,returned
O509333,C101280,P2157,08/25/2023,1,completed
O509334,C101444,P2264,08/27/2023,3,completed
O509335,C101387,P2215,04/28/2023,4,cancelled
O509336,C100993,P2195,05/07/2023,2,completed
O509337,C100512,P2017,07/28/2023,5,completed
O509338,C100864,P2039,01/26/2023,4,cancelled
O509339,C101201,P2195,10/17/2023,2,cancelled
O509340,C100151,P2283,01/22/2023,5,completed
O509341,C101347,P2029,02/02/2023,4,completed
O509342,C100539,P2202,04/10/2023,5,completed
O509343,C101098,P2116,02/16/2023,5,returned
O509344,C100748,P2087,07/13/2023,5,cancelled
O509345,C100149,P2226,10/27/2023,2,completed
O509346,C100857,P2051,08/09/2023,5,completed
O509347,C101410,P2128,09/02/2023,3,returned
O509348,C100441,P2084,02/02/2023,3,completed
O509349,C100706,P2169,11/03/2023,4,completed
O509350,C100218,P2266,10/01/2023,4,completed
O509351,C101000,P2036,11/17/2023,1,completed
O509352,C100233,P2064,11/23/2023,3,returned
O509353,C100196,P2241,08/08/2023,2,completed
O509354,C100428,P2175,07/09/2023,5,completed
O509355,C100098,P2136,12/01/2023,5,completed
O509356,C100834,P2031,02/06/2023,3,completed
O509357,C100481,P2235,09/05/2023,4,completed
O509358,C100364,P2218,10/02/2023,1,completed
O509359,C101357,P2198,03/01/2023,3,completed
O509360,C100641,P2037,05/30/2023,5,completed
O509361,C101050,P2102,06/07/2023,4,completed
O509362,C100566,P2044,12/05/2023,4,completed
O509363,C100856,P2113,06/14/2023,4,completed
O509364,C101415,P2182,06/09/2023,1,completed
O509365,C101193,P2065,12/13/2023,1,completed
O509366,C100955,P2051,08/17/2023,1,completed
O509367,C100923,P2199,08/03/2023,5,completed
O509368,C101238,P2296,04/16/2023,5,completed
O509369,C100575,P2183,07/11/2023,5,completed
O509370,C100909,P2151,03/05/2023,4,completed
O509371,C100855,P2003,11/25/2023,3,completed
O509372,C101272,P2037,09/27/2023,2,returned
O509373,C100563,P9999,04/30/2023,2,completed
O509374,C101235,P2118,05/04/2023,3,completed
O509375,C100173,P2291,09/27/2023,2,completed
O509376,C100740,P2088,04/22/2023,4,completed
O509377,C100688,P2224,11/22/2023,5,returned
O509378,C101433,P2013,11/15/2023,5,completed
O509379,C100817,P2248,02/09/2023,4,completed
O509380,C101493,P2068,06/09/2023,3,completed
O509381,C100739,P2109,08/20/2023,4,completed
O509382,C101181,P2060,08/09/2023,1,completed
O509383,C100211,P2289,07/08/2023,5,completed
O509384,C100209,P2082,05/11/2023,5,completed
O509385,C100462,P2130,05/19/2023,1,completed
O509386,C100911,P2296,09/06/2023,3,completed
O509387,C100004,P2158,02/03/2023,5,completed
O509388,C100930,P2149,02/25/2023,3,completed
O509389,C100058,P2169,02/12/2023,3,completed
O509390,C101299,P2195,05/28/2023,5,completed
O509391,C101008,P2021,12/07/2023,2,completed
O509392,C101466,P2130,04/29/2023,1,completed
O509393,C100936,P2082,08/07/2023,2,completed
O509394,C100705,P2175,06/12/2023,4,completed
O509395,C100725,P2121,04/29/2023,4,completed
O509396,C100917,P2051,09/28/2023,3,completed
O509397,C100856,P2073,07/25/2023,4,completed
O509398,C101247,P2157,06/22/2023,2,completed
O509399,C100385,P2003,07/08/2023,3,cancelled
O509400,C100434,P2188,03/30/2023,2,completed
O509401,C100878,P2018,11/14/2023,1,cancelled
O509402,C100354,P2075,02/22/2023,3,cancelled
O509403,C101400,P2230,12/25/2023,4,completed
O509404,C100764,P2239,10/16/2023,2,completed
O509405,C100847,P2026,01/31/2023,2,completed
O509406,C100101,P2218,12/23/2023,2,completed
O509407,C101196,P2099,12/01/2023,2,completed
O509408,C100570,P2157,03/18/2023,4,completed
O509409,C100492,P2074,06/04/2023,1,returned
O509410,C100086,P2028,03/15/2023,1,completed
O509411,C101124,P2286,04/02/2023,4,completed
O509412,C100220,P2121,03/06/2023,4,completed
O509413,C100960,P2125,01/27/2023,5,returned
O509414,C100414,P2233,02/17/2023,4,completed
O509415,C100067,P2115,07/20/2023,3,completed
O509416,C100047,P2206,10/11/2023,3,completed
O509417,C101288,P2176,07/31/2023,3,completed
O509418,C101239,P2029,08/10/2023,2,completed
O509419,C100036,P2219,12/23/2023,1,completed
O509420,C100730,P2059,09/22/2023,4,completed
O509421,C101341,P2014,10/14/2023,2,completed
O509422,C100242,P2231,01/26/2023,1,completed
O509423,C100698,P2102,06/22/2023,4,cancelled
O509424,C100705,P2021,09/17/2023,5,completed
O509425,C100268,P2298,12/11/2023,2,completed
O509426,C100823,P2190,03/28/2023,4,completed
O509427,C100205,P2076,04/18/2023,4,completed
O509428,C100738,P2238,09/16/2023,5,completed
O509429,C101078,P2064,02/11/2023,3,completed
O509430,C100173,P2266,08/24/2023,3,completed
O509431,C100163,P2278,08/12/2023,5,returned
O509432,C100759,P2010,08/12/2023,3,cancelled
O509433,C100302,P2092,04/21/2023,1,completed
O509434,C100735,P2159,04/02/2023,1,completed
O509435,C100517,P2018,02/12/2023,3,completed
O509436,C100023,P2100,04/07/2023,2,cancelled
O509437,C100692,P2181,12/07/2023,3,completed
O509438,C101464,P2081,07/29/2023,2,completed
O509439,C101417,P2207,06/07/2023,3,completed
O509440,C100271,P2010,11/27/2023,1,cancelled
O509441,C100470,P2074,01/25/2023,4,completed
O509442,C101082,P2197,08/11/2023,5,cancelled
O509443,C100352,P2291,03/01/2023,2,completed
O509444,C101374,P2105,02/25/2023,3,completed
O509445,C100066,P2127,06/23/2023,2,completed
O509446,C100861,P2024,10/12/2023,4,cancelled
O509447,C101354,P2202,02/15/2023,5,completed
O509448,C100600,P2066,04/03/2023,1,completed
O509449,C100197,P2296,09/27/2023,4,completed
O509450,C100453,P2096,11/02/2023,4,completed
O509451,C100938,P2280,10/02/2023,1,completed
O509452,C100787,P2043,04/14/2023,2,completed
O509453,C100266,P2039,12/19/2023,3,cancelled
O509454,C100111,P2055,11/04/2023,3,completed
O509455,C100741,P2172,08/06/2023,2,completed
O509456,C101257,P2194,02/22/2023,2,completed
O509457,C100481,P2286,12/22/2023,4,completed
O509458,C101462,P2193,10/27/2023,2,completed
O509459,C100850,P2072,09/28/2023,5,completed
O509460,C101454,P2236,04/11/2023,1,completed
O509461,C100556,P2043,07/13/2023,2,completed
O509462,C100342,P2230,07/02/2023,4,completed
O509463,C100457,P2020,01/13/2023,5,completed
O509464,C100200,P2143,04/25/2023,1,completed
O509465,C100526,P2175,07/17/2023,5,completed
O509466,C101453,P2137,05/27/2023,4,returned
O509467,C101258,P2001,09/27/2023,5,completed
O509468,C100055,P2257,02/05/2023,5,completed
O509469,C100328,P2179,12/06/2023,1,cancelled
O509470,C101177,P2271,02/12/2023,5,completed
O509471,C100053,P2008,12/03/2023,1,completed
O509472,C100914,P2123,08/25/2023,4,completed
O509473,C100139,P2226,09/29/2023,1,completed
O509474,C101032,P2003,03/19/2023,4,completed
O509475,C100392,P2006,04/22/2023,4,completed
O509476,C101275,P2071,06/27/2023,3,cancelled
O509477,C100789,P2030,02/11/2023,1,cancelled
O509478,C101017,P2266,09/21/2023,2,completed
O509479,C100098,P2238,02/17/2023,2,completed
O509480,C101432,P2174,10/25/2023,5,completed
O509481,C100491,P2045,09/10/2023,2,completed
O509482,C100340,P2172,11/27/2023,4,completed
O509483,C100858,P2219,08/12/2023,3,cancelled
O509484,C100726,P2118,02/27/2023,4,returned
O509485,C100300,P2040,05/26/2023,1,completed
O509486,C101122,P2231,04/20/2023,4,completed
O509487,C100236,P2079,07/23/2023,4,completed
O509488,C100727,P2194,08/17/2023,5,completed
O509489,C101248,P2181,05/17/2023,5,completed
O509490,C100440,P2131,05/07/2023,5,completed
O509491,C100047,P2003,01/22/2023,4,completed
O509492,C101117,P2130,07/31/2023,2,completed
O509493,C100696,P2080,10/24/2023,1,completed
O509494,C101168,P2212,06/30/2023,3,completed
O509495,C101287,P2290,04/02/2023,2,completed
O509496,C101224,P2131,12/22/2023,4,completed
O509497,C100831,P2059,08/24/2023,2,completed
O509498,C101202,P2017,06/10/2023,1,completed
O509499,C100933,P2276,10/30/2023,4,completed
O509500,C100527,P2026,04/24/2023,2,completed
O509501,C101025,P2202,07/24/2023,5,completed
O509502,C100543,P2019,12/08/2023,1,completed
O509503,C101033,P2048,02/20/2023,2,completed
O509504,C101376,P2245,12/03/2023,2,completed
O509505,C100261,P2159,04/03/2023,4,completed
O509506,C100375,P2077,03/19/2023,3,completed
O509507,C101077,P2064,06/01/2023,4,completed
O509508,C101435,P2204,04/24/2023,3,completed
O509509,C100844,P2293,10/15/2023,2,completed
O509510,C100952,P2247,04/09/2023,4,completed
O509511,C100187,P2285,04/18/2023,4,completed
O509512,C100845,P2141,02/13/2023,4,completed
O509513,C100240,P2204,05/05/2023,5,completed
O509514,C101333,P2017,06/14/2023,5,cancelled
O509515,C100183,P2287,10/18/2023,1,completed
O509516,C101302,P2178,11/23/2023,1,completed
O509517,C100271,P2037,12/29/2023,5,returned
O509518,C101299,P2159,10/22/2023,5,completed
O509519,C100754,P2077,06/27/2023,5,returned
O509520,C100104,P2040,10/24/2023,2,completed
O509521,C100645,P2006,03/30/2023,2,completed
O509522,C101380,P2116,08/26/2023,5,completed
O509523,C100992,P2151,04/29/2023,2,completed
O509524,C101147,P2120,05/12/2023,5,cancelled
O509525,C101250,P2108,03/05/2023,4,returned
O509526,C100039,P2071,06/08/2023,1,completed
O509527,C100421,P2099,08/26/2023,1,completed
O509528,C100780,P2098,05/05/2023,4,completed
O509529,C100040,P2150,09/15/2023,1,completed
O509530,C100052,P2122,09/28/2023,3,completed
O509531,C101252,P2172,05/08/2023,5,completed
O509532,C100201,P2209,07/20/2023,1,returned
O509533,C100266,P2213,05/18/2023,3,completed
O509534,C100286,P2165,11/23/2023,2,returned
O509535,C101000,P2099,09/04/2023,4,completed
O509536,C100013,P2083,11/24/2023,1,completed
O509537,C101237,P2202,02/11/2023,1,completed
O509538,C101395,P2164,06/07/2023,1,completed
O509539,C101380,P2040,02/17/2023,5,completed
O509540,C100864,P2193,01/09/2023,3,completed
O509541,C100356,P2265,07/16/2023,3,completed
O509542,C100787,P2063,11/25/2023,5,completed
O509543,C100745,P2229,03/24/2023,2,completed
O509544,C100694,P2153,11/18/2023,4,returned
O509545,C100072,P2148,08/07/2023,3,completed
O509546,C100973,P2242,10/13/2023,2,cancelled
O509547,C100587,P2088,05/16/2023,1,completed
O509548,C100103,P2195,09/11/2023,2,cancelled
O509549,C100070,P2245,09/12/2023,5,completed
O509550,C100260,P2133,12/04/2023,3,completed
O509551,C100083,P2200,01/09/2023,1,returned
O509552,C101474,P2286,04/28/2023,3,completed
O509553,C100391,P2276,09/27/2023,2,completed
O509554,C101420,P2127,06/24/2023,1,completed
O509555,C100384,P2133,08/18/2023,2,completed
O509556,C100248,P2062,12/31/2023,3,completed
O509557,C100023,P2296,08/13/2023,5,cancelled
O509558,C100548,P2019,12/30/2023,3,completed
O509559,C100718,P2170,12/06/2023,3,completed
O509560,C100194,P2072,06/30/2023,2,completed
O509561,C101292,P2285,03/17/2023,3,returned
O509562,C100716,P2021,10/25/2023,5,completed
O509563,C100742,P9999,12/16/2023,5,cancelled
O509564,C100497,P2193,03/18/2023,3,completed
O509565,C101467,P2054,05/28/2023,1,cancelled
O509566,C100749,P2003,08/01/2023,1,completed
O509567,C100499,P2285,12/01/2023,2,completed
O509568,C100266,P2139,08/24/2023,4,completed
O509569,C101279,P2178,09/28/2023,2,completed
O509570,C100188,P2069,12/26/2023,5,completed
O509571,C101231,P2235,05/16/2023,1,returned
O509572,C100098,P2007,07/20/2023,2,cancelled
O509573,C100251,P2050,04/09/2023,2,completed
O509574,C100331,P2130,04/18/2023,1,completed
O509575,C100691,P2234,10/21/2023,3,completed
O509576,C101369,P2170,04/14/2023,2,completed
O509577,C101211,P2169,12/23/2023,5,completed
O509578,C101341,P2040,12/24/2023,2,cancelled
O509579,C100495,P2087,07/25/2023,4,completed
O509580,C100199,P2078,11/01/2023,3,completed
O509581,C100875,P2101,05/06/2023,4,completed
O509582,C100757,P2024,07/17/2023,1,completed
O509583,C100420,P2111,03/12/2023,5,completed
O509584,C100079,P2071,11/11/2023,3,completed
O509585,C100374,P2062,05/22/2023,1,completed
O509586,C100376,P2123,11/26/2023,5,completed
O509587,C101141,P2187,12/19/2023,5,completed
O509588,C100768,P2178,06/13/2023,4,completed
O509589,C100305,P2059,08/09/2023,3,completed
O509590,C101398,P2169,07/02/2023,1,completed
O509591,C100723,P2240,01/27/2023,1,completed
O509592,C100932,P2081,08/31/2023,4,completed
O509593,C100205,P2196,10/22/2023,2,completed
O509594,C100163,P2060,11/30/2023,4,cancelled
O509595,C101251,P2179,01/13/2023,2,completed
O509596,C100169,P2043,12/23/2023,5,completed
O509597,C100798,P2200,09/07/2023,1,completed
O509598,C100599,P2290,07/14/2023,1,completed
O509599,C101223,P2022,04/14/2023,5,completed
O509600,C100713,P2246,04/13/2023,3,completed
O509601,C100645,P2116,07/07/2023,1,completed
O509602,C101083,P2018,07/03/2023,5,completed
O509603,C100232,P2293,08/03/2023,1,completed
O509604,C100968,P2126,01/07/2023,5,completed
O509605,C101023,P2193,09/16/2023,2,completed
O509606,C100651,P2192,03/14/2023,2,completed
O509607,C100556,P2131,12/26/2023,1,returned
O509608,C100904,P2186,05/23/2023,4,completed
O509609,C100672,P2132,08/13/2023,3,completed
O509610,C100339,P2066,06/05/2023,4,completed
O509611,C101487,P2104,04/20/2023,3,completed
O509612,C100423,P2153,04/23/2023,1,completed
O509613,C101278,P9999,11/27/2023,5,completed
O509614,C101212,P2125,04/28/2023,5,returned
O509615,C101113,P2157,02/18/2023,1,cancelled
O509616,C101176,P2058,04/30/2023,1,completed
O509617,C100120,P2163,07/02/2023,4,completed
O509618,C100643,P2280,05/17/2023,2,completed
O509619,C100868,P2280,12/21/2023,4,completed
O509620,C100356,P2155,01/06/2023,4,completed
O509621,C100236,P2246,06/12/2023,4,returned
O509622,C101395,P2252,04/02/2023,2,completed
O509623,C100931,P2076,08/23/2023,1,cancelled
O509624,C101258,P2242,11/09/2023,3,completed
O509625,C100498,P2001,05/24/2023,1,completed
O509626,C100428,P2004,06/08/2023,3,completed
O509627,C101462,P2271,01/13/2023,3,completed
O509628,C100637,P2102,01/26/2023,5,completed
O509629,C100200,P2061,04/30/2023,3,returned
O509630,C101111,P2032,08/16/2023,1,completed
O509631,C100915,P2270,02/07/2023,5,completed
O509632,C100851,P2114,10/08/2023,2,completed
O509633,C100631,P2095,09/11/2023,4,completed
O509634,C100197,P2142,01/04/2023,3,completed
O509635,C100024,P2108,07/26/2023,3,cancelled
O509636,C100637,P2199,10/08/2023,5,completed
O509637,C101132,P2130,05/18/2023,5,completed
O509638,C100322,P2147,02/09/2023,1,completed
O509639,C100299,P2212,03/01/2023,5,completed
O509640,C100209,P2203,11/27/2023,2,completed
O509641,C100263,P2258,12/12/2023,4,completed
O509642,C100675,P2061,11/05/2023,1,cancelled
O509643,C100682,P2093,12/13/2023,1,completed
O509644,C100696,P2187,08/09/2023,3,completed
O509645,C100576,P2254,04/19/2023,3,completed
O509646,C101414,P2206,01/20/2023,3,completed
O509647,C101416,P2245,09/04/2023,1,completed
O509648,C101407,P2293,05/24/2023,1,completed
O509649,C101425,P2182,04/26/2023,2,completed
O509650,C100943,P2166,07/06/2023,3,completed
O509651,C101143,P2039,03/10/2023,3,completed
O509652,C100439,P2165,11/07/2023,2,completed
O509653,C100300,P2044,12/19/2023,4,completed
O509654,C100073,P2142,10/03/2023,2,completed
O509655,C101206,P2159,02/24/2023,4,completed
O509656,C100405,P2047,04/09/2023,2,returned
O509657,C100207,P2172,12/17/2023,1,completed
O509658,C100760,P2213,07/26/2023,3,completed
O509659,C100622,P2004,11/21/2023,3,completed
O509660,C100501,P2241,10/01/2023,5,completed
O509661,C100626,P2109,03/29/2023,2,completed
O509662,C101104,P2214,01/23/2023,4,returned
O509663,C100458,P2017,12/27/2023,3,completed
O509664,C100067,P2114,06/05/2023,2,completed
O509665,C101049,P2126,03/18/2023,3,completed
O509666,C100853,P2197,07/13/2023,3,completed
O509667,C100115,P2289,05/07/2023,2,completed
O509668,C100851,P2229,09/07/2023,5,completed
O509669,C100150,P2103,08/25/2023,5,completed
O509670,C100345,P2113,06/11/2023,4,completed
O509671,C100387,P2114,03/22/2023,4,completed
O509672,C101078,P2291,06/27/2023,5,returned
O509673,C100751,P2044,02/23/2023,4,completed
O509674,C100598,P2028,09/03/2023,5,completed
O509675,C100087,P2282,01/04/2023,5,returned
O509676,C100789,P2138,05/13/2023,5,cancelled
O509677,C100708,P2290,04/18/2023,4,completed
O509678,C100229,P2111,02/13/2023,1,completed
O509679,C100622,P2198,08/07/2023,1,completed
O509680,C100173,P2105,09/26/2023,3,completed
O509681,C101473,P2196,06/03/2023,5,completed
O509682,C100720,P2077,10/10/2023,5,completed
O509683,C101108,P2041,06/05/2023,4,completed
O509684,C100578,P2238,09/15/2023,3,completed
O509685,C100393,P2276,01/15/2023,5,completed
O509686,C100500,P2293,08/10/2023,3,returned
O509687,C101275,P2048,01/02/2023,3,completed
O509688,C101131,P2044,11/17/2023,5,cancelled
O509689,C100744,P2130,05/25/2023,1,completed
O509690,C101367,P2192,10/23/2023,1,completed
O509691,C100399,P2167,10/08/2023,5,completed
O509692,C100646,P2137,06/08/2023,2,completed
O509693,C101303,P2204,05/28/2023,4,returned
O509694,C100942,P2247,09/15/2023,5,completed
O509695,C100917,P2239,03/30/2023,4,completed
O509696,C100441,P2175,05/19/2023,1,completed
O509697,C100980,P2126,05/05/2023,2,completed
O509698,C100172,P2091,05/15/2023,2,completed
O509699,C100385,P2090,05/30/2023,5,completed
O509700,C100334,P2268,03/04/2023,3,completed
O509701,C100081,P2286,12/11/2023,2,returned
O509702,C100923,P2117,03/27/2023,3,completed
O509703,C100880,P2149,10/21/2023,3,cancelled
O509704,C100310,P2184,04/15/2023,5,completed
O509705,C101272,P2026,09/18/2023,2,completed
O509706,C100822,P2022,08/02/2023,5,completed
O509707,C100020,P2020,05/01/2023,5,completed
O509708,C100811,P2278,09/20/2023,2,returned
O509709,C101162,P2250,04/07/2023,1,completed
O509710,C100490,P2160,09/08/2023,5,completed
O509711,C100384,P2021,07/11/2023,4,cancelled
O509712,C100155,P2129,10/23/2023,1,completed
O509713,C100606,P2282,06/13/2023,3,completed
O509714,C100266,P2116,06/05/2023,5,completed
O509715,C101388,P2090,08/11/2023,1,completed
O509716,C100580,P2254,03/08/2023,5,completed
O509717,C100630,P2216,10/29/2023,4,completed
O509718,C100606,P2121,08/15/2023,2,returned
O509719,C100960,P2077,09/04/2023,2,returned
O509720,C100239,P2110,04/26/2023,4,completed
O509721,C100718,P2123,10/12/2023,3,returned
O509722,C101066,P2235,02/04/2023,1,completed
O509723,C100795,P2162,03/17/2023,2,completed
O509724,C100346,P2204,08/22/2023,2,completed
O509725,C101463,P2120,11/27/2023,1,completed
O509726,C100793,P2032,11/23/2023,3,completed
O509727,C101354,P2249,04/03/2023,4,cancelled
O509728,C100901,P2051,08/14/2023,1,completed
O509729,C101269,P2170,05/11/2023,5,completed
O509730,C101469,P2030,01/28/2023,2,completed
O509731,C100902,P2149,08/11/2023,2,completed
O509732,C101110,P2150,06/25/2023,2,completed
O509733,C101404,P2108,12/15/2023,5,returned
O509734,C101279,P2191,08/13/2023,5,cancelled
O509735,C101419,P2053,07/30/2023,2,completed
O509736,C100124,P2230,11/26/2023,3,completed
O509737,C101189,P2056,06/30/2023,5,completed
O509738,C100867,P2202,09/17/2023,5,completed
O509739,C101166,P2202,02/11/2023,4,completed
O509740,C101125,P2031,11/06/2023,3,cancelled
O509741,C100234,P2128,05/21/2023,1,completed
O509742,C100618,P2057,04/09/2023,2,completed
O509743,C100994,P2299,05/18/2023,2,completed
O509744,C101326,P2249,10/19/2023,2,cancelled
O509745,C101091,P2197,09/16/2023,1,completed
O509746,C101241,P2245,11/28/2023,3,completed
O509747,C100617,P2181,05/29/2023,5,completed
O509748,C101262,P2214,08/26/2023,5,completed
O509749,C100915,P2062,11/01/2023,3,completed
O509750,C101236,P2197,09/01/2023,5,completed
O509751,C101166,P2075,01/07/2023,1,completed
O509752,C101324,P2214,12/24/2023,2,completed
O509753,C100104,P2224,03/02/2023,3,completed
O509754,C100598,P2206,11/27/2023,2,completed
O509755,C100564,P2169,08/23/2023,4,completed
O509756,C100122,P2086,04/14/2023,1,completed
O509757,C100259,P2021,12/13/2023,1,returned
O509758,C100158,P2261,04/29/2023,3,completed
O509759,C101453,P2086,07/29/2023,2,completed
O509760,C100950,P2113,10/01/2023,2,completed
O509761,C100074,P2239,04/07/2023,4,completed
O509762,C100898,P2058,12/28/2023,2,completed
O509763,C100944,P2113,03/27/2023,2,completed
O509764,C100693,P2042,06/04/2023,2,completed
O509765,C100014,P2104,03/16/2023,2,completed
O509766,C100278,P2032,01/18/2023,1,completed
O509767,C101087,P2123,06/20/2023,3,completed
O509768,C100915,P2009,06/28/2023,2,returned
O509769,C101287,P2007,06/28/2023,5,completed
O509770,C101408,P2043,05/26/2023,4,completed
O509771,C100453,P2151,10/07/2023,2,completed
O509772,C101310,P2000,08/21/2023,1,returned
O509773,C100354,P2241,12/17/2023,2,completed
O509774,C100626,P2181,05/10/2023,5,completed
O509775,C101145,P2204,07/25/2023,3,completed
O509776,C100922,P2197,06/15/2023,5,returned
O509777,C101399,P2269,01/28/2023,4,completed
O509778,C101226,P2227,06/27/2023,3,completed
O509779,C100828,P2147,12/18/2023,3,completed
O509780,C101272,P2179,07/10/2023,3,returned
O509781,C100445,P2053,09/24/2023,3,completed
O509782,C100193,P2297,09/10/2023,2,completed
O509783,C101049,P2086,04/30/2023,2,completed
O509784,C100862,P2258,05/26/2023,2,completed
O509785,C100997,P2047,02/12/2023,4,completed
O509786,C101180,P2102,03/29/2023,5,completed
O509787,C100170,P2297,03/05/2023,1,completed
O509788,C100076,P2088,05/11/2023,4,completed
O509789,C100465,P2055,05/21/2023,2,completed
O509790,C101032,P2205,07/11/2023,5,completed
O509791,C100123,P2074,07/23/2023,2,completed
O509792,C101051,P2192,10/06/2023,5,completed
O509793,C101219,P2106,07/05/2023,5,completed
O509794,C100944,P2292,04/24/2023,4,completed
O509795,C100787,P2027,02/19/2023,4,returned
O509796,C101281,P2062,03/09/2023,4,completed
O509797,C100679,P2020,06/06/2023,1,completed
O509798,C100570,P2085,12/28/2023,2,completed
O509799,C100705,P2262,07/02/2023,2,completed
O509800,C100487,P2087,08/28/2023,5,completed
O509801,C101173,P2051,11/13/2023,1,completed
O509802,C100639,P2175,03/28/2023,3,returned
O509803,C101143,P2290,11/11/2023,4,completed
O509804,C101015,P2044,02/18/2023,3,completed
O509805,C101437,P2259,09/06/2023,3,returned
O509806,C101239,P2201,12/20/2023,1,completed
O509807,C100052,P2146,01/08/2023,4,cancelled
O509808,C100732,P2031,11/19/2023,4,returned
O509809,C100986,P2280,06/20/2023,1,completed
O509810,C100561,P2266,06/07/2023,2,completed
O509811,C100030,P2223,07/15/2023,1,cancelled
O509812,C100103,P2146,06/20/2023,5,completed
O509813,C100018,P2171,02/28/2023,3,completed
O509814,C100428,P2064,03/27/2023,4,completed
O509815,C101196,P2006,06/04/2023,3,returned
O509816,C100539,P2244,09/28/2023,3,completed
O509817,C101047,P2258,07/19/2023,1,completed
O509818,C100132,P2186,04/26/2023,3,completed
O509819,C101281,P2143,05/15/2023,3,completed
O509820,C100620,P2004,10/27/2023,1,returned
O509821,C101232,P2039,07/10/2023,3,completed
O509822,C100106,P2252,03/20/2023,5,completed
O509823,C100858,P2276,08/05/2023,2,completed
O509824,C101494,P2146,01/06/2023,3,completed
O509825,C100487,P2122,11/21/2023,5,completed
O509826,C101431,P2202,02/26/2023,3,completed
O509827,C100141,P2286,03/03/2023,5,cancelled
O509828,C101060,P2257,11/26/2023,2,completed
O509829,C100406,P2057,01/30/2023,2,completed
O509830,C101127,P2096,10/31/2023,4,completed
O509831,C100245,P2046,03/24/2023,3,completed
O509832,C100079,P2217,01/16/2023,2,completed
O509833,C101220,P2016,12/09/2023,1,completed
O509834,C100493,P2112,12/14/2023,5,completed
O509835,C101216,P2153,05/04/2023,5,completed
O509836,C100764,P2197,04/15/2023,1,completed
O509837,C100448,P2266,06/11/2023,5,completed
O509838,C100894,P2101,04/02/2023,5,completed
O509839,C101215,P2152,04/09/2023,5,completed
O509840,C101420,P2023,10/30/2023,3,completed
O509841,C100556,P2276,11/18/2023,2,completed
O509842,C101199,P2254,05/03/2023,2,completed
O509843,C101090,P2075,08/31/2023,2,completed
O509844,C100835,P2155,11/24/2023,2,completed
O509845,C100943,P2111,09/07/2023,2,completed
O509846,C101330,P2117,11/19/2023,3,completed
O509847,C100666,P2087,08/29/2023,3,completed
O509848,C100963,P2186,11/21/2023,4,completed
O509849,C101248,P2086,06/03/2023,3,completed
O509850,C101385,P2117,03/31/2023,5,completed
O509851,C101498,P2010,04/20/2023,1,completed
O509852,C100731,P2177,01/13/2023,1,completed
O509853,C100863,P2203,07/16/2023,1,returned
O509854,C100842,P2135,10/11/2023,1,cancelled
O509855,C100271,P2190,08/11/2023,4,completed
O509856,C100761,P2146,11/18/2023,4,completed
O509857,C100814,P2062,09/15/2023,4,completed
O509858,C100198,P2024,02/27/2023,2,completed
O509859,C100004,P2148,03/10/2023,1,completed
O509860,C101394,P2165,09/05/2023,4,completed
O509861,C101082,P2018,01/23/2023,1,completed
O509862,C100451,P2263,05/10/2023,1,completed
O509863,C100518,P2264,09/29/2023,5,completed
O509864,C100780,P2045,08/03/2023,3,completed
O509865,C100268,P2011,09/16/2023,1,completed
O509866,C101214,P2031,11/10/2023,2,completed
O509867,C101334,P2189,02/17/2023,5,completed
O509868,C100365,P2256,10/05/2023,2,completed
O509869,C100814,P2190,01/27/2023,4,completed
O509870,C101046,P2094,11/09/2023,3,completed
O509871,C100000,P2193,05/01/2023,4,completed
O509872,C100774,P2230,09/14/2023,3,completed
O509873,C100193,P2154,03/21/2023,3,completed
O509874,C101090,P2253,01/21/2023,3,completed
O509875,C101143,P2056,12/21/2023,4,completed
O509876,C100542,P2279,04/23/2023,2,completed
O509877,C100937,P2075,08/30/2023,1,completed
O509878,C101428,P2104,12/01/2023,1,completed
O509879,C100502,P2008,01/04/2023,4,completed
O509880,C100739,P2141,07/14/2023,3,completed
O509881,C100142,P2202,07/23/2023,3,completed
O509882,C100547,P2209,08/20/2023,2,completed
O509883,C100053,P2181,12/20/2023,3,completed
O509884,C100221,P2165,08/04/2023,4,completed
O509885,C100742,P2168,11/01/2023,3,completed
O509886,C100402,P2040,06/09/2023,3,completed
O509887,C100122,P9999,07/01/2023,2,completed
O509888,C101237,P2085,09/05/2023,1,completed
O509889,C100392,P2204,01/05/2023,4,completed
O509890,C100044,P2093,08/23/2023,2,completed
O509891,C101168,P2071,03/01/2023,4,completed
O509892,C100725,P2067,11/13/2023,5,returned
O509893,C100470,P2285,11/03/2023,5,returned
O509894,C101317,P2065,05/09/2023,5,completed
O509895,C101115,P2040,11/15/2023,3,completed
O509896,C101243,P2054,10/21/2023,2,completed
O509897,C101306,P2044,04/20/2023,1,returned
O509898,C101402,P2206,08/27/2023,4,completed
O509899,C100470,P2235,01/24/2023,1,completed
O509900,C100427,P2019,11/22/2023,1,completed
O509901,C100372,P2213,11/17/2023,3,completed
O509902,C101358,P2159,04/28/2023,5,completed
O509903,C100691,P2248,04/07/2023,5,completed
O509904,C100164,P2283,09/29/2023,3,completed
O509905,C101102,P2214,01/25/2023,4,completed
O509906,C100209,P2123,07/12/2023,1,completed
O509907,C100000,P2005,09/24/2023,5,completed
O509908,C101133,P2266,08/06/2023,2,completed
O509909,C100172,P2284,09/09/2023,2,completed
O509910,C100593,P2296,07/05/2023,1,completed
O509911,C100548,P2144,01/13/2023,1,completed
O509912,C101457,P2268,09/30/2023,1,completed
O509913,C100752,P2209,10/26/2023,2,completed
O509914,C100764,P2190,11/01/2023,1,completed
O509915,C100212,P2117,10/22/2023,2,completed
O509916,C101470,P2075,11/04/2023,4,completed
O509917,C100076,P2218,10/24/2023,1,completed
O509918,C100633,P2155,02/02/2023,1,returned
O509919,C101224,P2227,09/15/2023,1,completed
O509920,C101049,P2252,11/22/2023,5,completed
O509921,C100779,P2223,01/16/2023,2,completed
O509922,C101312,P2299,08/03/2023,2,completed
O509923,C100731,P2025,09/14/2023,3,returned
O509924,C100453,P2284,05/11/2023,3,completed
O509925,C101197,P2075,01/18/2023,1,cancelled
O509926,C101118,P2139,08/23/2023,5,completed
O509927,C100733,P2204,10/09/2023,2,completed
O509928,C100268,P2122,07/11/2023,5,completed
O509929,C100705,P2287,12/02/2023,2,completed
O509930,C100229,P2247,03/05/2023,3,completed
O509931,C100310,P2084,03/28/2023,5,completed
O509932,C100143,P2131,06/13/2023,4,completed
O509933,C101077,P2223,06/09/2023,2,completed
O509934,C100185,P2291,01/24/2023,1,completed
O509935,C100617,P2052,02/26/2023,5,completed
O509936,C101423,P2196,12/13/2023,1,completed
O509937,C100525,P2105,06/24/2023,4,completed
O509938,C100338,P2172,12/25/2023,2,returned
O509939,C101264,P2233,07/07/2023,2,completed
O509940,C100024,P2199,01/31/2023,3,completed
O509941,C100711,P2024,01/31/2023,5,completed
O509942,C101416,P2029,10/09/2023,2,completed
O509943,C100293,P2258,05/20/2023,4,completed
O509944,C101198,P2052,04/14/2023,2,completed
O509945,C100453,P2078,08/16/2023,3,completed
O509946,C101402,P2270,11/14/2023,3,completed
O509947,C101231,P2014,12/27/2023,5,completed
O509948,C101316,P2080,01/19/2023,3,completed
O509949,C100244,P2148,09/12/2023,2,completed
O509950,C100859,P2131,05/18/2023,5,completed
O509951,C100432,P2150,01/27/2023,2,completed
O509952,C100167,P2190,11/24/2023,4,completed
O509953,C101464,P2217,04/09/2023,3,returned
O509954,C100318,P2143,12/02/2023,5,cancelled
O509955,C100098,P2152,11/11/2023,1,returned
O509956,C101432,P2222,12/12/2023,5,completed
O509957,C101043,P2008,10/02/2023,4,completed
O509958,C100259,P2253,04/26/2023,3,returned
O509959,C100989,P2197,01/09/2023,5,completed
O509960,C100625,P2176,11/23/2023,5,cancelled
O509961,C101483,P2154,08/31/2023,5,completed
O509962,C101274,P2010,10/16/2023,2,completed
O509963,C101172,P2035,08/08/2023,4,completed
O509964,C101365,P2100,02/14/2023,2,completed
O509965,C101251,P2225,09/02/2023,4,completed
O509966,C100777,P2250,12/18/2023,2,completed
O509967,C101039,P2295,12/28/2023,5,completed
O509968,C100093,P2269,02/23/2023,2,completed
O509969,C100027,P2013,02/02/2023,3,completed
O509970,C101326,P2021,02/02/2023,5,completed
O509971,C100146,P9999,12/10/2023,3,completed
O509972,C100862,P2011,07/04/2023,5,completed
O509973,C100391,P2248,10/31/2023,4,completed
O509974,C100562,P2058,09/23/2023,1,completed
O509975,C100038,P2292,09/05/2023,4,completed
O509976,C100755,P2133,09/19/2023,1,returned
O509977,C100598,P2062,08/07/2023,3,completed
O509978,C100091,P2193,11/25/2023,2,completed
O509979,C100934,P2177,09/28/2023,1,completed
O509980,C101062,P2219,12/11/2023,2,completed
O509981,C100063,P2222,05/07/2023,4,completed
O509982,C100070,P2254,05/15/2023,3,completed
O509983,C101282,P2127,08/10/2023,3,completed
O509984,C100291,P2091,01/27/2023,2,completed
O509985,C101125,P2059,09/30/2023,5,completed
O509986,C100449,P2097,09/10/2023,3,returned
O509987,C100763,P2165,08/29/2023,5,completed
O509988,C100872,P2038,03/21/2023,3,completed
O509989,C101000,P2224,02/10/2023,3,cancelled
O509990,C101193,P2250,01/02/2023,4,completed
O509991,C100469,P2250,10/11/2023,4,completed
O509992,C100095,P2180,11/19/2023,4,completed
O509993,C101436,P2214,06/21/2023,2,completed
O509994,C101324,P2039,05/12/2023,5,completed
O509995,C100215,P2028,11/08/2023,4,completed
O509996,C100280,P2087,06/28/2023,3,completed
O509997,C101441,P2015,01/04/2023,1,completed
O509998,C100151,P2036,07/13/2023,2,completed
O509999,C100078,P2152,03/26/2023,5,completed
O510000,C101146,P2069,06/15/2023,5,completed
O510001,C100002,P2118,04/04/2023,5,completed
O510002,C100788,P2057,01/21/2023,2,completed
O510003,C100628,P2113,12/26/2023,3,completed
O510004,C100043,P2193,06/10/2023,4,completed
O510005,C101386,P2187,09/22/2023,5,completed
O510006,C100568,P2187,01/23/2023,1,completed
O510007,C100570,P2206,01/10/2023,4,completed
O510008,C101223,P2085,07/14/2023,2,completed
O510009,C100244,P2033,05/28/2023,4,completed
O510010,C100347,P2202,12/09/2023,3,completed
O510011,C101208,P2278,04/26/2023,4,completed
O510012,C100066,P2173,03/26/2023,1,completed
O510013,C100632,P2146,12/23/2023,2,completed
O510014,C101195,P2071,11/11/2023,1,completed
O510015,C100529,P2290,10/08/2023,5,completed
O510016,C100958,P2091,03/10/2023,4,returned
O510017,C100429,P2080,12/24/2023,5,completed
O510018,C101406,P2117,11/09/2023,4,completed
O510019,C101217,P2175,07/19/2023,2,completed
O510020,C101129,P2215,05/17/2023,2,completed
O510021,C100937,P2293,05/02/2023,5,completed
O510022,C101095,P2163,10/14/2023,5,completed
O510023,C100907,P2149,08/04/2023,5,completed
O510024,C100225,P2259,02/24/2023,5,completed
O510025,C100097,P2079,05/12/2023,4,returned
O510026,C101203,P2129,01/31/2023,3,completed
O510027,C100520,P2222,04/20/2023,4,completed
O510028,C100959,P2008,02/05/2023,3,completed
O510029,C100443,P2179,08/22/2023,5,completed
O510030,C100850,P2263,03/25/2023,1,completed
O510031,C100493,P2012,01/08/2023,3,returned
O510032,C100203,P2059,09/05/2023,2,completed
O510033,C101355,P2057,03/21/2023,2,completed
O510034,C100428,P2083,05/04/2023,5,completed
O510035,C101003,P2170,02/26/2023,1,completed
O510036,C101491,P2124,08/07/2023,4,returned
O510037,C100128,P2142,10/30/2023,1,completed
O510038,C100617,P2246,08/16/2023,3,returned
O510039,C100376,P2078,06/16/2023,4,completed
O510040,C101490,P2175,02/14/2023,5,completed
O510041,C100078,P2022,05/26/2023,3,completed
O510042,C100324,P2267,11/17/2023,2,completed
O510043,C100276,P2161,01/26/2023,4,completed
O510044,C100087,P2296,02/13/2023,2,completed
O510045,C100840,P2095,09/22/2023,1,completed
O510046,C100799,P2286,08/06/2023,4,completed
O510047,C101482,P2195,03/25/2023,1,completed
O510048,C101097,P2125,10/01/2023,5,completed
O510049,C100100,P2093,02/01/2023,2,completed
O510050,C100587,P2180,05/04/2023,3,returned
O510051,C100414,P2282,08/19/2023,3,completed
O510052,C100326,P2029,06/23/2023,1,completed
O510053,C100627,P2164,11/24/2023,2,completed
O510054,C100129,P2001,02/11/2023,5,cancelled
O510055,C100231,P2109,04/20/2023,3,completed
O510056,C101073,P2098,10/20/2023,4,completed
O510057,C100069,P2291,04/05/2023,4,completed
O510058,C101364,P2239,01/05/2023,1,returned
O510059,C101478,P2252,05/24/2023,4,returned
O510060,C100463,P2043,11/28/2023,3,completed
O510061,C101344,P2245,08/15/2023,2,completed
O510062,C101417,P2076,02/25/2023,4,completed
O510063,C101168,P2015,08/03/2023,2,completed
O510064,C100208,P2021,08/17/2023,3,completed
O510065,C100694,P2099,04/20/2023,2,completed
O510066,C101471,P2053,11/13/2023,4,completed
O510067,C100628,P2083,12/30/2023,5,completed
O510068,C100486,P2237,05/28/2023,4,completed
O510069,C101310,P2200,12/16/2023,3,completed
O510070,C101477,P2213,08/09/2023,1,completed
O510071,C100912,P2013,03/19/2023,4,completed
O510072,C100462,P2152,12/24/2023,2,returned
O510073,C101215,P2101,07/20/2023,4,completed
O510074,C100729,P2191,10/19/2023,3,completed
O510075,C100939,P2241,05/10/2023,1,completed
O510076,C100544,P2191,04/28/2023,3,completed
O510077,C101113,P2219,11/22/2023,2,completed
O510078,C100737,P2024,08/29/2023,4,completed
O510079,C100080,P2240,05/13/2023,1,completed
O510080,C100235,P2194,12/28/2023,4,completed
O510081,C100124,P2256,11/15/2023,1,completed
O510082,C101057,P2269,07/10/2023,4,completed
O510083,C100491,P2186,06/20/2023,2,completed
O510084,C100121,P2086,09/03/2023,4,completed
O510085,C100829,P2062,04/04/2023,2,completed
O510086,C100638,P2049,12/20/2023,4,completed
O510087,C100725,P2106,07/24/2023,2,completed
O510088,C100917,P2018,09/03/2023,4,completed
O510089,C100144,P2204,08/13/2023,1,completed
O510090,C101059,P2141,12/03/2023,2,completed
O510091,C101364,P2088,03/21/2023,2,completed
O510092,C100803,P2272,01/22/2023,4,completed
O510093,C100842,P2142,10/02/2023,3,completed
O510094,C100614,P2205,08/07/2023,5,completed
O510095,C100630,P2124,03/20/2023,2,completed
O510096,C100295,P2091,03/02/2023,3,completed
O510097,C101376,P2267,04/24/2023,4,completed
O510098,C100780,P2168,11/21/2023,5,completed
O510099,C100969,P2273,11/06/2023,4,completed
O510100,C101200,P2296,04/20/2023,1,completed
O510101,C100222,P2273,03/04/2023,2,completed
O510102,C100490,P2208,07/30/2023,1,returned
O510103,C100005,P2134,10/22/2023,1,completed
O510104,C100425,P2229,06/18/2023,1,completed
O510105,C100283,P2178,05/01/2023,5,returned
O510106,C100355,P2030,12/29/2023,2,completed
O510107,C101036,P2067,05/30/2023,5,completed
O510108,C100135,P2298,03/22/2023,1,completed
O510109,C100868,P2029,02/17/2023,5,completed
O510110,C100259,P2007,04/10/2023,3,cancelled
O510111,C100156,P2065,09/23/2023,4,completed
O510112,C101321,P2289,06/04/2023,5,completed
O510113,C100198,P2050,12/12/2023,5,completed
O510114,C101180,P2067,02/10/2023,5,returned
O510115,C100547,P2071,02/05/2023,3,cancelled
O510116,C100319,P2281,08/02/2023,5,returned
O510117,C100888,P2081,12/16/2023,2,completed
O510118,C100953,P2080,01/09/2023,2,completed
O510119,C101001,P2156,04/12/2023,1,completed
O510120,C100263,P2277,06/30/2023,2,completed
O510121,C100106,P2035,12/10/2023,1,completed
O510122,C100467,P2031,09/15/2023,2,completed
O510123,C101323,P2263,09/19/2023,2,cancelled
O510124,C100719,P2131,11/22/2023,4,completed
O510125,C101119,P2183,05/06/2023,4,completed
O510126,C101432,P2219,12/21/2023,4,completed
O510127,C100545,P2140,09/15/2023,2,completed
O510128,C100028,P2126,01/27/2023,1,completed
O510129,C100552,P2065,01/10/2023,2,returned
O510130,C100687,P2119,12/06/2023,1,completed
O510131,C101187,P2055,08/27/2023,2,completed
O510132,C101372,P2269,08/04/2023,1,completed
O510133,C100480,P2248,11/20/2023,3,completed
O510134,C100718,P2040,03/01/2023,3,completed
O510135,C100075,P2156,01/24/2023,4,completed
O510136,C100890,P2133,08/20/2023,1,returned
O510137,C101253,P2041,02/28/2023,3,completed
O510138,C100847,P2158,03/30/2023,1,completed
O510139,C100537,P2257,08/25/2023,1,completed
O510140,C101157,P2114,06/05/2023,4,completed
O510141,C100068,P2080,12/01/2023,1,returned
O510142,C100817,P2115,04/13/2023,5,returned
O510143,C100307,P2035,11/25/2023,1,completed
O510144,C100678,P2199,06/11/2023,4,completed
O510145,C101403,P2207,09/06/2023,1,completed
O510146,C100890,P2150,10/01/2023,4,completed
O510147,C100044,P2199,05/19/2023,2,completed
O510148,C100182,P2143,03/30/2023,5,completed
O510149,C100466,P2193,10/14/2023,3,completed
O510150,C100178,P2187,08/02/2023,3,completed
O510151,C100778,P2041,05/12/2023,4,completed
O510152,C100627,P2169,06/08/2023,5,completed
O510153,C101160,P2167,01/28/2023,4,completed
O510154,C100950,P2181,01/15/2023,4,completed
O510155,C100521,P2141,09/25/2023,4,completed
O510156,C100831,P2133,06/28/2023,5,completed
O510157,C101380,P2094,10/21/2023,3,completed
O510158,C100280,P2014,10/15/2023,1,completed
O510159,C100602,P2070,07/23/2023,1,cancelled
O510160,C100700,P2186,11/13/2023,1,completed
O510161,C101099,P2057,06/04/2023,5,completed
O510162,C101148,P2020,12/10/2023,2,completed
O510163,C101397,P2295,10/03/2023,5,completed
O510164,C101383,P2024,05/28/2023,3,completed
O510165,C101215,P2002,10/17/2023,1,completed
O510166,C100922,P2122,06/29/2023,3,completed
O510167,C101019,P2052,03/16/2023,3,completed
O510168,C100358,P2215,04/08/2023,5,completed
O510169,C101031,P2044,07/03/2023,3,completed
O510170,C100734,P2007,01/06/2023,4,completed
O510171,C100168,P2240,06/28/2023,4,completed
O510172,C100743,P2258,02/19/2023,5,returned
O510173,C101099,P2299,07/12/2023,2,completed
O510174,C100162,P2069,05/06/2023,2,completed
O510175,C100745,P2069,02/05/2023,5,completed
O510176,C100052,P2022,07/07/2023,1,completed
O510177,C100049,P2124,04/24/2023,3,completed
O510178,C100619,P2213,02/28/2023,1,completed
O510179,C101294,P2114,05/06/2023,4,completed
O510180,C100811,P2120,06/16/2023,2,completed
O510181,C100416,P2196,03/27/2023,5,completed
O510182,C100355,P2020,02/08/2023,3,completed
O510183,C100075,P2119,09/09/2023,1,completed
O510184,C101359,P2272,10/05/2023,3,completed
O510185,C101309,P2280,07/15/2023,1,completed
O510186,C100942,P2058,09/06/2023,5,completed
O510187,C100575,P2243,11/19/2023,4,completed
O510188,C100697,P2283,09/07/2023,2,completed
O510189,C101099,P2268,02/18/2023,1,completed
O510190,C101241,P2023,05/18/2023,5,completed
O510191,C101271,P2002,08/04/2023,3,completed
O510192,C100343,P2142,10/04/2023,1,completed
O510193,C100080,P2123,09/02/2023,5,completed
O510194,C101308,P2174,01/28/2023,2,completed
O510195,C101385,P2067,05/12/2023,3,completed
O510196,C100096,P2011,07/28/2023,5,returned
O510197,C100209,P2273,03/12/2023,2,completed
O510198,C100856,P2243,02/25/2023,2,completed
O510199,C100524,P2193,11/20/2023,1,completed
O510200,C100509,P2171,04/19/2023,2,completed
O510201,C100259,P2266,03/16/2023,1,completed
O510202,C101230,P2272,09/12/2023,1,completed
O510203,C100489,P2200,10/22/2023,5,completed
O510204,C100298,P2122,12/18/2023,5,completed
O510205,C100539,P2186,12/25/2023,4,returned
O510206,C100531,P2249,03/02/2023,4,cancelled
O510207,C100454,P2068,07/23/2023,5,completed
O510208,C100344,P2072,11/20/2023,4,completed
O510209,C100907,P2139,03/02/2023,3,completed
O510210,C101275,P2033,04/01/2023,4,cancelled
O510211,C100993,P2169,01/18/2023,1,completed
O510212,C100164,P2298,10/13/2023,2,completed
O510213,C100390,P2194,02/05/2023,4,completed
O510214,C100884,P2098,04/19/2023,5,cancelled
O510215,C100764,P2281,01/12/2023,3,completed
O510216,C100468,P2205,12/25/2023,3,completed
O510217,C101336,P2007,11/28/2023,4,completed
O510218,C101155,P2019,07/01/2023,5,completed
O510219,C101074,P2027,08/05/2023,4,completed
O510220,C101155,P2107,10/30/2023,1,completed
O510221,C100033,P2011,09/07/2023,3,completed
O510222,C101412,P2199,03/18/2023,1,completed
O510223,C100883,P2081,04/15/2023,5,completed
O510224,C100779,P2149,03/03/2023,4,completed
O510225,C100269,P2151,08/21/2023,2,completed
O510226,C100889,P2171,11/01/2023,4,completed
O510227,C100639,P2053,07/14/2023,3,completed
O510228,C100946,P2066,06/26/2023,3,returned
O510229,C100647,P2000,09/20/2023,3,completed
O510230,C101367,P2152,08/23/2023,4,completed
O510231,C100054,P2182,08/20/2023,2,completed
O510232,C100087,P2228,12/24/2023,3,completed
O510233,C100784,P2035,07/10/2023,1,completed
O510234,C100894,P2206,07/22/2023,4,completed
O510235,C101017,P2178,06/09/2023,2,completed
O510236,C100265,P2243,12/24/2023,2,completed
O510237,C100300,P2014,06/27/2023,2,completed
O510238,C100879,P2141,03/22/2023,5,completed
O510239,C101360,P2297,05/12/2023,3,completed
O510240,C100503,P2243,12/06/2023,3,completed
O510241,C100205,P2075,09/15/2023,2,completed
O510242,C100268,P2125,02/15/2023,2,completed
O510243,C100017,P2095,06/01/2023,4,completed
O510244,C100197,P2259,06/30/2023,1,completed
O510245,C100554,P2274,03/08/2023,4,cancelled
O510246,C101196,P2010,08/02/2023,2,completed
O510247,C100111,P2183,09/20/2023,4,returned
O510248,C100147,P2221,10/08/2023,1,completed
O510249,C100944,P2081,11/04/2023,5,completed
O510250,C100060,P2043,03/29/2023,4,completed
O510251,C100588,P2225,07/25/2023,4,completed
O510252,C100297,P2073,01/05/2023,2,completed
O510253,C100464,P2051,04/19/2023,3,completed
O510254,C100291,P2199,12/04/2023,1,completed
O510255,C101146,P2281,03/28/2023,4,completed
O510256,C100796,P2170,03/01/2023,3,cancelled
O510257,C101289,P2210,12/10/2023,4,completed
O510258,C101038,P2026,02/10/2023,4,completed
O510259,C100528,P2059,08/15/2023,1,completed
O510260,C100825,P2225,06/16/2023,4,returned
O510261,C101078,P2024,07/10/2023,2,returned
O510262,C100628,P2283,06/24/2023,5,completed
O510263,C101243,P2173,06/02/2023,5,cancelled
O510264,C101042,P2205,09/07/2023,1,completed
O510265,C100358,P2015,12/02/2023,5,completed
O510266,C101478,P2063,08/22/2023,4,completed
O510267,C100962,P2177,04/09/2023,3,completed
O510268,C101166,P2177,12/12/2023,1,completed
O510269,C100359,P2167,01/25/2023,4,completed
O510270,C100365,P2198,02/08/2023,4,completed
O510271,C101267,P2053,06/29/2023,4,completed
O510272,C101207,P2034,06/11/2023,2,returned
O510273,C100531,P2014,02/06/2023,1,completed
O510274,C100533,P2197,02/27/2023,2,completed
O510275,C100801,P2176,06/21/2023,3,completed
O510276,C100544,P2174,03/30/2023,5,completed
O510277,C100283,P2017,02/23/2023,1,completed
O510278,C101071,P2146,11/28/2023,5,completed
O510279,C101392,P2126,10/03/2023,2,returned
O510280,C100603,P2136,11/17/2023,3,completed
O510281,C101212,P2164,01/10/2023,2,cancelled
O510282,C100854,P2203,02/26/2023,3,completed
O510283,C100261,P2122,03/05/2023,5,returned
O510284,C100985,P2251,08/01/2023,4,completed
O510285,C100819,P2061,02/25/2023,3,completed
O510286,C100675,P2006,10/11/2023,2,completed
O510287,C100096,P2040,12/19/2023,2,completed
O510288,C101301,P2299,04/21/2023,5,completed
O510289,C100053,P2102,07/23/2023,1,completed
O510290,C101285,P2251,10/30/2023,3,completed
O510291,C101158,P2098,10/03/2023,1,completed
O510292,C100182,P2056,01/07/2023,5,completed
O510293,C100840,P2213,03/19/2023,2,completed
O510294,C100523,P2087,03/03/2023,1,completed
O510295,C100753,P2086,11/26/2023,1,completed
O510296,C100275,P2225,09/11/2023,3,completed
O510297,C100297,P2042,08/22/2023,1,completed
O510298,C100627,P2010,09/28/2023,4,returned
O510299,C100819,P2206,08/03/2023,4,completed
O510300,C101104,P2229,05/21/2023,5,completed
O510301,C101255,P2171,12/08/2023,1,completed
O510302,C100717,P2238,10/28/2023,5,completed
O510303,C100693,P2266,08/31/2023,4,returned
O510304,C100570,P2014,10/31/2023,2,completed
O510305,C101022,P2153,10/14/2023,3,completed
O510306,C101055,P2127,06/11/2023,5,completed
O510307,C101349,P2082,06/12/2023,1,completed
O510308,C101094,P2175,03/25/2023,2,completed
O510309,C100268,P2076,11/27/2023,3,completed
O510310,C100136,P2034,05/01/2023,4,completed
O510311,C100867,P2141,02/25/2023,4,completed
O510312,C101119,P2030,01/10/2023,5,returned
O510313,C100282,P2038,11/23/2023,3,completed
O510314,C100166,P2011,01/03/2023,5,completed
O510315,C101315,P2228,01/04/2023,1,completed
O510316,C101436,P2116,11/02/2023,2,cancelled
O510317,C101084,P2211,12/21/2023,4,completed
O510318,C100388,P2050,04/05/2023,5,completed
O510319,C100670,P2028,01/24/2023,2,completed
O510320,C100533,P2297,02/20/2023,3,completed
O510321,C101344,P2110,11/19/2023,5,completed
O510322,C100475,P2040,04/05/2023,1,completed
O510323,C100864,P2242,07/30/2023,2,completed
O510324,C101066,P2127,05/26/2023,2,completed
O510325,C101444,P2110,12/06/2023,1,completed
O510326,C100859,P2108,05/07/2023,1,completed
O510327,C100178,P2070,09/30/2023,3,completed
O510328,C100760,P2152,01/13/2023,3,completed
O510329,C100467,P2252,06/10/2023,5,completed
O510330,C101182,P2247,09/29/2023,3,completed
O510331,C101212,P2076,04/29/2023,4,completed
O510332,C100788,P2104,07/20/2023,3,completed
O510333,C101285,P2179,07/01/2023,3,completed
O510334,C100048,P2100,07/13/2023,1,completed
O510335,C101064,P2199,05/19/2023,5,completed
O510336,C100399,P2232,05/31/2023,2,completed
O510337,C100299,P2221,02/06/2023,4,completed
O510338,C101275,P2185,06/05/2023,4,completed
O510339,C100756,P2066,03/19/2023,5,completed
O510340,C100969,P2025,03/06/2023,1,returned
O510341,C100466,P2279,01/22/2023,4,completed
O510342,C101344,P2046,11/09/2023,2,completed
O510343,C100554,P2196,06/06/2023,3,completed
O510344,C101127,P2171,03/29/2023,4,completed
O510345,C100648,P2013,06/15/2023,5,completed
O510346,C100337,P2269,08/13/2023,2,completed
O510347,C101031,P2051,12/27/2023,3,completed
O510348,C100062,P2138,04/11/2023,2,completed
O510349,C100559,P2075,02/09/2023,2,completed
O510350,C101069,P2209,05/27/2023,3,completed
O510351,C101107,P2001,03/04/2023,5,completed
O510352,C100888,P2268,03/27/2023,1,completed
O510353,C101155,P2195,10/30/2023,5,completed
O510354,C100745,P2297,03/03/2023,3,completed
O510355,C100423,P2202,08/11/2023,2,completed
O510356,C100834,P2169,06/29/2023,5,completed
O510357,C101455,P2104,07/15/2023,1,returned
O510358,C101471,P2137,12/08/2023,5,completed
O510359,C100083,P2270,08/01/2023,2,completed
O510360,C101087,P2037,12/15/2023,4,completed
O510361,C101130,P2177,06/07/2023,5,completed
O510362,C100283,P2142,10/11/2023,4,completed
O510363,C100192,P2209,12/29/2023,1,completed
O510364,C101016,P2136,10/21/2023,3,completed
O510365,C101034,P2116,03/15/2023,5,completed
O510366,C100298,P2105,04/18/2023,5,cancelled
O510367,C100875,P2028,03/04/2023,1,completed
O510368,C100411,P2299,06/02/2023,5,completed
O510369,C100576,P2069,01/27/2023,4,completed
O510370,C100372,P2286,11/22/2023,5,completed
O510371,C100639,P2151,01/15/2023,2,completed
O510372,C100874,P2098,10/23/2023,4,returned
O510373,C100123,P2253,09/23/2023,5,completed
O510374,C101396,P2142,09/21/2023,3,completed
O510375,C100917,P2189,01/16/2023,3,completed
O510376,C101245,P2193,02/11/2023,3,completed
O510377,C100789,P2243,03/10/2023,2,completed
O510378,C100230,P2091,08/02/2023,5,completed
O510379,C101225,P2242,06/03/2023,5,completed
O510380,C101318,P2258,05/21/2023,4,completed
O510381,C100831,P2020,07/05/2023,4,completed
O510382,C101031,P2170,11/21/2023,4,cancelled
O510383,C100492,P2257,10/28/2023,1,completed
O510384,C100548,P2239,05/03/2023,4,completed
O510385,C100426,P2240,09/03/2023,2,completed
O510386,C100435,P2034,04/27/2023,1,completed
O510387,C101326,P2039,12/08/2023,1,completed
O510388,C101451,P2053,07/25/2023,1,completed
O510389,C100343,P2117,11/09/2023,3,cancelled
O510390,C100709,P2050,08/03/2023,4,completed
O510391,C101070,P2035,02/24/2023,2,completed
O510392,C100524,P2146,08/17/2023,5,completed
O510393,C101319,P2112,09/15/2023,3,completed
O510394,C100312,P2052,07/09/2023,1,completed
O510395,C100564,P2282,02/05/2023,3,completed
O510396,C100956,P2129,04/22/2023,1,completed
O510397,C100029,P2251,08/05/2023,2,cancelled
O510398,C100287,P2286,03/02/2023,5,cancelled
O510399,C100077,P2169,12/04/2023,1,returned
O510400,C100042,P2157,07/31/2023,1,completed
O510401,C100662,P2099,08/15/2023,5,returned
O510402,C100680,P2220,04/30/2023,2,completed
O510403,C100743,P2138,12/09/2023,4,completed
O510404,C100800,P2062,07/30/2023,1,completed
O510405,C101038,P2174,01/10/2023,1,completed
O510406,C100095,P2251,10/17/2023,3,cancelled
O510407,C100224,P2045,05/08/2023,3,cancelled
O510408,C100417,P2132,02/03/2023,4,completed
O510409,C100396,P2223,01/02/2023,1,completed
O510410,C100102,P2198,08/24/2023,5,cancelled
O510411,C100593,P2004,04/27/2023,2,completed
O510412,C100633,P2289,01/05/2023,2,completed
O510413,C100008,P2224,03/24/2023,2,completed
O510414,C100621,P2118,02/26/2023,5,completed
O510415,C100861,P2246,05/06/2023,5,returned
O510416,C101031,P2100,09/09/2023,2,completed
O510417,C100201,P2012,04/24/2023,4,completed
O510418,C100544,P2059,05/11/2023,5,completed
O510419,C101374,P2083,12/12/2023,1,completed
O510420,C100068,P2022,04/24/2023,3,completed
O510421,C101118,P2185,06/02/2023,2,returned
O510422,C101268,P2065,07/21/2023,1,completed
O510423,C101433,P2087,08/21/2023,2,completed
O510424,C100488,P2060,09/10/2023,5,completed
O510425,C100312,P2072,05/18/2023,2,completed
O510426,C101398,P2085,12/31/2023,2,completed
O510427,C100056,P2020,08/03/2023,5,completed
O510428,C100154,P2221,06/26/2023,5,completed
O510429,C101482,P2064,09/21/2023,5,returned
O510430,C100641,P2210,06/29/2023,5,completed
O510431,C100662,P2017,08/14/2023,2,returned
O510432,C100498,P2170,04/16/2023,2,completed
O510433,C100840,P2018,10/14/2023,3,completed
O510434,C101219,P2035,12/31/2023,3,completed
O510435,C100322,P2138,11/17/2023,1,completed
O510436,C100409,P2277,04/06/2023,1,completed
O510437,C100062,P2269,09/21/2023,2,completed
O510438,C100375,P2250,11/16/2023,5,completed
O510439,C100308,P2030,10/16/2023,4,completed
O510440,C101272,P2008,06/08/2023,5,completed
O510441,C100176,P2127,03/13/2023,2,completed
O510442,C101406,P2160,01/23/2023,4,completed
O510443,C100193,P2125,03/21/2023,2,cancelled
O510444,C101177,P2136,07/01/2023,4,completed
O510445,C100377,P2045,04/25/2023,1,completed
O510446,C100078,P2299,05/23/2023,4,completed
O510447,C101376,P2284,02/27/2023,5,completed
O510448,C100536,P2096,12/15/2023,5,cancelled
O510449,C101422,P2149,03/26/2023,1,completed
O510450,C101284,P2154,03/05/2023,1,cancelled
O510451,C100288,P2044,04/28/2023,5,cancelled
O510452,C101295,P2169,02/06/2023,2,completed
O510453,C101215,P2188,12/09/2023,2,completed
O510454,C101401,P2110,05/09/2023,4,completed
O510455,C100228,P2290,04/23/2023,1,completed
O510456,C100307,P2251,06/21/2023,4,completed
O510457,C100530,P2213,12/31/2023,2,completed
O510458,C100897,P2037,06/17/2023,4,completed
O510459,C101149,P2090,05/04/2023,1,completed
O510460,C100757,P2265,06/11/2023,2,completed
O510461,C100211,P2254,01/08/2023,4,completed
O510462,C100260,P2087,10/28/2023,4,completed
O510463,C101442,P2050,01/16/2023,1,completed
O510464,C101127,P2115,05/27/2023,1,completed
O510465,C101400,P2124,09/15/2023,1,completed
O510466,C100398,P2125,12/25/2023,3,completed
O510467,C100187,P2009,03/03/2023,3,completed
O510468,C100132,P2239,01/08/2023,5,cancelled
O510469,C100977,P2103,06/25/2023,4,completed
O510470,C100874,P2172,01/04/2023,3,returned
O510471,C100173,P2181,11/28/2023,2,cancelled
O510472,C101009,P2004,10/31/2023,4,completed
O510473,C100223,P2108,01/07/2023,4,completed
O510474,C101460,P2219,05/09/2023,4,completed
O510475,C100943,P2287,09/12/2023,1,completed
O510476,C100997,P2212,03/26/2023,1,completed
O510477,C100537,P2118,10/02/2023,2,completed
O510478,C100130,P2290,07/03/2023,2,completed
O510479,C101183,P2082,03/20/2023,4,completed
O510480,C101147,P2158,12/31/2023,2,completed
O510481,C100645,P2167,01/19/2023,2,completed
O510482,C101442,P2114,12/08/2023,3,completed
O510483,C101277,P2261,02/21/2023,3,completed
O510484,C101272,P2097,01/09/2023,3,completed
O510485,C100989,P2019,08/17/2023,2,completed
O510486,C100735,P2197,06/29/2023,2,completed
O510487,C101332,P2283,01/24/2023,4,completed
O510488,C100470,P2082,08/02/2023,1,completed
O510489,C100268,P2097,06/09/2023,2,completed
O510490,C100134,P2295,11/13/2023,3,completed
O510491,C100750,P2125,08/06/2023,5,returned
O510492,C101091,P2266,05/05/2023,5,completed
O510493,C101431,P2237,07/10/2023,5,completed
O510494,C100089,P2198,07/08/2023,5,cancelled
O510495,C100889,P2038,04/13/2023,4,returned
O510496,C101377,P2260,08/08/2023,2,completed
O510497,C101240,P2184,09/24/2023,5,completed
O510498,C100881,P2033,03/04/2023,4,completed
O510499,C100118,P2140,12/10/2023,3,completed
O510500,C101013,P2005,11/20/2023,3,completed
O510501,C100354,P2017,11/05/2023,3,completed
O510502,C100128,P2145,11/09/2023,4,completed
O510503,C100903,P2011,06/12/2023,3,cancelled
O510504,C101201,P2072,11/03/2023,2,returned
O510505,C101440,P2238,01/13/2023,5,completed
O510506,C100615,P2004,08/25/2023,5,completed
O510507,C100272,P2271,06/05/2023,4,completed
O510508,C101096,P2002,03/06/2023,5,completed
O510509,C101068,P2022,03/13/2023,4,completed
O510510,C100547,P2178,02/18/2023,3,completed
O510511,C100399,P2116,09/17/2023,5,completed
O510512,C101298,P2280,09/16/2023,3,completed
O510513,C101320,P2207,05/03/2023,4,completed
O510514,C100882,P2168,04/20/2023,5,cancelled
O510515,C100364,P2076,04/05/2023,5,returned
O510516,C100265,P2047,10/19/2023,4,completed
O510517,C100484,P2196,10/19/2023,5,completed
O510518,C100014,P2097,10/07/2023,2,completed
O510519,C100406,P2296,04/22/2023,4,completed
O510520,C100636,P2281,02/08/2023,1,completed
O510521,C101256,P2018,10/28/2023,3,completed
O510522,C101258,P2135,09/20/2023,3,returned
O510523,C101023,P2258,10/17/2023,5,returned
O510524,C100508,P2167,08/05/2023,2,completed
O510525,C101392,P2164,09/04/2023,4,returned
O510526,C101446,P2003,12/24/2023,3,completed
O510527,C101380,P2064,10/08/2023,4,completed
O510528,C100190,P2013,03/13/2023,5,completed
O510529,C100522,P2263,12/30/2023,3,completed
O510530,C101393,P2065,09/12/2023,3,completed
O510531,C101203,P2272,10/06/2023,2,completed
O510532,C100667,P2298,07/20/2023,1,completed
O510533,C100401,P2265,07/10/2023,4,completed
O510534,C100028,P2213,10/29/2023,5,cancelled
O510535,C101287,P2269,07/26/2023,4,completed
O510536,C100044,P2216,05/18/2023,1,completed
O510537,C100858,P2129,08/31/2023,3,completed
O510538,C100537,P2163,04/24/2023,4,completed
O510539,C101319,P2102,02/04/2023,1,completed
O510540,C100512,P2285,06/15/2023,3,returned
O510541,C100337,P2099,04/13/2023,1,completed
O510542,C100965,P2260,09/18/2023,4,completed
O510543,C101417,P2240,06/30/2023,5,completed
O510544,C100283,P2151,03/04/2023,3,completed
O510545,C100248,P2074,09/30/2023,3,returned
O510546,C100922,P2180,10/20/2023,1,completed
O510547,C100403,P2279,09/02/2023,3,completed
O510548,C101366,P2276,12/10/2023,5,completed
O510549,C101436,P2238,08/17/2023,1,completed
O510550,C101477,P2066,03/19/2023,1,completed
O510551,C100866,P2024,03/05/2023,2,completed
O510552,C101330,P2252,11/13/2023,5,completed
O510553,C100274,P2080,07/29/2023,3,completed
O510554,C101322,P2005,03/13/2023,2,completed
O510555,C100809,P2212,07/24/2023,2,completed
O510556,C101446,P2198,02/22/2023,5,cancelled
O510557,C101419,P2175,08/14/2023,3,cancelled
O510558,C100374,P2073,09/02/2023,3,completed
O510559,C100859,P2122,11/03/2023,4,completed
O510560,C100470,P2218,02/04/2023,5,completed
O510561,C101121,P2217,08/23/2023,1,completed
O510562,C100241,P2149,09/17/2023,4,completed
O510563,C100653,P2084,02/28/2023,4,returned
O510564,C100478,P2196,07/17/2023,5,completed
O510565,C100307,P2111,01/24/2023,3,completed
O510566,C100931,P2181,04/17/2023,4,returned
O510567,C100050,P2234,06/16/2023,1,completed
O510568,C100271,P2162,02/01/2023,4,completed
O510569,C100557,P2071,07/31/2023,5,completed
O510570,C100230,P2106,11/14/2023,2,returned
O510571,C101198,P2082,08/31/2023,4,completed
O510572,C100425,P2179,01/14/2023,2,completed
O510573,C100216,P2198,05/04/2023,4,completed
O510574,C101190,P2214,05/26/2023,1,returned
O510575,C100789,P2104,01/29/2023,5,completed
O510576,C100749,P2048,09/18/2023,5,completed
O510577,C100609,P2223,12/13/2023,1,completed
O510578,C100620,P2251,12/03/2023,4,completed
O510579,C100224,P2160,06/12/2023,1,cancelled
O510580,C100638,P2287,03/16/2023,3,completed
O510581,C101157,P2215,01/15/2023,5,completed
O510582,C100946,P2266,12/07/2023,3,completed
O510583,C100389,P2030,05/26/2023,5,cancelled
O510584,C100410,P2177,10/07/2023,2,returned
O510585,C101146,P2109,02/04/2023,5,cancelled
O510586,C100368,P2142,08/06/2023,4,completed
O510587,C101423,P2062,12/09/2023,3,completed
O510588,C101392,P2171,05/06/2023,5,completed
O510589,C100026,P2296,09/05/2023,4,returned
O510590,C101161,P2025,06/09/2023,1,returned
O510591,C101330,P2042,03/10/2023,5,completed
O510592,C101114,P2257,06/23/2023,2,completed
O510593,C100388,P2262,07/04/2023,2,cancelled
O510594,C101137,P2292,12/06/2023,5,completed
O510595,C101164,P2266,08/17/2023,3,completed
O510596,C100297,P2188,07/10/2023,1,completed
O510597,C100214,P2033,03/25/2023,2,completed
O510598,C100540,P2195,10/08/2023,4,completed
O510599,C100349,P2104,02/14/2023,1,completed
O510600,C100948,P2102,07/29/2023,1,completed
O510601,C100629,P2011,09/23/2023,3,completed
O510602,C100564,P2105,05/05/2023,4,completed
O510603,C101064,P2059,05/07/2023,3,completed
O510604,C100396,P2181,12/03/2023,1,completed
O510605,C100823,P2286,03/29/2023,2,completed
O510606,C101410,P2247,12/04/2023,2,completed
O510607,C101000,P2000,09/03/2023,3,completed
O510608,C101491,P2031,02/22/2023,3,cancelled
O510609,C100351,P2054,02/12/2023,3,completed
O510610,C100902,P2183,06/27/2023,5,completed
O510611,C101118,P2235,05/24/2023,2,completed
O510612,C100951,P2232,10/24/2023,5,completed
O510613,C100954,P2071,02/11/2023,1,completed
O510614,C100939,P2112,05/28/2023,4,completed
O510615,C100362,P2078,04/14/2023,5,completed
O510616,C100608,P2195,01/10/2023,5,returned
O510617,C100403,P2074,06/06/2023,1,returned
O510618,C100181,P2137,04/03/2023,1,cancelled
O510619,C100192,P2272,09/18/2023,3,returned
O510620,C101444,P2190,01/05/2023,5,completed
O510621,C100022,P2100,02/07/2023,3,completed
O510622,C100259,P2171,12/13/2023,3,completed
O510623,C101204,P2001,05/14/2023,4,completed
O510624,C100489,P2068,07/31/2023,3,completed
O510625,C101422,P2259,02/03/2023,4,completed
O510626,C100919,P2016,02/11/2023,3,completed
O510627,C101033,P2155,02/15/2023,3,completed
O510628,C100253,P2190,08/01/2023,5,cancelled
O510629,C100604,P2013,09/11/2023,1,completed
O510630,C101468,P2043,07/08/2023,2,completed
O510631,C100928,P2145,09/09/2023,3,cancelled
O510632,C101093,P2194,09/24/2023,2,completed
O510633,C100234,P2120,02/08/2023,5,completed
O510634,C101416,P2224,03/08/2023,5,completed
O510635,C100382,P2214,10/24/2023,5,completed
O510636,C100236,P2027,06/01/2023,4,returned
O510637,C100037,P2272,07/23/2023,5,completed
O510638,C100690,P2079,11/10/2023,2,cancelled
O510639,C101272,P2218,08/11/2023,4,completed
O510640,C101113,P2187,02/16/2023,3,completed
O510641,C100133,P2152,06/13/2023,4,completed
O510642,C100656,P2117,07/14/2023,5,completed
O510643,C100952,P2067,09/09/2023,5,completed
O510644,C101065,P2085,06/11/2023,2,cancelled
O510645,C101177,P2221,09/02/2023,3,cancelled
O510646,C101455,P2027,03/20/2023,5,completed
O510647,C100604,P2039,03/13/2023,4,completed
O510648,C100651,P2189,04/19/2023,4,completed
O510649,C100948,P2072,06/21/2023,3,completed
O510650,C100855,P2269,10/31/2023,2,completed
O510651,C101317,P2040,10/23/2023,1,completed
O510652,C100073,P2198,11/27/2023,5,completed
O510653,C101287,P2163,09/30/2023,3,returned
O510654,C100659,P2193,03/20/2023,3,completed
O510655,C101170,P2031,12/23/2023,3,completed
O510656,C100141,P2103,09/10/2023,1,completed
O510657,C100746,P2010,05/17/2023,5,returned
O510658,C100633,P2185,09/22/2023,1,completed
O510659,C100649,P2116,01/05/2023,5,completed
O510660,C101073,P2002,04/23/2023,1,cancelled
O510661,C100753,P2236,03/08/2023,2,returned
O510662,C100900,P2200,06/02/2023,4,completed
O510663,C100842,P2196,12/24/2023,1,completed
O510664,C100785,P2255,09/10/2023,5,completed
O510665,C100256,P2017,09/26/2023,4,completed
O510666,C100445,P2197,07/06/2023,2,completed
O510667,C100921,P2224,09/28/2023,1,returned
O510668,C100420,P2081,11/13/2023,3,completed
O510669,C101254,P2004,02/19/2023,1,cancelled
O510670,C100988,P2017,11/16/2023,4,completed
O510671,C100480,P2064,12/20/2023,4,completed
O510672,C101381,P2257,01/17/2023,3,completed
O510673,C100006,P2083,09/17/2023,4,completed
O510674,C100552,P2185,10/12/2023,1,completed
O510675,C101029,P2122,01/20/2023,4,completed
O510676,C100109,P2051,11/20/2023,1,cancelled
O510677,C100086,P2061,01/20/2023,2,returned
O510678,C101493,P2267,09/07/2023,5,completed
O510679,C100643,P2206,12/31/2023,2,returned
O510680,C101001,P2264,01/20/2023,1,cancelled
O510681,C101239,P2177,06/24/2023,5,completed
O510682,C100655,P2208,08/17/2023,5,completed
O510683,C101419,P2146,07/30/2023,4,completed
O510684,C101341,P2075,01/04/2023,2,cancelled
O510685,C100281,P2229,11/14/2023,5,completed
O510686,C100123,P2211,02/06/2023,4,completed
O510687,C100967,P2088,05/10/2023,3,cancelled
O510688,C100045,P2162,11/15/2023,1,completed
O510689,C100863,P2215,07/02/2023,2,cancelled
O510690,C100592,P2260,08/18/2023,5,completed
O510691,C101460,P2278,07/26/2023,4,completed
O510692,C100512,P2261,10/18/2023,1,completed
O510693,C100563,P2291,02/10/2023,5,completed
O510694,C100403,P2011,02/04/2023,3,completed
O510695,C100445,P2003,11/18/2023,5,completed
O510696,C100980,P2047,05/04/2023,5,completed
O510697,C100903,P2112,08/26/2023,1,completed
O510698,C101456,P2225,09/23/2023,5,completed
O510699,C100838,P2096,04/19/2023,2,completed
O510700,C101130,P2088,06/17/2023,4,completed
O510701,C100327,P2123,06/17/2023,3,completed
O510702,C101429,P2109,01/10/2023,1,completed
O510703,C101419,P2038,04/09/2023,3,completed
O510704,C101044,P2227,09/24/2023,4,completed
O510705,C101013,P2104,01/16/2023,3,completed
O510706,C101152,P2159,02/12/2023,4,completed
O510707,C100271,P2281,04/07/2023,5,completed
O510708,C100663,P2246,01/27/2023,5,returned
O510709,C100172,P2112,04/28/2023,3,completed
O510710,C101002,P2152,09/06/2023,5,completed
O510711,C100236,P2180,01/08/2023,3,completed
O510712,C100992,P2132,01/24/2023,3,completed
O510713,C100063,P2204,02/21/2023,2,completed
O510714,C100804,P9999,07/28/2023,1,returned
O510715,C100975,P2160,07/27/2023,5,completed
O510716,C100610,P2076,07/15/2023,4,completed
O510717,C100598,P2101,01/28/2023,1,returned
O510718,C101169,P2132,02/08/2023,5,completed
O510719,C101029,P2262,06/22/2023,3,completed
O510720,C101193,P2136,06/15/2023,2,returned
O510721,C100931,P2134,09/18/2023,1,completed
O510722,C101180,P2136,03/27/2023,2,completed
O510723,C100247,P2281,09/30/2023,5,completed
O510724,C100790,P2284,06/02/2023,5,completed
O510725,C100779,P2241,01/02/2023,1,completed
O510726,C101150,P2280,11/22/2023,2,completed
O510727,C100330,P2228,06/04/2023,2,cancelled
O510728,C100090,P2247,07/29/2023,4,completed
O510729,C100729,P2125,10/13/2023,5,completed
O510730,C100458,P2173,10/22/2023,5,cancelled
O510731,C100577,P2062,11/14/2023,1,completed
O510732,C100039,P2230,11/05/2023,5,completed
O510733,C100251,P2001,10/31/2023,3,completed
O510734,C100968,P2192,04/30/2023,1,returned
O510735,C101219,P2162,07/09/2023,4,completed
O510736,C100091,P2109,03/13/2023,1,completed
O510737,C100229,P2205,08/14/2023,4,completed
O510738,C101362,P2068,10/28/2023,1,cancelled
O510739,C100027,P2075,05/30/2023,1,completed
O510740,C101415,P2085,07/12/2023,2,completed
O510741,C101159,P2219,02/04/2023,2,completed
O510742,C101267,P2106,02/24/2023,2,completed
O510743,C100479,P2247,09/24/2023,5,completed
O510744,C100676,P2042,02/22/2023,4,completed
O510745,C100003,P2021,04/06/2023,3,completed
O510746,C101179,P2118,07/25/2023,4,completed
O510747,C101093,P2116,11/22/2023,3,completed
O510748,C100528,P2027,06/22/2023,4,completed
O510749,C101070,P2007,09/01/2023,3,completed
O510750,C101407,P2291,11/21/2023,2,completed
O510751,C100498,P2023,12/23/2023,5,completed
O510752,C100904,P2154,04/02/2023,3,cancelled
O510753,C100362,P2022,02/08/2023,4,completed
O510754,C100815,P2134,02/24/2023,1,completed
O510755,C101105,P2111,01/28/2023,3,cancelled
O510756,C101016,P2062,11/27/2023,3,cancelled
O510757,C100052,P2005,04/11/2023,1,completed
O510758,C100326,P2261,09/23/2023,4,completed
O510759,C101212,P2178,05/22/2023,3,completed
O510760,C100256,P2116,11/27/2023,4,completed
O510761,C100488,P2185,04/29/2023,1,completed
O510762,C100298,P2089,07/25/2023,2,completed
O510763,C100388,P2236,06/20/2023,1,completed
O510764,C100872,P2232,07/25/2023,2,returned
O510765,C101000,P2206,05/04/2023,4,completed
O510766,C100572,P2120,07/23/2023,5,returned
O510767,C100499,P2221,12/10/2023,2,completed
O510768,C100388,P2246,05/22/2023,3,completed
O510769,C100166,P2124,03/12/2023,1,completed
O510770,C100887,P2254,03/26/2023,5,completed
O510771,C100525,P2138,08/11/2023,2,completed
O510772,C100899,P2008,07/07/2023,1,completed
O510773,C100953,P2243,11/25/2023,1,completed
O510774,C100448,P2128,12/04/2023,2,completed
O510775,C101369,P2127,08/25/2023,2,completed
O510776,C100807,P2177,10/28/2023,3,returned
O510777,C101160,P2054,09/18/2023,4,completed
O510778,C100150,P2171,07/07/2023,5,completed
O510779,C101124,P2295,06/02/2023,3,completed
O510780,C100755,P2173,06/08/2023,2,completed
O510781,C100181,P2099,08/17/2023,2,completed
O510782,C100755,P2071,11/20/2023,2,completed
O510783,C100110,P2052,09/28/2023,3,completed
O510784,C101381,P2246,08/24/2023,1,cancelled
O510785,C100844,P2156,11/07/2023,2,returned
O510786,C100916,P2240,12/11/2023,1,completed
O510787,C100944,P2037,04/10/2023,5,completed
O510788,C101257,P2221,11/08/2023,5,returned
O510789,C101297,P2288,12/25/2023,3,completed
O510790,C100744,P2072,12/21/2023,1,completed
O510791,C101393,P2287,05/29/2023,1,completed
O510792,C100150,P2239,06/17/2023,1,completed
O510793,C101301,P2274,02/05/2023,3,completed
O510794,C100664,P2000,07/21/2023,3,completed
O510795,C101123,P2079,01/04/2023,1,cancelled
O510796,C101196,P2185,11/05/2023,5,completed
O510797,C100010,P2093,09/18/2023,3,returned
O510798,C100028,P2143,07/03/2023,5,completed
O510799,C100605,P2174,06/05/2023,3,completed
O510800,C100582,P2081,03/16/2023,5,completed
O510801,C100547,P2118,11/08/2023,3,completed
O510802,C101128,P2299,03/08/2023,2,completed
O510803,C100911,P2169,07/08/2023,2,completed
O510804,C100956,P2233,03/20/2023,3,completed
O510805,C100843,P2068,03/06/2023,3,completed
O510806,C101134,P2285,12/10/2023,5,completed
O510807,C100819,P2183,02/24/2023,2,cancelled
O510808,C101217,P2209,04/06/2023,1,completed
O510809,C101336,P2111,08/23/2023,3,cancelled
O510810,C101042,P2218,06/13/2023,2,completed
O510811,C100796,P2096,07/07/2023,3,cancelled
O510812,C100645,P2018,05/22/2023,2,returned
O510813,C100251,P2158,01/06/2023,4,completed
O510814,C100246,P2223,02/24/2023,2,completed
O510815,C100552,P2052,06/23/2023,2,completed
O510816,C100773,P2186,04/01/2023,3,completed
O510817,C101156,P2299,03/06/2023,5,completed
O510818,C100219,P2077,09/12/2023,5,completed
O510819,C101043,P2012,11/14/2023,1,completed
O510820,C100479,P2046,12/02/2023,1,completed
O510821,C100348,P2131,06/19/2023,4,returned
O510822,C100286,P2266,09/25/2023,1,completed
O510823,C100347,P2262,01/02/2023,2,completed
O510824,C100767,P2046,05/06/2023,1,completed
O510825,C100213,P2279,07/15/2023,4,completed
O510826,C100508,P2248,05/12/2023,2,completed
O510827,C100675,P2151,10/01/2023,4,completed
O510828,C100150,P2060,12/21/2023,2,completed
O510829,C100389,P2252,07/13/2023,4,completed
O510830,C100835,P2110,12/25/2023,1,completed
O510831,C100901,P2028,04/16/2023,2,completed
O510832,C100653,P2141,01/23/2023,3,completed
O510833,C101285,P2258,11/23/2023,1,completed
O510834,C100931,P2049,04/20/2023,5,completed
O510835,C101323,P2188,02/28/2023,3,completed
O510836,C100686,P2222,06/16/2023,5,completed
O510837,C100744,P2239,10/15/2023,4,completed
O510838,C100420,P2229,01/01/2023,4,completed
O510839,C101114,P2178,09/25/2023,4,returned
O510840,C101203,P2039,09/09/2023,4,completed
O510841,C100580,P2084,04/14/2023,4,completed
O510842,C101152,P2163,07/26/2023,3,completed
O510843,C100326,P2122,07/30/2023,1,completed
O510844,C100038,P2001,10/23/2023,3,completed
O510845,C101450,P2096,08/26/2023,5,completed
O510846,C101268,P2021,10/27/2023,2,returned
O510847,C100659,P2008,04/21/2023,1,completed
O510848,C100956,P2293,01/14/2023,5,completed
O510849,C101257,P2228,05/15/2023,2,completed
O510850,C100545,P2185,01/01/2023,1,completed
O510851,C101395,P2026,06/26/2023,3,completed
O510852,C101089,P2068,11/13/2023,5,completed
O510853,C100753,P2190,09/30/2023,2,completed
O510854,C100338,P2165,09/04/2023,1,completed
O510855,C100429,P2233,04/25/2023,1,completed
O510856,C101420,P2189,06/02/2023,1,returned
O510857,C101437,P2087,03/22/2023,5,completed
O510858,C100214,P2073,12/29/2023,2,completed
O510859,C100430,P2141,06/28/2023,3,completed
O510860,C101494,P2240,02/19/2023,4,completed
O510861,C100854,P2057,11/27/2023,2,completed
O510862,C100956,P2254,07/24/2023,5,completed
O510863,C100258,P2031,11/28/2023,1,completed
O510864,C100314,P2054,08/08/2023,4,cancelled
O510865,C100418,P2239,04/01/2023,4,completed
O510866,C101041,P2229,11/02/2023,3,returned
O510867,C100532,P2211,06/26/2023,5,cancelled
O510868,C101251,P2288,07/18/2023,3,completed
O510869,C100700,P2237,02/25/2023,4,completed
O510870,C101183,P2159,05/22/2023,2,completed
O510871,C100750,P2225,11/06/2023,5,completed
O510872,C100083,P2111,10/18/2023,5,completed
O510873,C101348,P2291,03/14/2023,4,completed
O510874,C100573,P2086,11/21/2023,2,completed
O510875,C100815,P2218,03/09/2023,2,completed
O510876,C101424,P2252,04/09/2023,3,completed
O510877,C100838,P2006,05/30/2023,5,completed
O510878,C100259,P2278,08/13/2023,4,completed
O510879,C100204,P2265,06/05/2023,1,returned
O510880,C100295,P2285,07/22/2023,5,completed
O510881,C100414,P2012,03/28/2023,4,cancelled
O510882,C100407,P2140,11/06/2023,4,completed
O510883,C100518,P2092,10/18/2023,2,returned
O510884,C100123,P2060,09/30/2023,3,completed
O510885,C100315,P2001,01/08/2023,4,cancelled
O510886,C101333,P2001,10/31/2023,5,completed
O510887,C100047,P2022,12/19/2023,2,returned
O510888,C100153,P2028,09/02/2023,4,completed
O510889,C101030,P2184,12/20/2023,4,cancelled
O510890,C100438,P2044,11/18/2023,2,completed
O510891,C101364,P2111,07/15/2023,2,completed
O510892,C100308,P2240,11/05/2023,5,cancelled
O510893,C101078,P2217,12/14/2023,2,completed
O510894,C100985,P2091,05/20/2023,3,completed
O510895,C100855,P2260,12/14/2023,3,completed
O510896,C100175,P2058,08/07/2023,3,completed
O510897,C101101,P2067,07/06/2023,2,completed
O510898,C100612,P2193,10/01/2023,5,returned
O510899,C100351,P2096,05/03/2023,1,completed
O510900,C101484,P2253,01/11/2023,3,cancelled
O510901,C100732,P2261,07/13/2023,3,completed
O510902,C100544,P2279,12/18/2023,1,completed
O510903,C100053,P2144,11/19/2023,5,cancelled
O510904,C100793,P2109,06/06/2023,1,completed
O510905,C100002,P2130,01/01/2023,4,completed
O510906,C100184,P2198,05/25/2023,3,completed
O510907,C100799,P2224,04/01/2023,1,completed
O510908,C100054,P2054,07/11/2023,4,completed
O510909,C100799,P2002,03/26/2023,5,completed
O510910,C100761,P2285,06/17/2023,1,completed
O510911,C101010,P2026,03/23/2023,1,completed
O510912,C100168,P2281,08/08/2023,4,completed
O510913,C101232,P2073,02/23/2023,2,completed
O510914,C100798,P2045,12/28/2023,2,cancelled
O510915,C100817,P2123,09/12/2023,2,completed
O510916,C100948,P2062,05/23/2023,5,completed
O510917,C101110,P2111,03/05/2023,4,completed
O510918,C100879,P2156,05/05/2023,3,completed
O510919,C101207,P2106,01/15/2023,1,cancelled
O510920,C100775,P2222,10/02/2023,4,completed
O510921,C100910,P2234,10/30/2023,5,completed
O510922,C100121,P2056,05/03/2023,5,completed
O510923,C100302,P2228,02/02/2023,3,completed
O510924,C101230,P2212,01/22/2023,1,completed
O510925,C100466,P2000,07/20/2023,1,completed
O510926,C100384,P2051,05/08/2023,1,completed
O510927,C100798,P2022,12/12/2023,2,cancelled
O510928,C100526,P2189,07/08/2023,5,completed
O510929,C101050,P2284,09/04/2023,3,returned
O510930,C100742,P2264,06/08/2023,2,completed
O510931,C100556,P2188,12/09/2023,3,completed
O510932,C100544,P2049,02/27/2023,5,completed
O510933,C100780,P2221,09/12/2023,3,returned
O510934,C100148,P2217,03/21/2023,1,completed
O510935,C100137,P9999,08/21/2023,1,returned
O510936,C100767,P2062,08/18/2023,3,completed
O510937,C101399,P2079,07/01/2023,2,completed
O510938,C100870,P2116,07/13/2023,1,completed
O510939,C100127,P2138,05/07/2023,4,completed
O510940,C101304,P2213,10/17/2023,3,completed
O510941,C100345,P2033,04/10/2023,4,completed
O510942,C100888,P2083,08/28/2023,2,completed
O510943,C100806,P2069,07/31/2023,2,completed
O510944,C100142,P2225,12/13/2023,4,completed
O510945,C100259,P2140,10/09/2023,4,completed
O510946,C100615,P2221,04/02/2023,5,completed
O510947,C100510,P2162,11/02/2023,3,completed
O510948,C100725,P2137,06/29/2023,2,completed
O510949,C101099,P2110,11/18/2023,4,completed
O510950,C100919,P2141,02/05/2023,1,completed
O510951,C100460,P2286,03/15/2023,3,completed
O510952,C100240,P2221,12/30/2023,2,returned
O510953,C100625,P2049,08/10/2023,1,completed
O510954,C101086,P2215,08/22/2023,2,completed
O510955,C100600,P2144,12/22/2023,5,completed
O510956,C101077,P2157,07/31/2023,5,cancelled
O510957,C100124,P2250,03/30/2023,1,completed
O510958,C100435,P2155,08/09/2023,1,cancelled
O510959,C100466,P2087,05/05/2023,4,completed
O510960,C101400,P2203,11/17/2023,1,completed
O510961,C101256,P2065,06/10/2023,5,completed
O510962,C100663,P2051,07/13/2023,5,completed
O510963,C100740,P2137,05/01/2023,3,completed
O510964,C101172,P2146,04/08/2023,4,completed
O510965,C100174,P2280,11/28/2023,5,completed
O510966,C100439,P2216,06/12/2023,5,completed
O510967,C100321,P2249,01/29/2023,3,completed
O510968,C100559,P2070,02/03/2023,3,returned
O510969,C100818,P2057,02/28/2023,5,completed
O510970,C100066,P2146,10/21/2023,4,completed
O510971,C100655,P2074,06/16/2023,2,completed
O510972,C100901,P2233,09/30/2023,4,completed
O510973,C101450,P2158,08/13/2023,5,completed
O510974,C100445,P2083,05/31/2023,5,completed
O510975,C100612,P2009,08/28/2023,4,completed
O510976,C101493,P2060,09/15/2023,4,completed
O510977,C100171,P2109,06/29/2023,5,completed
O510978,C100394,P2023,09/23/2023,1,completed
O510979,C100262,P2014,08/17/2023,2,completed
O510980,C100601,P2111,05/25/2023,4,completed
O510981,C100681,P2103,07/13/2023,4,completed
O510982,C100237,P2005,06/08/2023,3,completed
O510983,C100626,P2046,08/15/2023,3,completed
O510984,C100026,P2057,10/02/2023,3,completed
O510985,C101282,P2275,06/16/2023,4,cancelled
O510986,C100524,P2016,06/10/2023,5,completed
O510987,C100943,P2177,04/03/2023,4,completed
O510988,C101125,P2280,09/17/2023,4,completed
O510989,C100638,P2272,09/24/2023,1,completed
O510990,C100033,P2221,04/05/2023,5,completed
O510991,C100611,P2050,04/22/2023,3,completed
O510992,C101018,P2113,03/25/2023,5,completed
O510993,C100524,P2099,02/27/2023,5,completed
O510994,C100497,P2177,12/15/2023,5,completed
O510995,C101198,P2004,05/10/2023,4,returned
O510996,C100787,P2149,01/02/2023,2,completed
O510997,C100479,P2298,06/20/2023,4,completed
O510998,C100920,P2250,04/01/2023,5,completed
O510999,C100739,P2253,04/20/2023,5,completed
O511000,C100288,P2112,03/06/2023,2,completed
O511001,C101099,P2058,10/05/2023,3,completed
O511002,C100270,P2254,07/21/2023,3,completed
O511003,C100912,P2204,09/06/2023,4,completed
O511004,C100637,P2088,06/03/2023,2,returned
O511005,C100627,P2190,06/08/2023,3,completed
O511006,C101282,P2069,06/14/2023,4,completed
O511007,C100772,P2203,01/16/2023,2,completed
O511008,C100811,P2048,05/09/2023,4,completed
O511009,C100880,P2032,10/15/2023,5,completed
O511010,C101445,P2172,11/25/2023,4,completed
O511011,C100511,P2209,03/22/2023,4,returned
O511012,C100874,P2163,06/11/2023,5,returned
O511013,C100076,P2204,07/19/2023,4,completed
O511014,C100294,P2195,10/09/2023,1,completed
O511015,C100374,P2033,01/14/2023,4,completed
O511016,C100943,P2176,05/02/2023,3,returned
O511017,C101268,P2227,09/08/2023,1,completed
O511018,C100757,P2068,08/31/2023,1,completed
O511019,C100810,P2219,04/03/2023,1,completed
O511020,C100165,P2059,02/09/2023,4,completed
O511021,C101240,P2052,03/31/2023,2,completed
O511022,C100015,P2251,11/17/2023,4,completed
O511023,C100554,P2003,05/09/2023,1,completed
O511024,C100486,P2060,01/23/2023,1,completed
O511025,C100895,P2236,05/31/2023,5,completed
O511026,C100121,P2164,06/07/2023,3,returned
O511027,C100001,P2099,07/19/2023,2,returned
O511028,C101477,P2283,05/20/2023,3,completed
O511029,C100045,P2036,04/18/2023,2,completed
O511030,C101354,P2149,01/30/2023,1,completed
O511031,C100156,P2032,03/16/2023,4,completed
O511032,C101199,P2021,04/02/2023,3,completed
O511033,C100316,P2110,03/18/2023,3,completed
O511034,C100418,P2049,07/10/2023,3,completed
O511035,C101306,P2001,03/14/2023,5,returned
O511036,C100756,P2071,09/08/2023,4,completed
O511037,C100862,P2282,04/27/2023,3,returned
O511038,C100425,P2193,01/18/2023,5,completed
O511039,C100635,P2224,03/06/2023,5,completed
O511040,C100664,P2201,01/31/2023,5,completed
O511041,C100673,P2134,05/23/2023,4,completed
O511042,C100395,P2274,02/20/2023,1,returned
O511043,C101346,P2168,04/07/2023,3,completed
O511044,C101351,P2253,05/02/2023,3,completed
O511045,C100852,P2012,06/06/2023,5,returned
O511046,C101454,P2181,05/25/2023,4,returned
O511047,C100377,P2047,12/02/2023,1,completed
O511048,C100475,P2230,09/29/2023,4,completed
O511049,C100726,P2169,08/23/2023,1,completed
O511050,C100340,P2078,07/27/2023,5,returned
O511051,C100282,P2056,03/05/2023,1,completed
O511052,C101242,P2245,08/01/2023,2,completed
O511053,C101450,P2291,11/01/2023,1,completed
O511054,C101281,P2227,11/06/2023,5,completed
O511055,C100177,P2178,11/30/2023,1,returned
O511056,C100720,P2040,06/23/2023,3,completed
O511057,C100965,P2116,02/17/2023,1,cancelled
O511058,C100001,P2070,07/27/2023,1,completed
O511059,C101208,P2128,01/01/2023,4,completed
O511060,C100882,P2281,03/28/2023,3,completed
O511061,C100225,P2040,07/29/2023,3,completed
O511062,C100715,P2286,08/21/2023,3,completed
O511063,C100550,P2207,06/25/2023,1,completed
O511064,C100786,P2232,04/22/2023,1,completed
O511065,C100654,P2053,06/03/2023,1,completed
O511066,C100103,P2256,04/21/2023,1,completed
O511067,C100956,P2149,05/27/2023,1,completed
O511068,C100401,P2049,02/15/2023,4,returned
O511069,C100304,P2296,03/16/2023,4,completed
O511070,C100922,P2222,06/18/2023,2,cancelled
O511071,C100987,P2039,04/24/2023,3,completed
O511072,C100983,P9999,06/23/2023,1,completed
O511073,C100714,P2033,10/13/2023,2,completed
O511074,C101163,P2275,02/05/2023,1,completed
O511075,C101206,P2294,07/30/2023,2,completed
O511076,C101071,P2066,12/27/2023,1,returned
O511077,C100629,P2108,07/08/2023,3,completed
O511078,C100044,P2259,06/16/2023,3,completed
O511079,C101167,P2033,03/21/2023,4,completed
O511080,C100273,P2226,07/25/2023,3,completed
O511081,C100926,P2008,03/07/2023,4,completed
O511082,C100638,P2205,07/25/2023,2,completed
O511083,C100936,P2207,01/27/2023,4,returned
O511084,C100584,P2152,03/11/2023,3,completed
O511085,C100867,P2109,07/09/2023,1,completed
O511086,C101413,P2277,11/23/2023,1,completed
O511087,C101331,P2108,03/22/2023,4,completed
O511088,C100159,P2208,06/12/2023,5,returned
O511089,C100567,P2171,11/25/2023,1,completed
O511090,C100284,P2039,02/03/2023,4,cancelled
O511091,C100355,P2293,07/01/2023,2,completed
O511092,C100330,P2163,10/27/2023,4,completed
O511093,C101022,P2147,03/08/2023,4,returned
O511094,C100164,P2203,01/19/2023,4,completed
O511095,C100325,P2221,05/21/2023,3,completed
O511096,C100526,P2063,11/10/2023,3,completed
O511097,C101196,P2135,04/08/2023,2,completed
O511098,C101132,P2145,03/05/2023,4,completed
O511099,C100764,P2290,09/08/2023,3,completed
O511100,C100340,P2160,11/07/2023,3,completed
O511101,C100045,P2152,10/29/2023,2,completed
O511102,C101147,P2148,01/13/2023,1,completed
O511103,C101035,P2119,04/25/2023,5,completed
O511104,C100539,P2174,06/21/2023,2,returned
O511105,C100137,P2129,04/09/2023,3,completed
O511106,C101064,P2173,09/15/2023,2,completed
O511107,C101077,P2149,02/21/2023,5,completed
O511108,C100957,P2213,02/01/2023,1,completed
O511109,C101250,P2056,01/26/2023,4,completed
O511110,C101042,P2153,09/09/2023,4,completed
O511111,C100400,P2196,10/11/2023,3,cancelled
O511112,C101007,P2097,03/04/2023,3,completed
O511113,C100775,P2236,03/24/2023,1,completed
O511114,C100990,P2260,08/08/2023,1,completed
O511115,C100076,P2074,04/28/2023,4,completed
O511116,C101131,P2024,12/29/2023,2,completed
O511117,C100300,P2027,09/02/2023,2,cancelled
O511118,C100262,P2008,08/14/2023,2,completed
O511119,C100767,P2041,09/11/2023,1,completed
O511120,C100388,P2168,12/29/2023,3,returned
O511121,C100484,P2239,12/06/2023,5,completed
O511122,C100333,P2019,04/17/2023,1,completed
O511123,C101214,P2297,08/21/2023,2,completed
O511124,C100933,P2200,07/14/2023,4,completed
O511125,C101301,P2025,06/14/2023,1,completed
O511126,C100587,P2162,03/18/2023,1,cancelled
O511127,C101368,P2150,05/20/2023,5,cancelled
O511128,C101368,P2147,11/22/2023,5,completed
O511129,C100742,P2110,03/04/2023,3,completed
O511130,C100568,P2100,01/31/2023,1,completed
O511131,C101303,P2237,04/14/2023,4,completed
O511132,C101133,P2145,12/14/2023,1,completed
O511133,C101285,P2158,03/03/2023,5,completed
O511134,C101082,P2094,05/14/2023,3,completed
O511135,C101495,P2027,07/25/2023,3,completed
O511136,C100527,P2260,03/08/2023,4,cancelled
O511137,C100998,P2185,12/31/2023,1,completed
O511138,C100391,P2093,08/16/2023,2,completed
O511139,C100473,P2130,11/02/2023,1,completed
O511140,C100328,P2071,07/05/2023,3,returned
O511141,C100755,P2039,10/05/2023,1,completed
O511142,C101192,P2027,10/27/2023,3,completed
O511143,C100754,P2091,10/13/2023,1,returned
O511144,C100333,P2097,10/10/2023,1,completed
O511145,C101093,P2116,05/10/2023,1,completed
O511146,C101251,P2255,06/19/2023,3,completed
O511147,C100051,P2123,10/06/2023,5,completed
O511148,C100187,P2040,08/03/2023,5,completed
O511149,C101382,P2246,09/29/2023,5,completed
O511150,C100703,P2261,10/19/2023,3,completed
O511151,C100174,P2296,06/30/2023,4,completed
O511152,C100223,P2168,11/08/2023,3,completed
O511153,C101140,P2254,12/18/2023,4,completed
O511154,C100019,P2016,01/21/2023,1,completed
O511155,C100772,P2242,09/20/2023,3,completed
O511156,C100013,P2290,10/26/2023,5,completed
O511157,C101176,P2069,08/28/2023,2,completed
O511158,C100896,P2149,02/17/2023,1,completed
O511159,C101081,P2146,02/28/2023,1,returned
O511160,C101456,P2077,10/17/2023,5,completed
O511161,C100494,P2278,10/13/2023,4,completed
O511162,C101176,P2069,03/18/2023,3,completed
O511163,C100137,P2165,02/13/2023,5,completed
O511164,C100004,P2049,08/24/2023,3,completed
O511165,C100224,P2183,07/08/2023,3,completed
O511166,C100721,P2035,02/14/2023,5,completed
O511167,C100641,P2195,10/10/2023,2,completed
O511168,C100178,P2297,07/21/2023,1,returned
O511169,C100008,P2292,08/13/2023,3,completed
O511170,C100002,P2274,07/01/2023,5,completed
O511171,C100977,P2180,12/06/2023,3,completed
O511172,C101361,P2278,03/25/2023,2,completed
O511173,C100029,P2174,07/26/2023,2,cancelled
O511174,C100677,P2215,09/22/2023,2,completed
O511175,C101181,P2159,12/12/2023,2,completed
O511176,C100893,P2289,02/06/2023,3,completed
O511177,C100858,P2098,09/16/2023,4,returned
O511178,C100071,P2069,08/01/2023,5,completed
O511179,C100296,P2007,02/20/2023,5,completed
O511180,C101331,P2208,12/31/2023,2,completed
O511181,C100295,P2060,06/14/2023,1,completed
O511182,C101141,P2028,08/27/2023,2,completed
O511183,C100819,P2045,09/15/2023,1,completed
O511184,C101484,P2277,04/21/2023,4,completed
O511185,C101181,P2032,09/11/2023,2,completed
O511186,C100154,P2136,09/24/2023,2,completed
O511187,C100327,P2010,02/17/2023,3,completed
O511188,C100316,P2229,03/16/2023,1,completed
O511189,C100115,P2029,01/18/2023,3,completed
O511190,C100632,P2103,07/23/2023,1,completed
O511191,C100515,P2273,01/18/2023,4,completed
O511192,C100918,P2050,10/06/2023,3,completed
O511193,C101439,P2200,03/16/2023,2,completed
O511194,C101005,P2117,07/03/2023,1,cancelled
O511195,C100442,P2234,12/23/2023,1,completed
O511196,C101287,P2042,10/27/2023,5,completed
O511197,C101404,P2142,03/31/2023,3,completed
O511198,C101187,P2122,05/23/2023,4,completed
O511199,C101065,P2226,07/20/2023,5,completed
O511200,C101240,P2142,08/22/2023,1,completed
O511201,C101480,P2123,09/18/2023,3,completed
O511202,C100248,P2025,02/01/2023,3,returned
O511203,C100172,P2026,09/29/2023,2,completed
O511204,C101321,P2183,08/09/2023,2,completed
O511205,C101326,P2192,03/17/2023,5,completed
O511206,C101421,P2092,09/19/2023,2,completed
O511207,C100577,P2140,05/13/2023,1,completed
O511208,C100246,P2039,09/09/2023,5,completed
O511209,C100668,P2296,01/21/2023,1,completed
O511210,C101281,P2096,03/04/2023,4,completed
O511211,C101263,P2061,11/05/2023,2,completed
O511212,C100287,P2033,06/16/2023,5,completed
O511213,C100065,P2290,01/06/2023,5,completed
O511214,C100455,P2179,03/15/2023,3,completed
O511215,C100303,P2078,04/19/2023,2,completed
O511216,C101221,P2154,12/15/2023,4,completed
O511217,C100670,P2218,10/02/2023,4,completed
O511218,C100264,P2229,07/24/2023,1,completed
O511219,C101246,P2095,01/28/2023,5,returned
O511220,C101044,P2044,04/10/2023,1,completed
O511221,C101357,P2124,08/02/2023,2,completed
O511222,C100378,P2113,01/20/2023,2,completed
O511223,C100332,P2168,09/22/2023,1,cancelled
O511224,C100781,P2173,07/26/2023,1,completed
O511225,C101078,P2165,10/16/2023,4,completed
O511226,C101292,P2134,02/09/2023,5,cancelled
O511227,C100571,P2133,09/08/2023,1,completed
O511228,C100118,P2132,02/15/2023,2,completed
O511229,C100150,P2222,09/20/2023,5,returned
O511230,C100286,P2087,02/04/2023,4,completed
O511231,C101226,P2086,08/15/2023,5,completed
O511232,C100531,P2151,05/23/2023,5,completed
O511233,C100461,P2124,10/21/2023,5,completed
O511234,C101187,P2092,05/01/2023,1,completed
O511235,C100810,P2027,07/31/2023,5,completed
O511236,C100613,P2232,12/17/2023,3,completed
O511237,C100822,P2296,10/20/2023,1,completed
O511238,C100405,P2045,06/20/2023,1,returned
O511239,C101101,P2005,03/24/2023,4,completed
O511240,C100405,P2195,12/19/2023,1,completed
O511241,C100527,P2123,06/22/2023,4,completed
O511242,C101164,P2185,03/08/2023,3,completed
O511243,C101200,P2219,03/15/2023,2,completed
O511244,C100001,P2064,07/04/2023,3,completed
O511245,C101321,P2239,10/02/2023,1,completed
O511246,C100486,P2257,07/29/2023,2,cancelled
O511247,C101239,P2044,09/11/2023,4,completed
O511248,C100237,P2167,01/27/2023,4,completed
O511249,C100080,P2004,04/13/2023,4,completed
O511250,C100792,P2273,01/08/2023,4,completed
O511251,C100694,P2103,11/01/2023,2,completed
O511252,C100174,P2127,03/11/2023,4,completed
O511253,C100643,P2216,07/23/2023,2,completed
O511254,C101278,P2148,12/22/2023,2,completed
O511255,C100035,P2259,01/24/2023,4,completed
O511256,C100669,P2207,07/01/2023,1,completed
O511257,C100430,P2207,01/07/2023,3,returned
O511258,C101372,P2154,02/13/2023,3,completed
O511259,C101115,P2035,09/21/2023,4,completed
O511260,C100430,P2231,02/19/2023,3,completed
O511261,C100866,P2196,04/30/2023,3,cancelled
O511262,C100308,P2273,03/07/2023,5,completed
O511263,C100284,P2239,10/29/2023,4,completed
O511264,C100254,P2079,01/11/2023,4,completed
O511265,C100102,P2052,05/29/2023,5,completed
O511266,C100120,P2005,06/07/2023,1,completed
O511267,C100554,P2000,11/27/2023,1,completed
O511268,C100915,P2210,09/17/2023,2,cancelled
O511269,C100740,P2262,07/06/2023,1,completed
O511270,C100707,P2063,08/08/2023,3,returned
O511271,C101405,P2250,07/11/2023,1,completed
O511272,C100450,P2073,04/03/2023,4,cancelled
O511273,C100982,P2210,09/16/2023,5,completed
O511274,C101080,P2099,07/03/2023,5,returned
O511275,C101210,P2061,11/15/2023,3,returned
O511276,C100016,P2002,05/31/2023,3,completed
O511277,C100432,P2204,02/01/2023,5,completed
O511278,C100450,P2046,04/25/2023,4,completed
O511279,C101252,P2173,04/05/2023,5,completed
O511280,C100939,P2250,02/15/2023,5,completed
O511281,C100903,P2132,12/14/2023,3,completed
O511282,C100274,P2187,12/19/2023,3,completed
O511283,C100082,P2273,01/26/2023,1,completed
O511284,C100857,P2269,07/14/2023,3,completed
O511285,C101009,P2238,11/15/2023,4,completed
O511286,C100821,P2293,04/21/2023,1,completed
O511287,C100835,P2132,07/28/2023,2,completed
O511288,C100582,P2052,11/08/2023,1,completed
O511289,C100240,P2144,10/31/2023,2,completed
O511290,C100387,P2218,01/04/2023,2,completed
O511291,C100253,P2110,07/26/2023,4,completed
O511292,C100704,P2129,08/21/2023,4,completed
O511293,C100636,P2017,07/18/2023,1,completed
O511294,C100860,P2217,04/16/2023,5,completed
O511295,C100361,P2198,02/19/2023,4,completed
O511296,C100894,P2036,07/25/2023,3,completed
O511297,C101450,P2282,09/25/2023,4,completed
O511298,C100999,P2159,05/30/2023,1,completed
O511299,C100430,P2176,06/08/2023,2,cancelled
O511300,C100393,P2049,09/19/2023,3,completed
O511301,C101486,P2211,02/07/2023,2,returned
O511302,C100187,P2154,03/29/2023,1,completed
O511303,C100014,P2064,12/21/2023,1,returned
O511304,C100000,P2162,10/01/2023,4,completed
O511305,C100727,P2187,04/21/2023,5,completed
O511306,C100784,P2135,01/19/2023,2,completed
O511307,C100458,P2119,01/17/2023,4,completed
O511308,C101300,P2272,10/04/2023,1,completed
O511309,C100891,P2138,12/12/2023,1,completed
O511310,C101208,P2116,01/22/2023,1,completed
O511311,C101324,P2096,06/18/2023,3,completed
O511312,C100734,P2188,11/08/2023,1,completed
O511313,C100858,P2124,10/15/2023,5,completed
O511314,C100003,P2143,05/06/2023,5,completed
O511315,C100180,P2202,08/08/2023,2,completed
O511316,C101355,P2137,08/11/2023,1,returned
O511317,C101360,P2037,03/21/2023,1,completed
O511318,C101085,P2260,10/21/2023,4,completed
O511319,C100869,P2084,01/19/2023,4,completed
O511320,C100030,P2030,09/03/2023,3,completed
O511321,C100345,P2279,09/25/2023,5,returned
O511322,C100930,P2259,12/04/2023,1,cancelled
O511323,C101044,P2291,06/02/2023,1,completed
O511324,C100220,P2222,05/25/2023,5,completed
O511325,C100678,P2177,12/15/2023,1,completed
O511326,C100280,P2257,09/11/2023,1,returned
O511327,C100173,P2154,09/13/2023,1,completed
O511328,C100237,P2168,02/18/2023,3,completed
O511329,C101230,P2120,10/17/2023,1,completed
O511330,C100931,P2133,07/25/2023,1,completed
O511331,C101388,P2236,01/27/2023,3,returned
O511332,C101057,P2190,04/24/2023,4,completed
O511333,C100356,P2296,10/27/2023,3,cancelled
O511334,C101434,P2291,02/20/2023,5,completed
O511335,C100007,P2220,07/19/2023,4,completed
O511336,C101078,P2053,07/19/2023,3,completed
O511337,C100493,P2052,08/16/2023,1,completed
O511338,C100368,P2039,06/17/2023,4,completed
O511339,C101462,P2205,05/27/2023,5,completed
O511340,C100916,P2187,08/16/2023,4,returned
O511341,C101375,P2040,06/19/2023,2,completed
O511342,C100844,P2199,07/13/2023,4,completed
O511343,C100781,P2022,01/18/2023,3,completed
O511344,C101019,P2138,02/25/2023,3,completed
O511345,C101488,P2078,02/24/2023,2,completed
O511346,C100984,P2097,08/02/2023,2,completed
O511347,C101477,P2134,08/21/2023,5,completed
O511348,C100463,P2142,01/10/2023,5,completed
O511349,C101115,P2108,08/15/2023,1,returned
O511350,C100050,P2049,12/06/2023,5,completed
O511351,C101179,P2291,01/01/2023,2,completed
O511352,C100721,P2258,08/22/2023,1,completed
O511353,C100516,P2037,11/08/2023,3,completed
O511354,C101427,P2095,04/03/2023,4,completed
O511355,C100195,P2115,03/08/2023,1,completed
O511356,C100657,P2278,01/10/2023,4,cancelled
O511357,C100963,P2027,09/10/2023,1,completed
O511358,C101209,P2088,05/15/2023,4,returned
O511359,C100553,P2127,04/02/2023,2,completed
O511360,C100043,P2214,05/16/2023,1,completed
O511361,C100700,P2292,06/04/2023,4,completed
O511362,C100885,P2014,10/07/2023,1,completed
O511363,C101071,P2178,01/17/2023,1,completed
O511364,C101040,P2294,09/28/2023,3,completed
O511365,C100170,P2061,12/22/2023,2,completed
O511366,C100536,P2211,12/20/2023,2,completed
O511367,C101141,P2279,03/01/2023,5,completed
O511368,C100603,P2150,07/21/2023,4,completed
O511369,C100386,P2264,06/22/2023,5,completed
O511370,C100054,P2094,03/28/2023,2,completed
O511371,C101280,P2032,02/14/2023,4,completed
O511372,C101422,P2045,02/22/2023,4,completed
O511373,C101107,P2115,08/26/2023,5,completed
O511374,C100578,P2023,04/07/2023,5,completed
O511375,C101456,P2101,02/28/2023,5,completed
O511376,C100804,P2231,07/30/2023,3,completed
O511377,C100164,P2213,05/18/2023,5,completed
O511378,C100990,P2072,11/05/2023,3,completed
O511379,C100406,P2089,01/27/2023,3,completed
O511380,C100473,P2202,12/21/2023,4,completed
O511381,C100718,P2103,02/25/2023,4,completed
O511382,C101019,P2152,02/17/2023,4,completed
O511383,C100015,P2012,05/04/2023,5,completed
O511384,C101434,P2079,06/15/2023,2,completed
O511385,C100752,P2035,08/31/2023,4,completed
O511386,C100809,P2256,01/17/2023,3,completed
O511387,C100845,P2216,06/29/2023,2,completed
O511388,C100258,P2207,09/26/2023,3,completed
O511389,C100615,P2294,01/13/2023,4,completed
O511390,C101048,P2084,09/19/2023,4,completed
O511391,C100499,P2042,08/26/2023,3,completed
O511392,C101383,P2193,02/02/2023,1,completed
O511393,C100234,P2039,12/31/2023,3,cancelled
O511394,C100806,P2115,03/13/2023,5,completed
O511395,C100924,P2225,09/13/2023,1,completed
O511396,C100507,P2094,01/09/2023,2,completed
O511397,C100868,P2035,09/03/2023,4,completed
O511398,C100957,P2073,12/24/2023,3,completed
O511399,C101105,P2111,04/14/2023,5,completed
O511400,C100045,P2149,05/08/2023,1,completed
O511401,C100243,P2092,04/16/2023,1,completed
O511402,C101012,P2019,04/10/2023,5,completed
O511403,C100698,P2233,08/17/2023,1,completed
O511404,C101490,P2210,06/11/2023,4,completed
O511405,C100332,P2198,04/04/2023,3,completed
O511406,C101397,P2228,09/16/2023,5,completed
O511407,C100997,P2289,08/29/2023,1,completed
O511408,C100585,P2036,08/26/2023,4,completed
O511409,C100519,P2170,11/08/2023,5,completed
O511410,C100159,P2244,10/26/2023,1,returned
O511411,C100903,P2176,04/23/2023,4,completed
O511412,C100219,P2154,09/03/2023,5,completed
O511413,C100504,P2131,04/19/2023,5,completed
O511414,C100332,P2246,06/09/2023,3,completed
O511415,C100963,P2227,09/17/2023,2,completed
O511416,C101449,P2219,11/23/2023,3,completed
O511417,C100288,P2189,07/05/2023,5,returned
O511418,C100589,P2251,03/01/2023,5,completed
O511419,C100962,P2176,06/09/2023,4,completed
O511420,C101239,P2190,12/13/2023,4,completed
O511421,C100583,P2276,01/29/2023,1,completed
O511422,C100835,P2125,12/13/2023,5,completed
O511423,C100480,P2007,11/21/2023,5,completed
O511424,C101260,P2084,11/20/2023,2,completed
O511425,C101197,P2074,09/08/2023,1,completed
O511426,C101154,P2295,08/24/2023,2,cancelled
O511427,C100564,P2023,04/17/2023,1,completed
O511428,C101406,P2288,09/29/2023,2,completed
O511429,C101011,P2181,07/14/2023,1,completed
O511430,C100556,P2137,03/28/2023,4,completed
O511431,C101299,P2196,02/19/2023,5,completed
O511432,C100506,P2017,05/22/2023,2,completed
O511433,C100803,P2205,01/19/2023,3,completed
O511434,C101069,P2220,11/19/2023,1,cancelled
O511435,C101111,P2108,07/27/2023,4,completed
O511436,C101073,P2077,05/05/2023,3,completed
O511437,C100471,P2215,03/04/2023,1,cancelled
O511438,C100242,P2261,05/01/2023,5,completed
O511439,C100223,P2067,05/16/2023,1,completed
O511440,C100947,P2218,11/17/2023,1,completed
O511441,C100471,P2299,02/26/2023,3,completed
O511442,C101121,P2216,03/06/2023,1,returned
O511443,C101036,P2001,08/29/2023,5,returned
O511444,C100749,P2112,09/22/2023,5,completed
O511445,C100500,P2083,01/01/2023,4,completed
O511446,C100001,P2133,03/19/2023,1,completed
O511447,C100514,P2260,10/23/2023,3,returned
O511448,C100844,P2142,08/24/2023,4,completed
O511449,C100654,P2259,01/17/2023,4,completed
O511450,C100557,P2026,03/04/2023,1,completed
O511451,C101072,P2005,07/28/2023,2,completed
O511452,C100098,P2135,05/07/2023,2,cancelled
O511453,C100721,P2116,07/13/2023,4,completed
O511454,C101121,P2163,10/08/2023,4,cancelled
O511455,C101414,P2194,06/07/2023,2,cancelled
O511456,C100549,P2153,07/21/2023,1,completed
O511457,C100731,P2175,07/17/2023,2,completed
O511458,C101434,P2021,07/07/2023,3,cancelled
O511459,C100629,P2128,12/28/2023,4,completed
O511460,C101410,P2164,07/23/2023,2,completed
O511461,C101235,P2271,01/06/2023,5,completed
O511462,C101479,P2241,01/11/2023,2,returned
O511463,C100088,P2265,08/17/2023,3,completed
O511464,C101349,P2255,01/19/2023,2,cancelled
O511465,C100000,P2010,06/25/2023,2,completed
O511466,C100599,P2112,04/11/2023,2,returned
O511467,C101121,P2123,04/06/2023,3,completed
O511468,C101070,P2047,04/25/2023,2,completed
O511469,C100108,P2263,03/15/2023,5,completed
O511470,C100164,P2222,10/04/2023,1,completed
O511471,C101347,P2275,08/25/2023,3,completed
O511472,C101087,P2213,10/09/2023,3,completed
O511473,C101366,P2185,12/22/2023,1,completed
O511474,C101100,P9999,01/04/2023,1,completed
O511475,C100915,P2002,10/21/2023,2,completed
O511476,C100146,P2138,04/16/2023,2,completed
O511477,C100524,P2016,04/14/2023,1,completed
O511478,C101331,P2004,02/16/2023,1,completed
O511479,C101001,P2103,04/10/2023,4,completed
O511480,C100785,P2185,07/29/2023,2,completed
O511481,C100014,P2267,01/02/2023,3,completed
O511482,C101253,P2218,11/10/2023,4,completed
O511483,C100860,P2042,04/28/2023,5,completed
O511484,C100007,P2015,10/05/2023,3,completed
O511485,C100173,P2285,05/13/2023,3,cancelled
O511486,C101142,P2280,07/23/2023,2,completed
O511487,C100272,P2149,10/02/2023,1,completed
O511488,C100507,P2016,11/25/2023,4,cancelled
O511489,C100926,P2075,05/07/2023,5,completed
O511490,C101349,P2195,12/11/2023,4,returned
O511491,C101176,P2243,03/27/2023,5,completed
O511492,C101239,P2099,09/21/2023,1,completed
O511493,C100718,P2106,03/30/2023,2,completed
O511494,C101328,P2105,02/21/2023,4,cancelled
O511495,C101392,P2109,02/20/2023,3,completed
O511496,C100468,P2038,12/02/2023,4,completed
O511497,C100453,P2037,08/06/2023,3,completed
O511498,C100163,P2001,08/27/2023,3,completed
O511499,C100485,P2157,09/29/2023,2,completed
O511500,C100107,P2072,05/23/2023,3,completed
O511501,C100304,P2224,07/13/2023,2,returned
O511502,C100202,P2208,09/15/2023,1,completed
O511503,C100139,P2061,12/18/2023,2,completed
O511504,C100882,P2211,05/20/2023,5,completed
O511505,C100338,P2297,06/12/2023,5,completed
O511506,C101066,P2188,06/12/2023,5,completed
O511507,C100569,P2149,12/31/2023,5,completed
O511508,C100664,P2089,10/22/2023,3,completed
O511509,C100430,P2198,11/14/2023,5,completed
O511510,C101475,P2014,06/08/2023,5,completed
O511511,C100623,P2284,12/13/2023,4,completed
O511512,C100919,P2272,12/11/2023,1,completed
O511513,C101130,P2003,12/02/2023,2,completed
O511514,C101043,P2244,11/12/2023,3,completed
O511515,C101491,P2271,08/28/2023,4,completed
O511516,C100461,P2094,12/21/2023,1,completed
O511517,C100065,P2182,01/21/2023,1,completed
O511518,C101030,P2298,05/08/2023,2,completed
O511519,C100172,P2165,04/16/2023,3,cancelled
O511520,C100153,P2194,01/07/2023,2,completed
O511521,C100501,P2087,04/23/2023,5,completed
O511522,C100505,P2215,12/27/2023,4,completed
O511523,C100287,P2162,04/02/2023,2,returned
O511524,C101279,P2233,09/25/2023,3,completed
O511525,C100044,P2256,10/31/2023,5,cancelled
O511526,C100010,P2154,11/04/2023,3,completed
O511527,C100212,P2052,08/21/2023,2,completed
O511528,C100427,P2211,07/25/2023,2,completed
O511529,C100225,P2076,12/12/2023,1,completed
O511530,C100585,P2238,08/13/2023,3,completed
O511531,C100934,P2036,08/30/2023,5,completed
O511532,C101111,P2078,06/03/2023,2,completed
O511533,C100859,P2183,10/18/2023,1,completed
O511534,C101170,P2194,01/01/2023,1,completed
O511535,C100744,P2178,09/14/2023,1,completed
O511536,C100261,P2242,12/15/2023,2,completed
O511537,C101499,P2258,08/29/2023,5,completed
O511538,C101076,P2286,01/01/2023,2,completed
O511539,C100501,P2152,12/08/2023,1,completed
O511540,C101056,P2011,03/22/2023,1,returned
O511541,C100183,P2254,10/29/2023,3,completed
O511542,C101431,P2199,03/26/2023,2,completed
O511543,C100090,P2279,12/11/2023,2,completed
O511544,C100712,P2104,09/17/2023,1,completed
O511545,C101310,P2106,06/04/2023,4,completed
O511546,C101193,P2293,09/30/2023,5,returned
O511547,C100437,P2296,07/20/2023,3,returned
O511548,C100516,P2193,03/09/2023,5,completed
O511549,C100901,P2025,12/10/2023,3,completed
O511550,C101225,P2027,07/17/2023,2,cancelled
O511551,C101495,P2033,03/22/2023,3,completed
O511552,C100359,P2057,07/24/2023,5,completed
O511553,C100032,P2266,04/01/2023,1,completed
O511554,C101102,P2056,10/24/2023,5,cancelled
O511555,C100009,P2186,06/21/2023,4,completed
O511556,C101334,P2013,03/20/2023,5,cancelled
O511557,C101297,P2032,03/25/2023,3,completed
O511558,C100040,P2276,03/03/2023,2,cancelled
O511559,C100589,P2228,11/09/2023,1,completed
O511560,C100566,P2005,12/05/2023,4,completed
O511561,C100988,P2164,06/21/2023,5,completed
O511562,C101179,P2052,09/06/2023,1,completed
O511563,C100477,P2176,01/08/2023,3,completed
O511564,C100241,P2005,04/19/2023,4,completed
O511565,C100114,P2181,10/05/2023,4,completed
O511566,C100216,P2275,06/10/2023,1,cancelled
O511567,C100573,P2131,08/12/2023,2,completed
O511568,C101255,P2176,10/04/2023,3,completed
O511569,C100512,P2063,11/16/2023,4,completed
O511570,C100232,P2257,11/23/2023,5,completed
O511571,C101368,P2147,05/14/2023,5,completed
O511572,C100382,P2042,02/23/2023,1,completed
O511573,C100264,P2014,09/02/2023,3,completed
O511574,C100351,P2062,11/03/2023,5,completed
O511575,C100381,P2167,04/20/2023,1,completed
O511576,C100467,P2114,11/12/2023,5,completed
O511577,C100357,P2044,08/08/2023,3,completed
O511578,C101117,P2170,05/13/2023,3,completed
O511579,C101001,P2193,03/10/2023,3,completed
O511580,C101166,P2153,01/16/2023,1,completed
O511581,C100032,P2193,10/30/2023,5,completed
O511582,C101180,P2087,05/01/2023,2,completed
O511583,C101218,P2165,08/07/2023,3,completed
O511584,C101336,P2168,03/19/2023,3,completed
O511585,C101384,P2243,11/16/2023,3,completed
O511586,C100131,P2157,03/24/2023,2,completed
O511587,C100614,P2291,07/22/2023,2,cancelled
O511588,C101354,P2271,04/16/2023,3,completed
O511589,C100794,P2085,10/09/2023,2,returned
O511590,C101065,P2076,07/25/2023,5,completed
O511591,C100640,P2094,05/09/2023,3,completed
O511592,C101469,P2120,05/27/2023,4,completed
O511593,C101099,P2005,03/30/2023,1,returned
O511594,C101408,P2066,04/08/2023,1,completed
O511595,C100897,P2141,01/19/2023,1,completed
O511596,C100704,P2052,01/24/2023,5,completed
O511597,C101237,P2142,07/01/2023,1,completed
O511598,C100272,P2062,01/03/2023,4,returned
O511599,C101256,P2281,08/05/2023,3,completed
O511600,C101017,P2297,09/14/2023,1,returned
O511601,C101204,P2245,02/11/2023,1,completed
O511602,C101422,P2190,06/22/2023,5,completed
O511603,C101089,P2208,10/23/2023,4,completed
O511604,C100966,P2112,04/10/2023,1,completed
O511605,C100271,P2024,01/15/2023,4,completed
O511606,C100190,P2248,11/06/2023,2,completed
O511607,C100506,P2183,06/30/2023,1,completed
O511608,C100904,P2201,08/31/2023,4,completed
O511609,C100634,P2101,04/24/2023,2,completed
O511610,C100334,P2217,01/14/2023,4,completed
O511611,C100474,P2277,04/10/2023,3,completed
O511612,C101196,P2098,08/10/2023,2,returned
O511613,C100564,P2231,09/12/2023,5,completed
O511614,C101463,P2067,08/18/2023,3,completed
O511615,C100349,P2207,06/21/2023,4,cancelled
O511616,C100853,P2297,01/22/2023,5,completed
O511617,C100288,P2263,09/25/2023,3,completed
O511618,C101428,P2082,08/02/2023,3,completed
O511619,C100077,P2141,02/03/2023,2,completed
O511620,C100175,P2291,08/11/2023,2,completed
O511621,C100809,P2067,10/02/2023,1,completed
O511622,C101081,P2217,03/24/2023,3,completed
O511623,C101264,P2139,02/13/2023,4,completed
O511624,C100003,P2205,01/24/2023,3,completed
O511625,C101124,P2111,09/29/2023,2,completed
O511626,C100199,P2108,01/23/2023,3,completed
O511627,C100027,P2097,11/08/2023,2,completed
O511628,C101000,P2238,04/13/2023,5,completed
O511629,C100242,P2069,03/08/2023,5,completed
O511630,C101468,P2257,11/04/2023,1,completed
O511631,C100996,P2052,10/30/2023,4,completed
O511632,C100897,P2076,05/02/2023,4,completed
O511633,C100090,P2077,02/06/2023,3,completed
O511634,C101038,P2295,04/12/2023,1,completed
O511635,C100838,P2084,09/01/2023,3,completed
O511636,C100642,P2011,10/03/2023,2,completed
O511637,C100583,P2175,04/30/2023,4,returned
O511638,C100025,P2048,04/29/2023,3,cancelled
O511639,C100424,P2033,07/22/2023,4,completed
O511640,C101109,P2277,08/04/2023,3,completed
O511641,C100686,P2223,05/25/2023,3,completed
O511642,C100243,P2137,10/15/2023,5,completed
O511643,C100696,P2160,05/30/2023,1,completed
O511644,C100768,P2093,12/16/2023,2,completed
O511645,C100955,P2215,12/02/2023,5,completed
O511646,C100586,P2213,06/29/2023,5,completed
O511647,C100895,P2225,01/10/2023,5,completed
O511648,C100150,P2001,05/13/2023,2,completed
O511649,C101348,P2288,02/26/2023,4,completed
O511650,C100415,P2142,04/03/2023,2,completed
O511651,C100091,P2137,10/26/2023,3,returned
O511652,C100005,P2040,09/22/2023,2,returned
O511653,C100389,P2191,09/03/2023,3,completed
O511654,C101411,P2260,09/07/2023,4,completed
O511655,C101364,P2034,06/26/2023,3,cancelled
O511656,C101137,P2180,08/31/2023,1,completed
O511657,C101317,P2127,12/31/2023,1,completed
O511658,C100317,P2035,08/24/2023,2,completed
O511659,C100187,P2277,06/17/2023,5,completed
O511660,C100534,P2064,02/17/2023,5,completed
O511661,C100554,P2217,05/25/2023,2,completed
O511662,C100026,P2168,08/19/2023,3,completed
O511663,C100936,P2066,02/12/2023,2,completed
O511664,C101037,P2179,03/30/2023,1,completed
O511665,C100023,P2041,10/16/2023,4,returned
O511666,C101450,P2143,03/07/2023,2,returned
O511667,C101308,P2182,02/06/2023,2,completed
O511668,C100506,P2049,04/03/2023,1,returned
O511669,C100642,P2231,03/30/2023,3,completed
O511670,C100136,P2270,06/22/2023,4,completed
O511671,C101334,P2098,06/04/2023,2,completed
O511672,C100348,P2030,09/06/2023,4,completed
O511673,C100394,P2295,01/24/2023,5,returned
O511674,C100161,P2022,03/19/2023,4,completed
O511675,C100427,P2171,01/23/2023,4,completed
O511676,C100687,P2091,06/14/2023,3,completed
O511677,C100972,P2156,02/11/2023,5,completed
O511678,C100364,P2269,04/03/2023,5,completed
O511679,C100605,P2247,06/17/2023,4,completed
O511680,C101452,P2150,12/13/2023,1,completed
O511681,C101084,P2025,03/05/2023,1,completed
O511682,C100461,P2129,03/04/2023,4,completed
O511683,C101150,P2054,05/07/2023,2,completed
O511684,C100669,P2013,05/31/2023,5,returned
O511685,C100399,P2082,01/07/2023,5,completed
O511686,C100191,P2217,08/22/2023,3,completed
O511687,C100050,P2197,01/20/2023,5,completed
O511688,C100354,P2147,12/22/2023,1,completed
O511689,C100990,P2246,11/05/2023,2,cancelled
O511690,C100846,P2127,11/15/2023,5,completed
O511691,C100434,P2143,06/20/2023,2,completed
O511692,C101099,P2225,11/26/2023,2,returned
O511693,C100379,P2246,04/02/2023,5,returned
O511694,C100814,P2047,10/15/2023,3,completed
O511695,C100637,P2285,11/05/2023,5,completed
O511696,C101458,P2074,12/12/2023,2,completed
O511697,C101021,P2194,08/30/2023,3,completed
O511698,C100327,P2292,12/17/2023,2,completed
O511699,C100970,P2259,03/25/2023,1,completed
O511700,C100633,P2133,11/08/2023,5,completed
O511701,C100576,P2108,02/14/2023,1,completed
O511702,C100916,P2155,09/04/2023,3,completed
O511703,C100115,P2107,10/18/2023,3,completed
O511704,C100894,P2248,02/21/2023,2,returned
O511705,C100037,P2229,12/28/2023,5,returned
O511706,C100677,P2091,12/27/2023,5,completed
O511707,C101054,P2123,05/14/2023,4,cancelled
O511708,C100925,P2001,06/06/2023,2,completed
O511709,C101444,P2043,12/22/2023,4,completed
O511710,C100259,P2207,05/13/2023,4,cancelled
O511711,C101256,P2105,11/03/2023,4,returned
O511712,C101180,P2079,01/30/2023,1,completed
O511713,C101373,P2004,12/10/2023,4,completed
O511714,C100623,P2071,12/15/2023,2,completed
O511715,C100782,P2218,10/25/2023,4,returned
O511716,C100115,P2196,05/23/2023,1,completed
O511717,C101276,P2106,10/28/2023,3,completed
O511718,C101467,P2082,02/11/2023,1,completed
O511719,C100053,P2241,08/11/2023,5,completed
O511720,C100284,P2109,03/01/2023,5,completed
O511721,C100951,P2152,09/07/2023,2,completed
O511722,C100299,P2273,07/07/2023,1,completed
O511723,C101396,P2134,08/21/2023,1,completed
O511724,C100545,P2032,09/15/2023,2,completed
O511725,C100718,P2168,11/20/2023,4,completed
O511726,C100525,P2236,05/30/2023,1,completed
O511727,C101463,P2140,07/21/2023,2,completed
O511728,C100131,P2119,06/07/2023,1,completed
O511729,C101057,P2069,10/31/2023,3,completed
O511730,C101183,P2182,06/06/2023,3,completed
O511731,C100399,P2251,03/07/2023,3,completed
O511732,C101085,P2281,05/30/2023,2,completed
O511733,C100231,P2299,11/07/2023,5,completed
O511734,C101482,P2134,10/10/2023,1,completed
O511735,C101307,P2017,01/22/2023,3,completed
O511736,C100311,P2066,05/17/2023,1,completed
O511737,C100136,P2170,12/16/2023,2,completed
O511738,C101269,P2132,04/03/2023,4,returned
O511739,C100331,P2276,11/20/2023,3,completed
O511740,C101041,P2261,12/16/2023,4,completed
O511741,C100260,P2295,07/28/2023,2,completed
O511742,C100908,P2016,02/11/2023,5,completed
O511743,C100539,P2191,08/20/2023,4,completed
O511744,C100731,P2234,04/22/2023,5,completed
O511745,C100027,P2253,05/05/2023,1,completed
O511746,C101150,P2085,07/05/2023,3,returned
O511747,C100274,P2236,04/03/2023,1,cancelled
O511748,C101336,P2158,05/19/2023,1,completed
O511749,C101401,P2045,06/30/2023,2,completed
O511750,C100142,P2068,09/09/2023,4,returned
O511751,C100006,P2195,08/15/2023,2,completed
O511752,C101235,P2230,01/05/2023,2,completed
O511753,C101115,P2199,08/14/2023,1,completed
O511754,C100196,P2178,06/15/2023,5,completed
O511755,C100040,P2237,04/21/2023,1,completed
O511756,C100771,P2215,07/31/2023,1,completed
O511757,C100663,P2122,09/30/2023,1,completed
O511758,C100026,P2290,05/14/2023,4,completed
O511759,C100125,P2197,11/01/2023,1,completed
O511760,C100513,P2056,09/22/2023,1,cancelled
O511761,C101220,P2251,08/04/2023,3,completed
O511762,C100807,P2215,01/28/2023,3,completed
O511763,C100117,P2002,12/06/2023,4,returned
O511764,C100133,P2275,11/10/2023,4,completed
O511765,C100777,P2180,08/14/2023,5,completed
O511766,C100138,P2282,11/15/2023,5,returned
O511767,C100692,P2245,07/25/2023,2,completed
O511768,C100989,P2214,12/18/2023,5,completed
O511769,C100234,P2059,02/03/2023,1,completed
O511770,C100144,P2074,12/11/2023,1,completed
O511771,C100339,P2142,01/12/2023,3,returned
O511772,C101074,P2042,01/09/2023,2,completed
O511773,C100438,P2269,12/21/2023,2,completed
O511774,C101072,P2195,07/31/2023,1,cancelled
O511775,C100739,P2004,11/09/2023,1,returned
O511776,C100880,P2275,01/12/2023,3,completed
O511777,C100842,P2075,08/02/2023,3,completed
O511778,C101481,P2000,05/29/2023,4,completed
O511779,C101017,P2280,04/09/2023,5,completed
O511780,C101321,P9999,08/19/2023,5,completed
O511781,C101101,P2080,10/06/2023,2,completed
O511782,C100995,P2106,07/22/2023,1,completed
O511783,C100295,P2137,12/14/2023,4,returned
O511784,C101314,P2263,04/18/2023,4,completed
O511785,C100164,P2203,04/29/2023,2,cancelled
O511786,C100418,P2023,06/26/2023,4,completed
O511787,C100388,P2284,11/29/2023,1,completed
O511788,C101246,P2119,03/24/2023,1,completed
O511789,C100932,P2260,10/14/2023,2,completed
O511790,C100156,P2152,08/18/2023,4,completed
O511791,C101294,P2237,10/21/2023,3,completed
O511792,C100437,P2176,09/03/2023,2,completed
O511793,C100668,P2147,03/24/2023,3,completed
O511794,C100566,P2037,02/10/2023,2,completed
O511795,C100344,P2269,07/20/2023,1,completed
O511796,C100983,P2222,03/20/2023,1,completed
O511797,C101209,P2221,06/09/2023,5,completed
O511798,C100581,P2241,05/06/2023,1,completed
O511799,C100901,P2176,11/20/2023,4,completed
O511800,C101184,P2284,03/19/2023,3,completed
O511801,C101220,P2056,04/20/2023,3,completed
O511802,C100496,P2092,06/07/2023,2,returned
O511803,C101005,P2056,03/18/2023,3,completed
O511804,C100153,P2273,05/22/2023,1,completed
O511805,C100675,P2001,05/15/2023,1,completed
O511806,C100512,P2229,07/08/2023,2,completed
O511807,C100604,P2076,02/21/2023,3,completed
O511808,C100815,P2232,05/31/2023,2,completed
O511809,C100065,P2272,03/21/2023,4,completed
O511810,C100725,P2045,10/15/2023,1,completed
O511811,C100648,P2058,04/04/2023,3,returned
O511812,C100921,P2142,09/05/2023,4,completed
O511813,C100252,P2189,03/09/2023,3,completed
O511814,C100521,P2295,05/25/2023,5,completed
O511815,C100152,P2112,02/26/2023,2,completed
O511816,C100612,P2245,04/11/2023,2,completed
O511817,C100763,P2270,07/22/2023,4,cancelled
O511818,C100131,P2141,05/01/2023,3,completed
O511819,C100708,P2285,12/26/2023,2,completed
O511820,C100379,P2200,02/21/2023,5,completed
O511821,C100885,P2202,11/09/2023,1,completed
O511822,C100995,P2239,04/26/2023,2,completed
O511823,C101037,P2139,05/19/2023,4,returned
O511824,C100493,P2116,09/04/2023,4,completed
O511825,C100423,P2036,02/09/2023,2,completed
O511826,C100075,P2034,09/08/2023,3,returned
O511827,C100493,P2004,09/17/2023,4,cancelled
O511828,C101371,P2192,08/28/2023,1,completed
O511829,C100886,P2239,01/21/2023,5,completed
O511830,C101452,P2130,08/13/2023,5,completed
O511831,C100038,P2029,09/24/2023,3,completed
O511832,C101302,P2271,12/10/2023,5,completed
O511833,C101283,P2029,09/17/2023,4,completed
O511834,C100178,P2152,06/20/2023,1,completed
O511835,C100293,P2252,09/30/2023,3,completed
O511836,C100976,P2021,03/16/2023,5,completed
O511837,C100874,P2284,01/06/2023,3,completed
O511838,C100460,P2013,01/06/2023,5,completed
O511839,C100178,P2248,11/05/2023,5,completed
O511840,C101479,P2054,03/25/2023,2,completed
O511841,C100677,P2151,05/10/2023,1,completed
O511842,C101271,P2152,11/23/2023,3,completed
O511843,C100269,P2085,04/12/2023,3,completed
O511844,C100270,P2102,09/13/2023,1,completed
O511845,C100495,P2035,02/10/2023,4,completed
O511846,C100473,P2042,06/10/2023,1,completed
O511847,C100109,P2134,08/19/2023,5,returned
O511848,C100686,P2019,09/13/2023,2,completed
O511849,C100015,P2216,01/15/2023,4,completed
O511850,C100386,P2040,10/30/2023,1,completed
O511851,C100219,P2093,05/24/2023,3,completed
O511852,C101146,P2152,07/26/2023,3,completed
O511853,C101349,P2186,12/11/2023,2,completed
O511854,C101235,P2160,02/21/2023,1,completed
O511855,C100712,P2051,09/13/2023,2,completed
O511856,C100483,P2081,11/22/2023,3,completed
O511857,C100976,P2255,03/06/2023,3,completed
O511858,C100298,P2268,10/09/2023,1,completed
O511859,C100477,P2071,02/13/2023,5,completed
O511860,C100062,P2227,12/06/2023,2,completed
O511861,C100501,P2235,04/03/2023,4,completed
O511862,C101404,P2103,02/21/2023,3,completed
O511863,C101321,P2037,10/06/2023,5,cancelled
O511864,C100326,P2195,08/16/2023,2,completed
O511865,C101228,P2055,05/06/2023,1,completed
O511866,C101332,P2148,03/26/2023,5,returned
O511867,C100634,P2250,04/07/2023,4,completed
O511868,C100188,P2229,04/19/2023,2,returned
O511869,C100859,P2029,06/05/2023,2,completed
O511870,C101481,P2148,06/09/2023,3,cancelled
O511871,C101279,P2155,01/18/2023,1,completed
O511872,C100818,P2135,05/17/2023,2,completed
O511873,C100489,P2176,09/17/2023,2,completed
O511874,C100107,P2088,09/01/2023,3,completed
O511875,C100110,P2162,08/21/2023,2,cancelled
O511876,C101061,P2192,11/19/2023,3,completed
O511877,C101072,P2280,02/03/2023,2,completed
O511878,C100893,P2059,02/19/2023,2,completed
O511879,C100626,P2225,08/01/2023,3,completed
O511880,C101054,P2263,08/21/2023,5,completed
O511881,C101217,P2024,11/08/2023,5,completed
O511882,C101461,P2049,06/02/2023,3,completed
O511883,C101241,P2171,09/10/2023,3,completed
O511884,C100700,P2098,04/28/2023,2,returned
O511885,C100509,P2287,03/09/2023,1,completed
O511886,C100848,P2117,05/05/2023,3,completed
O511887,C100115,P2149,08/09/2023,1,completed
O511888,C100562,P2188,06/19/2023,1,completed
O511889,C101326,P2131,12/20/2023,4,completed
O511890,C100610,P2190,01/30/2023,5,completed
O511891,C100307,P2253,08/04/2023,3,completed
O511892,C101182,P2037,08/03/2023,1,completed
O511893,C101043,P2108,10/17/2023,5,completed
O511894,C101358,P2215,03/25/2023,3,returned
O511895,C100840,P2154,09/22/2023,4,completed
O511896,C100756,P2047,09/01/2023,3,completed
O511897,C100580,P2027,06/29/2023,3,completed
O511898,C101028,P2253,07/23/2023,4,completed
O511899,C100284,P2243,12/25/2023,1,completed
O511900,C100852,P2098,09/14/2023,3,completed
O511901,C100403,P2066,10/08/2023,2,completed
O511902,C100530,P2097,05/20/2023,5,cancelled
O511903,C100336,P2190,03/27/2023,4,completed
O511904,C101354,P2234,04/09/2023,3,completed
O511905,C101027,P2063,08/17/2023,1,completed
O511906,C101433,P2161,06/24/2023,3,cancelled
O511907,C100301,P2278,12/20/2023,1,completed
O511908,C100307,P2126,03/23/2023,5,completed
O511909,C100154,P2181,01/07/2023,1,completed
O511910,C100999,P2076,01/03/2023,1,returned
O511911,C100201,P2176,09/14/2023,2,completed
O511912,C101014,P2040,09/24/2023,4,returned
O511913,C101463,P2125,03/17/2023,4,completed
O511914,C100499,P2065,01/16/2023,3,completed
O511915,C100064,P2148,09/24/2023,5,completed
O511916,C100361,P2088,02/15/2023,1,completed
O511917,C100018,P2191,09/28/2023,5,completed
O511918,C101171,P2189,06/22/2023,2,completed
O511919,C100539,P2060,11/20/2023,5,completed
O511920,C100063,P2159,01/12/2023,5,completed
O511921,C100982,P2070,02/17/2023,1,returned
O511922,C101099,P2192,03/04/2023,1,completed
O511923,C101354,P2030,01/11/2023,3,completed
O511924,C100827,P2206,04/11/2023,1,completed
O511925,C101298,P2112,02/21/2023,1,completed
O511926,C101426,P2066,07/14/2023,1,completed
O511927,C100289,P2291,12/01/2023,1,cancelled
O511928,C101276,P2137,01/07/2023,3,completed
O511929,C101248,P2057,05/15/2023,4,completed
O511930,C100827,P2108,09/04/2023,2,completed
O511931,C100897,P2110,07/17/2023,2,completed
O511932,C100578,P2211,06/06/2023,4,completed
O511933,C100201,P2164,04/18/2023,4,completed
O511934,C100419,P2020,03/30/2023,4,completed
O511935,C100035,P2048,05/12/2023,1,completed
O511936,C100776,P2000,07/20/2023,4,cancelled
O511937,C100020,P2051,10/14/2023,2,completed
O511938,C101288,P2167,01/15/2023,4,completed
O511939,C101322,P2055,01/12/2023,5,returned
O511940,C100823,P2258,11/23/2023,3,completed
O511941,C100849,P2288,12/15/2023,2,returned
O511942,C100661,P2296,12/31/2023,2,completed
O511943,C100823,P2175,05/19/2023,1,completed
O511944,C100391,P2237,10/01/2023,2,returned
O511945,C100214,P2015,04/18/2023,4,returned
O511946,C100549,P2193,07/30/2023,3,returned
O511947,C100672,P2064,06/07/2023,1,completed
O511948,C101349,P2128,09/28/2023,2,completed
O511949,C100855,P2132,07/16/2023,5,completed
O511950,C100556,P2274,09/11/2023,3,completed
O511951,C100607,P2038,09/16/2023,1,completed
O511952,C100420,P2258,01/05/2023,3,completed
O511953,C101054,P2044,06/19/2023,1,completed
O511954,C100131,P2168,08/08/2023,5,completed
O511955,C100525,P2064,05/30/2023,4,completed
O511956,C101233,P2102,09/04/2023,3,completed
O511957,C100136,P2229,04/21/2023,5,completed
O511958,C100246,P2283,08/14/2023,3,completed
O511959,C100791,P2288,11/15/2023,1,completed
O511960,C100505,P2117,10/13/2023,4,completed
O511961,C100899,P2170,10/27/2023,1,cancelled
O511962,C100699,P2152,12/25/2023,2,completed
O511963,C100821,P2175,11/05/2023,2,returned
O511964,C100563,P2213,01/18/2023,1,completed
O511965,C101474,P2123,03/14/2023,2,returned
O511966,C101327,P2165,07/10/2023,2,completed
O511967,C101364,P2184,12/18/2023,5,completed
O511968,C101142,P2293,07/14/2023,5,completed
O511969,C100145,P2041,07/19/2023,2,returned
O511970,C100976,P2023,08/18/2023,1,completed
O511971,C100387,P2029,06/11/2023,3,completed
O511972,C100324,P2219,03/24/2023,5,completed
O511973,C100521,P2022,05/04/2023,5,completed
O511974,C100656,P2040,09/07/2023,1,completed
O511975,C100099,P2183,10/06/2023,2,completed
O511976,C101101,P2177,07/08/2023,3,completed
O511977,C100162,P2103,11/17/2023,4,completed
O511978,C100623,P2058,06/16/2023,4,completed
O511979,C101008,P2287,09/13/2023,1,completed
O511980,C100286,P2183,07/27/2023,2,completed
O511981,C100256,P2145,08/13/2023,4,completed
O511982,C100667,P2114,09/25/2023,5,completed
O511983,C101375,P2109,09/04/2023,1,completed
O511984,C100393,P2299,05/05/2023,5,completed
O511985,C100758,P2107,11/27/2023,2,completed
O511986,C100426,P2043,04/28/2023,5,cancelled
O511987,C101242,P2054,12/22/2023,3,returned
O511988,C100064,P2140,02/04/2023,5,completed
O511989,C100922,P2267,08/28/2023,3,completed
O511990,C101395,P2256,02/09/2023,3,cancelled
O511991,C100179,P2189,11/29/2023,5,completed
O511992,C100010,P2266,01/15/2023,4,completed
O511993,C100298,P2171,01/20/2023,3,completed
O511994,C100875,P2105,04/23/2023,2,cancelled
O511995,C100554,P2020,10/16/2023,5,completed
O511996,C100690,P2180,12/29/2023,5,completed
O511997,C100085,P2117,02/06/2023,5,completed
O511998,C100262,P2077,05/08/2023,1,cancelled
O511999,C100006,P2132,07/01/2023,2,completed
